SiteNo,SPOFQuestionId,AnswerValue,OriginalMarker,DetailedComments,SourceWorkbook,SourceSheet,SourceRowNumber,SourceColumnStart,SourceColumnEnd,ValidationStatus
ABE01,1.02,No,x,,Flex Asset EOL and Site Risk Evaluation Tool Ver 3.0 3.6.25.xlsx,Entry- Site SPOF Data,30,7,10,Valid
ATL01,1.02,No,X,,Flex Asset EOL and Site Risk Evaluation Tool Ver 3.0 3.6.25.xlsx,Entry- Site SPOF Data,30,11,14,Valid
ATL02,1.02,No,X,,Flex Asset EOL and Site Risk Evaluation Tool Ver 3.0 3.6.25.xlsx,Entry- Site SPOF Data,30,15,18,Valid
ATL03,1.02,No,x,,Flex Asset EOL and Site Risk Evaluation Tool Ver 3.0 3.6.25.xlsx,Entry- Site SPOF Data,30,19,22,Valid
ATL04,1.02,No,x,,Flex Asset EOL and Site Risk Evaluation Tool Ver 3.0 3.6.25.xlsx,Entry- Site SPOF Data,30,23,26,Valid
ATL05,1.02,Yes,X,,Flex Asset EOL and Site Risk Evaluation Tool Ver 3.0 3.6.25.xlsx,Entry- Site SPOF Data,30,27,30,Valid
CIN01,1.02,Yes,X,,Flex Asset EOL and Site Risk Evaluation Tool Ver 3.0 3.6.25.xlsx,Entry- Site SPOF Data,30,31,34,Valid
CIN02,1.02,Yes,X,,Flex Asset EOL and Site Risk Evaluation Tool Ver 3.0 3.6.25.xlsx,Entry- Site SPOF Data,30,35,38,Valid
CLT01,1.02,No,x,,Flex Asset EOL and Site Risk Evaluation Tool Ver 3.0 3.6.25.xlsx,Entry- Site SPOF Data,30,39,42,Valid
CLT02,1.02,Yes,x,,Flex Asset EOL and Site Risk Evaluation Tool Ver 3.0 3.6.25.xlsx,Entry- Site SPOF Data,30,43,46,Valid
CLT03,1.02,Yes,x,,Flex Asset EOL and Site Risk Evaluation Tool Ver 3.0 3.6.25.xlsx,Entry- Site SPOF Data,30,47,50,Valid
CLT04,1.02,No,x,,Flex Asset EOL and Site Risk Evaluation Tool Ver 3.0 3.6.25.xlsx,Entry- Site SPOF Data,30,51,54,Valid
CLT05,1.02,Yes,x,,Flex Asset EOL and Site Risk Evaluation Tool Ver 3.0 3.6.25.xlsx,Entry- Site SPOF Data,30,55,58,Valid
DAL01,1.02,Yes,X,,Flex Asset EOL and Site Risk Evaluation Tool Ver 3.0 3.6.25.xlsx,Entry- Site SPOF Data,30,59,62,Valid
DAL02,1.02,Yes,X,,Flex Asset EOL and Site Risk Evaluation Tool Ver 3.0 3.6.25.xlsx,Entry- Site SPOF Data,30,63,66,Valid
DAL03,1.02,Yes,X,,Flex Asset EOL and Site Risk Evaluation Tool Ver 3.0 3.6.25.xlsx,Entry- Site SPOF Data,30,67,70,Valid
DAL04,1.02,Yes,X,,Flex Asset EOL and Site Risk Evaluation Tool Ver 3.0 3.6.25.xlsx,Entry- Site SPOF Data,30,71,74,Valid
DAL05,1.02,Yes,X,,Flex Asset EOL and Site Risk Evaluation Tool Ver 3.0 3.6.25.xlsx,Entry- Site SPOF Data,30,75,78,Valid
DEN02,1.02,Yes,X,,Flex Asset EOL and Site Risk Evaluation Tool Ver 3.0 3.6.25.xlsx,Entry- Site SPOF Data,30,79,82,Valid
DEN03,1.02,Yes,X,,Flex Asset EOL and Site Risk Evaluation Tool Ver 3.0 3.6.25.xlsx,Entry- Site SPOF Data,30,83,86,Valid
DEN05.01,1.02,Yes,X,,Flex Asset EOL and Site Risk Evaluation Tool Ver 3.0 3.6.25.xlsx,Entry- Site SPOF Data,30,87,90,Valid
DEN05.02,1.02,Yes,X,,Flex Asset EOL and Site Risk Evaluation Tool Ver 3.0 3.6.25.xlsx,Entry- Site SPOF Data,30,91,94,Valid
DEN11,1.02,Yes,x,,Flex Asset EOL and Site Risk Evaluation Tool Ver 3.0 3.6.25.xlsx,Entry- Site SPOF Data,30,95,98,Valid
DFW01,1.02,Yes,X,,Flex Asset EOL and Site Risk Evaluation Tool Ver 3.0 3.6.25.xlsx,Entry- Site SPOF Data,30,99,102,Valid
FLL01,1.02,No,X,,Flex Asset EOL and Site Risk Evaluation Tool Ver 3.0 3.6.25.xlsx,Entry- Site SPOF Data,30,103,106,Valid
FLL02,1.02,No,X,,Flex Asset EOL and Site Risk Evaluation Tool Ver 3.0 3.6.25.xlsx,Entry- Site SPOF Data,30,107,110,Valid
JAX01,1.02,Yes,X,,Flex Asset EOL and Site Risk Evaluation Tool Ver 3.0 3.6.25.xlsx,Entry- Site SPOF Data,30,111,114,Valid
JAX02,1.02,Yes,X,,Flex Asset EOL and Site Risk Evaluation Tool Ver 3.0 3.6.25.xlsx,Entry- Site SPOF Data,30,115,118,Valid
LAS03,1.02,Yes,X,,Flex Asset EOL and Site Risk Evaluation Tool Ver 3.0 3.6.25.xlsx,Entry- Site SPOF Data,30,119,122,Valid
LAS04,1.02,Yes,X,,Flex Asset EOL and Site Risk Evaluation Tool Ver 3.0 3.6.25.xlsx,Entry- Site SPOF Data,30,123,126,Valid
LAS05,1.02,Yes,X,,Flex Asset EOL and Site Risk Evaluation Tool Ver 3.0 3.6.25.xlsx,Entry- Site SPOF Data,30,127,130,Valid
LOU02,1.02,Yes,X,,Flex Asset EOL and Site Risk Evaluation Tool Ver 3.0 3.6.25.xlsx,Entry- Site SPOF Data,30,131,134,Valid
LOU03,1.02,Yes,X,,Flex Asset EOL and Site Risk Evaluation Tool Ver 3.0 3.6.25.xlsx,Entry- Site SPOF Data,30,135,138,Valid
LOU04,1.02,Yes,X,,Flex Asset EOL and Site Risk Evaluation Tool Ver 3.0 3.6.25.xlsx,Entry- Site SPOF Data,30,139,142,Valid
LOU05,1.02,Yes,X,,Flex Asset EOL and Site Risk Evaluation Tool Ver 3.0 3.6.25.xlsx,Entry- Site SPOF Data,30,143,146,Valid
MSP01,1.02,Yes,X,,Flex Asset EOL and Site Risk Evaluation Tool Ver 3.0 3.6.25.xlsx,Entry- Site SPOF Data,30,147,150,Valid
NAS01,1.02,No,X,Single source,Flex Asset EOL and Site Risk Evaluation Tool Ver 3.0 3.6.25.xlsx,Entry- Site SPOF Data,30,151,154,Valid
NAS02,1.02,Yes,X,Single source,Flex Asset EOL and Site Risk Evaluation Tool Ver 3.0 3.6.25.xlsx,Entry- Site SPOF Data,30,155,158,Valid
NAS03,1.02,Yes,X,Single source,Flex Asset EOL and Site Risk Evaluation Tool Ver 3.0 3.6.25.xlsx,Entry- Site SPOF Data,30,159,162,Valid
NAS04,1.02,No,X,Single source,Flex Asset EOL and Site Risk Evaluation Tool Ver 3.0 3.6.25.xlsx,Entry- Site SPOF Data,30,163,166,Valid
NAS05,1.02,No,X,,Flex Asset EOL and Site Risk Evaluation Tool Ver 3.0 3.6.25.xlsx,Entry- Site SPOF Data,30,167,170,Valid
NAS06,1.02,No,X,,Flex Asset EOL and Site Risk Evaluation Tool Ver 3.0 3.6.25.xlsx,Entry- Site SPOF Data,30,171,174,Valid
PDX01.01,1.02,No,X,,Flex Asset EOL and Site Risk Evaluation Tool Ver 3.0 3.6.25.xlsx,Entry- Site SPOF Data,30,175,178,Valid
PDX01.02,1.02,No,X,,Flex Asset EOL and Site Risk Evaluation Tool Ver 3.0 3.6.25.xlsx,Entry- Site SPOF Data,30,179,182,Valid
PDX02,1.02,Yes,X,,Flex Asset EOL and Site Risk Evaluation Tool Ver 3.0 3.6.25.xlsx,Entry- Site SPOF Data,30,183,186,Valid
PDX03,1.02,Yes,X,,Flex Asset EOL and Site Risk Evaluation Tool Ver 3.0 3.6.25.xlsx,Entry- Site SPOF Data,30,187,190,Valid
PDX04,1.02,Yes,X,,Flex Asset EOL and Site Risk Evaluation Tool Ver 3.0 3.6.25.xlsx,Entry- Site SPOF Data,30,191,194,Valid
PHL01,1.02,Yes,X,,Flex Asset EOL and Site Risk Evaluation Tool Ver 3.0 3.6.25.xlsx,Entry- Site SPOF Data,30,195,198,Valid
PHX01,1.02,Yes,X,,Flex Asset EOL and Site Risk Evaluation Tool Ver 3.0 3.6.25.xlsx,Entry- Site SPOF Data,30,199,202,Valid
RAL01,1.02,No,X,,Flex Asset EOL and Site Risk Evaluation Tool Ver 3.0 3.6.25.xlsx,Entry- Site SPOF Data,30,203,206,Valid
RAL02,1.02,No,X,,Flex Asset EOL and Site Risk Evaluation Tool Ver 3.0 3.6.25.xlsx,Entry- Site SPOF Data,30,207,210,Valid
RAL03,1.02,No,X,,Flex Asset EOL and Site Risk Evaluation Tool Ver 3.0 3.6.25.xlsx,Entry- Site SPOF Data,30,211,214,Valid
RCH01,1.02,Yes,x,,Flex Asset EOL and Site Risk Evaluation Tool Ver 3.0 3.6.25.xlsx,Entry- Site SPOF Data,30,215,218,Valid
RIC01,1.02,Yes,x,,Flex Asset EOL and Site Risk Evaluation Tool Ver 3.0 3.6.25.xlsx,Entry- Site SPOF Data,30,219,222,Valid
RIC02,1.02,Yes,x,,Flex Asset EOL and Site Risk Evaluation Tool Ver 3.0 3.6.25.xlsx,Entry- Site SPOF Data,30,223,226,Valid
SLC03,1.02,No,X,,Flex Asset EOL and Site Risk Evaluation Tool Ver 3.0 3.6.25.xlsx,Entry- Site SPOF Data,30,227,230,Valid
SLC04.01,1.02,Yes,X,,Flex Asset EOL and Site Risk Evaluation Tool Ver 3.0 3.6.25.xlsx,Entry- Site SPOF Data,30,231,234,Valid
SLC04.02,1.02,Yes,X,,Flex Asset EOL and Site Risk Evaluation Tool Ver 3.0 3.6.25.xlsx,Entry- Site SPOF Data,30,235,238,Valid
SLC04.03,1.02,Yes,X,,Flex Asset EOL and Site Risk Evaluation Tool Ver 3.0 3.6.25.xlsx,Entry- Site SPOF Data,30,239,242,Valid
SLC07,1.02,Yes,X,,Flex Asset EOL and Site Risk Evaluation Tool Ver 3.0 3.6.25.xlsx,Entry- Site SPOF Data,30,243,246,Valid
SLC09,1.02,No,X,,Flex Asset EOL and Site Risk Evaluation Tool Ver 3.0 3.6.25.xlsx,Entry- Site SPOF Data,30,247,250,Valid
SLC10,1.02,No,X,,Flex Asset EOL and Site Risk Evaluation Tool Ver 3.0 3.6.25.xlsx,Entry- Site SPOF Data,30,251,254,Valid
TPA01,1.02,Yes,X,,Flex Asset EOL and Site Risk Evaluation Tool Ver 3.0 3.6.25.xlsx,Entry- Site SPOF Data,30,255,258,Valid
TPA02,1.02,Yes,X,,Flex Asset EOL and Site Risk Evaluation Tool Ver 3.0 3.6.25.xlsx,Entry- Site SPOF Data,30,259,262,Valid
TPA03,1.02,Yes,X,,Flex Asset EOL and Site Risk Evaluation Tool Ver 3.0 3.6.25.xlsx,Entry- Site SPOF Data,30,263,266,Valid
TPA04,1.02,Yes,X,,Flex Asset EOL and Site Risk Evaluation Tool Ver 3.0 3.6.25.xlsx,Entry- Site SPOF Data,30,267,270,Valid
ABE01,1.03,No,x,Single Charger,Flex Asset EOL and Site Risk Evaluation Tool Ver 3.0 3.6.25.xlsx,Entry- Site SPOF Data,31,7,10,Valid
ATL01,1.03,No,X,,Flex Asset EOL and Site Risk Evaluation Tool Ver 3.0 3.6.25.xlsx,Entry- Site SPOF Data,31,11,14,Valid
ATL02,1.03,No,X,,Flex Asset EOL and Site Risk Evaluation Tool Ver 3.0 3.6.25.xlsx,Entry- Site SPOF Data,31,15,18,Valid
ATL03,1.03,No,x,,Flex Asset EOL and Site Risk Evaluation Tool Ver 3.0 3.6.25.xlsx,Entry- Site SPOF Data,31,19,22,Valid
ATL04,1.03,Yes,x,,Flex Asset EOL and Site Risk Evaluation Tool Ver 3.0 3.6.25.xlsx,Entry- Site SPOF Data,31,23,26,Valid
ATL05,1.03,Yes,X,,Flex Asset EOL and Site Risk Evaluation Tool Ver 3.0 3.6.25.xlsx,Entry- Site SPOF Data,31,27,30,Valid
CIN01,1.03,No,X,,Flex Asset EOL and Site Risk Evaluation Tool Ver 3.0 3.6.25.xlsx,Entry- Site SPOF Data,31,31,34,Valid
CIN02,1.03,No,X,,Flex Asset EOL and Site Risk Evaluation Tool Ver 3.0 3.6.25.xlsx,Entry- Site SPOF Data,31,35,38,Valid
CLT01,1.03,No,x,,Flex Asset EOL and Site Risk Evaluation Tool Ver 3.0 3.6.25.xlsx,Entry- Site SPOF Data,31,39,42,Valid
CLT02,1.03,No,x,,Flex Asset EOL and Site Risk Evaluation Tool Ver 3.0 3.6.25.xlsx,Entry- Site SPOF Data,31,43,46,Valid
CLT03,1.03,No,x,,Flex Asset EOL and Site Risk Evaluation Tool Ver 3.0 3.6.25.xlsx,Entry- Site SPOF Data,31,47,50,Valid
CLT04,1.03,No,x,,Flex Asset EOL and Site Risk Evaluation Tool Ver 3.0 3.6.25.xlsx,Entry- Site SPOF Data,31,51,54,Valid
CLT05,1.03,No,x,,Flex Asset EOL and Site Risk Evaluation Tool Ver 3.0 3.6.25.xlsx,Entry- Site SPOF Data,31,55,58,Valid
DAL01,1.03,No,X,,Flex Asset EOL and Site Risk Evaluation Tool Ver 3.0 3.6.25.xlsx,Entry- Site SPOF Data,31,59,62,Valid
DAL02,1.03,No,X,,Flex Asset EOL and Site Risk Evaluation Tool Ver 3.0 3.6.25.xlsx,Entry- Site SPOF Data,31,63,66,Valid
DAL03,1.03,No,X,,Flex Asset EOL and Site Risk Evaluation Tool Ver 3.0 3.6.25.xlsx,Entry- Site SPOF Data,31,67,70,Valid
DAL04,1.03,No,X,,Flex Asset EOL and Site Risk Evaluation Tool Ver 3.0 3.6.25.xlsx,Entry- Site SPOF Data,31,71,74,Valid
DAL05,1.03,No,X,,Flex Asset EOL and Site Risk Evaluation Tool Ver 3.0 3.6.25.xlsx,Entry- Site SPOF Data,31,75,78,Valid
DEN02,1.03,No,X,,Flex Asset EOL and Site Risk Evaluation Tool Ver 3.0 3.6.25.xlsx,Entry- Site SPOF Data,31,79,82,Valid
DEN03,1.03,Yes,X,,Flex Asset EOL and Site Risk Evaluation Tool Ver 3.0 3.6.25.xlsx,Entry- Site SPOF Data,31,83,86,Valid
DEN05.01,1.03,No,X,,Flex Asset EOL and Site Risk Evaluation Tool Ver 3.0 3.6.25.xlsx,Entry- Site SPOF Data,31,87,90,Valid
DEN05.02,1.03,No,X,,Flex Asset EOL and Site Risk Evaluation Tool Ver 3.0 3.6.25.xlsx,Entry- Site SPOF Data,31,91,94,Valid
DEN11,1.03,Yes,x,,Flex Asset EOL and Site Risk Evaluation Tool Ver 3.0 3.6.25.xlsx,Entry- Site SPOF Data,31,95,98,Valid
DFW01,1.03,Yes,X,,Flex Asset EOL and Site Risk Evaluation Tool Ver 3.0 3.6.25.xlsx,Entry- Site SPOF Data,31,99,102,Valid
FLL01,1.03,No,X,,Flex Asset EOL and Site Risk Evaluation Tool Ver 3.0 3.6.25.xlsx,Entry- Site SPOF Data,31,103,106,Valid
FLL02,1.03,No,X,,Flex Asset EOL and Site Risk Evaluation Tool Ver 3.0 3.6.25.xlsx,Entry- Site SPOF Data,31,107,110,Valid
JAX01,1.03,No,X,,Flex Asset EOL and Site Risk Evaluation Tool Ver 3.0 3.6.25.xlsx,Entry- Site SPOF Data,31,111,114,Valid
JAX02,1.03,No,X,,Flex Asset EOL and Site Risk Evaluation Tool Ver 3.0 3.6.25.xlsx,Entry- Site SPOF Data,31,115,118,Valid
LAS03,1.03,No,X,,Flex Asset EOL and Site Risk Evaluation Tool Ver 3.0 3.6.25.xlsx,Entry- Site SPOF Data,31,119,122,Valid
LAS04,1.03,Yes,X,,Flex Asset EOL and Site Risk Evaluation Tool Ver 3.0 3.6.25.xlsx,Entry- Site SPOF Data,31,123,126,Valid
LAS05,1.03,No,X,,Flex Asset EOL and Site Risk Evaluation Tool Ver 3.0 3.6.25.xlsx,Entry- Site SPOF Data,31,127,130,Valid
LOU02,1.03,No,X,,Flex Asset EOL and Site Risk Evaluation Tool Ver 3.0 3.6.25.xlsx,Entry- Site SPOF Data,31,131,134,Valid
LOU03,1.03,No,X,,Flex Asset EOL and Site Risk Evaluation Tool Ver 3.0 3.6.25.xlsx,Entry- Site SPOF Data,31,135,138,Valid
LOU04,1.03,No,X,,Flex Asset EOL and Site Risk Evaluation Tool Ver 3.0 3.6.25.xlsx,Entry- Site SPOF Data,31,139,142,Valid
LOU05,1.03,No,X,,Flex Asset EOL and Site Risk Evaluation Tool Ver 3.0 3.6.25.xlsx,Entry- Site SPOF Data,31,143,146,Valid
MSP01,1.03,Yes,X,"Gens 2-5 have dual chargers, Gen 1 is single",Flex Asset EOL and Site Risk Evaluation Tool Ver 3.0 3.6.25.xlsx,Entry- Site SPOF Data,31,147,150,Valid
NAS01,1.03,No,X,Single charger,Flex Asset EOL and Site Risk Evaluation Tool Ver 3.0 3.6.25.xlsx,Entry- Site SPOF Data,31,151,154,Valid
NAS02,1.03,No,x,Single source,Flex Asset EOL and Site Risk Evaluation Tool Ver 3.0 3.6.25.xlsx,Entry- Site SPOF Data,31,155,158,Valid
NAS03,1.03,No,X,Single source,Flex Asset EOL and Site Risk Evaluation Tool Ver 3.0 3.6.25.xlsx,Entry- Site SPOF Data,31,159,162,Valid
NAS04,1.03,No,X,Single charger,Flex Asset EOL and Site Risk Evaluation Tool Ver 3.0 3.6.25.xlsx,Entry- Site SPOF Data,31,163,166,Valid
NAS05,1.03,No,X,,Flex Asset EOL and Site Risk Evaluation Tool Ver 3.0 3.6.25.xlsx,Entry- Site SPOF Data,31,167,170,Valid
NAS06,1.03,No,X,,Flex Asset EOL and Site Risk Evaluation Tool Ver 3.0 3.6.25.xlsx,Entry- Site SPOF Data,31,171,174,Valid
PDX01.01,1.03,No,X,,Flex Asset EOL and Site Risk Evaluation Tool Ver 3.0 3.6.25.xlsx,Entry- Site SPOF Data,31,175,178,Valid
PDX01.02,1.03,No,X,,Flex Asset EOL and Site Risk Evaluation Tool Ver 3.0 3.6.25.xlsx,Entry- Site SPOF Data,31,179,182,Valid
PDX02,1.03,Yes,X,,Flex Asset EOL and Site Risk Evaluation Tool Ver 3.0 3.6.25.xlsx,Entry- Site SPOF Data,31,183,186,Valid
PDX03,1.03,Yes,X,,Flex Asset EOL and Site Risk Evaluation Tool Ver 3.0 3.6.25.xlsx,Entry- Site SPOF Data,31,187,190,Valid
PDX04,1.03,Yes,X,,Flex Asset EOL and Site Risk Evaluation Tool Ver 3.0 3.6.25.xlsx,Entry- Site SPOF Data,31,191,194,Valid
PHL01,1.03,Yes,X,,Flex Asset EOL and Site Risk Evaluation Tool Ver 3.0 3.6.25.xlsx,Entry- Site SPOF Data,31,195,198,Valid
PHX01,1.03,Yes,X,,Flex Asset EOL and Site Risk Evaluation Tool Ver 3.0 3.6.25.xlsx,Entry- Site SPOF Data,31,199,202,Valid
RAL01,1.03,No,X,,Flex Asset EOL and Site Risk Evaluation Tool Ver 3.0 3.6.25.xlsx,Entry- Site SPOF Data,31,203,206,Valid
RAL02,1.03,No,X,,Flex Asset EOL and Site Risk Evaluation Tool Ver 3.0 3.6.25.xlsx,Entry- Site SPOF Data,31,207,210,Valid
RAL03,1.03,No,X,,Flex Asset EOL and Site Risk Evaluation Tool Ver 3.0 3.6.25.xlsx,Entry- Site SPOF Data,31,211,214,Valid
RCH01,1.03,Yes,x,,Flex Asset EOL and Site Risk Evaluation Tool Ver 3.0 3.6.25.xlsx,Entry- Site SPOF Data,31,215,218,Valid
RIC01,1.03,No,x,,Flex Asset EOL and Site Risk Evaluation Tool Ver 3.0 3.6.25.xlsx,Entry- Site SPOF Data,31,219,222,Valid
RIC02,1.03,No,x,,Flex Asset EOL and Site Risk Evaluation Tool Ver 3.0 3.6.25.xlsx,Entry- Site SPOF Data,31,223,226,Valid
SLC03,1.03,No,X,Single charger on Gen.,Flex Asset EOL and Site Risk Evaluation Tool Ver 3.0 3.6.25.xlsx,Entry- Site SPOF Data,31,227,230,Valid
SLC04.01,1.03,No,X,,Flex Asset EOL and Site Risk Evaluation Tool Ver 3.0 3.6.25.xlsx,Entry- Site SPOF Data,31,231,234,Valid
SLC04.02,1.03,No,X,Single charger per Gen. s,Flex Asset EOL and Site Risk Evaluation Tool Ver 3.0 3.6.25.xlsx,Entry- Site SPOF Data,31,235,238,Valid
SLC04.03,1.03,Yes,X,,Flex Asset EOL and Site Risk Evaluation Tool Ver 3.0 3.6.25.xlsx,Entry- Site SPOF Data,31,239,242,Valid
SLC07,1.03,Yes,X,,Flex Asset EOL and Site Risk Evaluation Tool Ver 3.0 3.6.25.xlsx,Entry- Site SPOF Data,31,243,246,Valid
SLC09,1.03,No,X,Single charger per Gen.,Flex Asset EOL and Site Risk Evaluation Tool Ver 3.0 3.6.25.xlsx,Entry- Site SPOF Data,31,247,250,Valid
SLC10,1.03,No,X,Single charger per Gen.,Flex Asset EOL and Site Risk Evaluation Tool Ver 3.0 3.6.25.xlsx,Entry- Site SPOF Data,31,251,254,Valid
TPA01,1.03,Yes,X,,Flex Asset EOL and Site Risk Evaluation Tool Ver 3.0 3.6.25.xlsx,Entry- Site SPOF Data,31,255,258,Valid
TPA02,1.03,Yes,X,,Flex Asset EOL and Site Risk Evaluation Tool Ver 3.0 3.6.25.xlsx,Entry- Site SPOF Data,31,259,262,Valid
TPA03,1.03,Yes|No,X|X,"TPA03 gens have dual chargers, TPA04 gens have a single charger",Flex Asset EOL and Site Risk Evaluation Tool Ver 3.0 3.6.25.xlsx,Entry- Site SPOF Data,31,263,266,MultipleAnswers
TPA04,1.03,No,X,"TPA03 gens have dual chargers, TPA04 gens have a single charger",Flex Asset EOL and Site Risk Evaluation Tool Ver 3.0 3.6.25.xlsx,Entry- Site SPOF Data,31,267,270,Valid
ABE01,1.04,No,x,,Flex Asset EOL and Site Risk Evaluation Tool Ver 3.0 3.6.25.xlsx,Entry- Site SPOF Data,32,7,10,Valid
ATL01,1.04,N/A,X,,Flex Asset EOL and Site Risk Evaluation Tool Ver 3.0 3.6.25.xlsx,Entry- Site SPOF Data,32,11,14,Valid
ATL02,1.04,N/A,X,,Flex Asset EOL and Site Risk Evaluation Tool Ver 3.0 3.6.25.xlsx,Entry- Site SPOF Data,32,15,18,Valid
ATL03,1.04,N/A,x,,Flex Asset EOL and Site Risk Evaluation Tool Ver 3.0 3.6.25.xlsx,Entry- Site SPOF Data,32,19,22,Valid
ATL04,1.04,Yes,x,,Flex Asset EOL and Site Risk Evaluation Tool Ver 3.0 3.6.25.xlsx,Entry- Site SPOF Data,32,23,26,Valid
ATL05,1.04,No,X,,Flex Asset EOL and Site Risk Evaluation Tool Ver 3.0 3.6.25.xlsx,Entry- Site SPOF Data,32,27,30,Valid
CIN01,1.04,Yes,X,,Flex Asset EOL and Site Risk Evaluation Tool Ver 3.0 3.6.25.xlsx,Entry- Site SPOF Data,32,31,34,Valid
CIN02,1.04,Yes,X,,Flex Asset EOL and Site Risk Evaluation Tool Ver 3.0 3.6.25.xlsx,Entry- Site SPOF Data,32,35,38,Valid
CLT01,1.04,No,x,,Flex Asset EOL and Site Risk Evaluation Tool Ver 3.0 3.6.25.xlsx,Entry- Site SPOF Data,32,39,42,Valid
CLT02,1.04,No,x,,Flex Asset EOL and Site Risk Evaluation Tool Ver 3.0 3.6.25.xlsx,Entry- Site SPOF Data,32,43,46,Valid
CLT03,1.04,No,x,,Flex Asset EOL and Site Risk Evaluation Tool Ver 3.0 3.6.25.xlsx,Entry- Site SPOF Data,32,47,50,Valid
CLT04,1.04,No,x,,Flex Asset EOL and Site Risk Evaluation Tool Ver 3.0 3.6.25.xlsx,Entry- Site SPOF Data,32,51,54,Valid
CLT05,1.04,Yes,x,GEN A is powered from A switchboard and Gen B is powered from B switchboard. A and B switchboards are powered from different substations.,Flex Asset EOL and Site Risk Evaluation Tool Ver 3.0 3.6.25.xlsx,Entry- Site SPOF Data,32,55,58,Valid
DAL01,1.04,No,X,,Flex Asset EOL and Site Risk Evaluation Tool Ver 3.0 3.6.25.xlsx,Entry- Site SPOF Data,32,59,62,Valid
DAL02,1.04,No,X,,Flex Asset EOL and Site Risk Evaluation Tool Ver 3.0 3.6.25.xlsx,Entry- Site SPOF Data,32,63,66,Valid
DAL03,1.04,No,X,,Flex Asset EOL and Site Risk Evaluation Tool Ver 3.0 3.6.25.xlsx,Entry- Site SPOF Data,32,67,70,Valid
DAL04,1.04,No,X,,Flex Asset EOL and Site Risk Evaluation Tool Ver 3.0 3.6.25.xlsx,Entry- Site SPOF Data,32,71,74,Valid
DAL05,1.04,No,X,,Flex Asset EOL and Site Risk Evaluation Tool Ver 3.0 3.6.25.xlsx,Entry- Site SPOF Data,32,75,78,Valid
DEN02,1.04,No,X,,Flex Asset EOL and Site Risk Evaluation Tool Ver 3.0 3.6.25.xlsx,Entry- Site SPOF Data,32,79,82,Valid
DEN03,1.04,Yes,X,,Flex Asset EOL and Site Risk Evaluation Tool Ver 3.0 3.6.25.xlsx,Entry- Site SPOF Data,32,83,86,Valid
DEN05.01,1.04,No,X,,Flex Asset EOL and Site Risk Evaluation Tool Ver 3.0 3.6.25.xlsx,Entry- Site SPOF Data,32,87,90,Valid
DEN05.02,1.04,No,X,,Flex Asset EOL and Site Risk Evaluation Tool Ver 3.0 3.6.25.xlsx,Entry- Site SPOF Data,32,91,94,Valid
DEN11,1.04,Blank,,,Flex Asset EOL and Site Risk Evaluation Tool Ver 3.0 3.6.25.xlsx,Entry- Site SPOF Data,32,95,98,Blank
DFW01,1.04,No,X,,Flex Asset EOL and Site Risk Evaluation Tool Ver 3.0 3.6.25.xlsx,Entry- Site SPOF Data,32,99,102,Valid
FLL01,1.04,No,X,,Flex Asset EOL and Site Risk Evaluation Tool Ver 3.0 3.6.25.xlsx,Entry- Site SPOF Data,32,103,106,Valid
FLL02,1.04,No,X,,Flex Asset EOL and Site Risk Evaluation Tool Ver 3.0 3.6.25.xlsx,Entry- Site SPOF Data,32,107,110,Valid
JAX01,1.04,No,X,,Flex Asset EOL and Site Risk Evaluation Tool Ver 3.0 3.6.25.xlsx,Entry- Site SPOF Data,32,111,114,Valid
JAX02,1.04,No,X,,Flex Asset EOL and Site Risk Evaluation Tool Ver 3.0 3.6.25.xlsx,Entry- Site SPOF Data,32,115,118,Valid
LAS03,1.04,No,X,,Flex Asset EOL and Site Risk Evaluation Tool Ver 3.0 3.6.25.xlsx,Entry- Site SPOF Data,32,119,122,Valid
LAS04,1.04,No,X,,Flex Asset EOL and Site Risk Evaluation Tool Ver 3.0 3.6.25.xlsx,Entry- Site SPOF Data,32,123,126,Valid
LAS05,1.04,No,X,,Flex Asset EOL and Site Risk Evaluation Tool Ver 3.0 3.6.25.xlsx,Entry- Site SPOF Data,32,127,130,Valid
LOU02,1.04,Yes,X,,Flex Asset EOL and Site Risk Evaluation Tool Ver 3.0 3.6.25.xlsx,Entry- Site SPOF Data,32,131,134,Valid
LOU03,1.04,Yes,X,,Flex Asset EOL and Site Risk Evaluation Tool Ver 3.0 3.6.25.xlsx,Entry- Site SPOF Data,32,135,138,Valid
LOU04,1.04,Yes,X,,Flex Asset EOL and Site Risk Evaluation Tool Ver 3.0 3.6.25.xlsx,Entry- Site SPOF Data,32,139,142,Valid
LOU05,1.04,Yes,X,,Flex Asset EOL and Site Risk Evaluation Tool Ver 3.0 3.6.25.xlsx,Entry- Site SPOF Data,32,143,146,Valid
MSP01,1.04,Yes,X,,Flex Asset EOL and Site Risk Evaluation Tool Ver 3.0 3.6.25.xlsx,Entry- Site SPOF Data,32,147,150,Valid
NAS01,1.04,No,X,Single source,Flex Asset EOL and Site Risk Evaluation Tool Ver 3.0 3.6.25.xlsx,Entry- Site SPOF Data,32,151,154,Valid
NAS02,1.04,No,x,Single source,Flex Asset EOL and Site Risk Evaluation Tool Ver 3.0 3.6.25.xlsx,Entry- Site SPOF Data,32,155,158,Valid
NAS03,1.04,No,X,Single source,Flex Asset EOL and Site Risk Evaluation Tool Ver 3.0 3.6.25.xlsx,Entry- Site SPOF Data,32,159,162,Valid
NAS04,1.04,No,X,Single source,Flex Asset EOL and Site Risk Evaluation Tool Ver 3.0 3.6.25.xlsx,Entry- Site SPOF Data,32,163,166,Valid
NAS05,1.04,No,X,,Flex Asset EOL and Site Risk Evaluation Tool Ver 3.0 3.6.25.xlsx,Entry- Site SPOF Data,32,167,170,Valid
NAS06,1.04,No,X,,Flex Asset EOL and Site Risk Evaluation Tool Ver 3.0 3.6.25.xlsx,Entry- Site SPOF Data,32,171,174,Valid
PDX01.01,1.04,No,X,,Flex Asset EOL and Site Risk Evaluation Tool Ver 3.0 3.6.25.xlsx,Entry- Site SPOF Data,32,175,178,Valid
PDX01.02,1.04,No,X,,Flex Asset EOL and Site Risk Evaluation Tool Ver 3.0 3.6.25.xlsx,Entry- Site SPOF Data,32,179,182,Valid
PDX02,1.04,Yes,X,,Flex Asset EOL and Site Risk Evaluation Tool Ver 3.0 3.6.25.xlsx,Entry- Site SPOF Data,32,183,186,Valid
PDX03,1.04,Yes,X,,Flex Asset EOL and Site Risk Evaluation Tool Ver 3.0 3.6.25.xlsx,Entry- Site SPOF Data,32,187,190,Valid
PDX04,1.04,Yes,X,,Flex Asset EOL and Site Risk Evaluation Tool Ver 3.0 3.6.25.xlsx,Entry- Site SPOF Data,32,191,194,Valid
PHL01,1.04,No,X,,Flex Asset EOL and Site Risk Evaluation Tool Ver 3.0 3.6.25.xlsx,Entry- Site SPOF Data,32,195,198,Valid
PHX01,1.04,Yes,X,,Flex Asset EOL and Site Risk Evaluation Tool Ver 3.0 3.6.25.xlsx,Entry- Site SPOF Data,32,199,202,Valid
RAL01,1.04,No,X,,Flex Asset EOL and Site Risk Evaluation Tool Ver 3.0 3.6.25.xlsx,Entry- Site SPOF Data,32,203,206,Valid
RAL02,1.04,No,X,,Flex Asset EOL and Site Risk Evaluation Tool Ver 3.0 3.6.25.xlsx,Entry- Site SPOF Data,32,207,210,Valid
RAL03,1.04,No,X,,Flex Asset EOL and Site Risk Evaluation Tool Ver 3.0 3.6.25.xlsx,Entry- Site SPOF Data,32,211,214,Valid
RCH01,1.04,No,X,,Flex Asset EOL and Site Risk Evaluation Tool Ver 3.0 3.6.25.xlsx,Entry- Site SPOF Data,32,215,218,Valid
RIC01,1.04,Yes,x,,Flex Asset EOL and Site Risk Evaluation Tool Ver 3.0 3.6.25.xlsx,Entry- Site SPOF Data,32,219,222,Valid
RIC02,1.04,Yes,x,,Flex Asset EOL and Site Risk Evaluation Tool Ver 3.0 3.6.25.xlsx,Entry- Site SPOF Data,32,223,226,Valid
SLC03,1.04,No,X,"Single panel for gen, the controllers do have a tap off of the gen battery bank. The shore power panel is fed from downstream of the ATS but not directly.",Flex Asset EOL and Site Risk Evaluation Tool Ver 3.0 3.6.25.xlsx,Entry- Site SPOF Data,32,227,230,Valid
SLC04.01,1.04,No,X,"Single panel for all gens, the controllers do have a tap off of the gen battery bank. The shore power panel is fed from downstream of the ATS but not directly.",Flex Asset EOL and Site Risk Evaluation Tool Ver 3.0 3.6.25.xlsx,Entry- Site SPOF Data,32,231,234,Valid
SLC04.02,1.04,No,X,"Single panel for all gens, the controllers do have a tap off of the gen battery bank. The shore power panel is fed from downstream of the ATS but not directly.",Flex Asset EOL and Site Risk Evaluation Tool Ver 3.0 3.6.25.xlsx,Entry- Site SPOF Data,32,235,238,Valid
SLC04.03,1.04,No,X,"Single panel for all gens, the controllers do have a tap off of the gen battery bank. The shore power panel is fed from downstream of the ATS but not directly.",Flex Asset EOL and Site Risk Evaluation Tool Ver 3.0 3.6.25.xlsx,Entry- Site SPOF Data,32,239,242,Valid
SLC07,1.04,No,X,"Single panel for generator, the controllers do have a tap off of the gen battery bank. The shore power panel is fed from downstream of the ATS but not directly.",Flex Asset EOL and Site Risk Evaluation Tool Ver 3.0 3.6.25.xlsx,Entry- Site SPOF Data,32,243,246,Valid
SLC09,1.04,No,X,"Single panel for all gens, the controllers do have a tap off of the gen battery bank. The shore power panel is fed from downstream of the ATS.",Flex Asset EOL and Site Risk Evaluation Tool Ver 3.0 3.6.25.xlsx,Entry- Site SPOF Data,32,247,250,Valid
SLC10,1.04,No,X,"Single panel for all gens, the controllers do have a tap off of the gen battery bank. The shore power panel is fed from downstream of the ATS.",Flex Asset EOL and Site Risk Evaluation Tool Ver 3.0 3.6.25.xlsx,Entry- Site SPOF Data,32,251,254,Valid
TPA01,1.04,Yes,X,,Flex Asset EOL and Site Risk Evaluation Tool Ver 3.0 3.6.25.xlsx,Entry- Site SPOF Data,32,255,258,Valid
TPA02,1.04,Yes,X,,Flex Asset EOL and Site Risk Evaluation Tool Ver 3.0 3.6.25.xlsx,Entry- Site SPOF Data,32,259,262,Valid
TPA03,1.04,Yes,X,,Flex Asset EOL and Site Risk Evaluation Tool Ver 3.0 3.6.25.xlsx,Entry- Site SPOF Data,32,263,266,Valid
TPA04,1.04,Yes,X,,Flex Asset EOL and Site Risk Evaluation Tool Ver 3.0 3.6.25.xlsx,Entry- Site SPOF Data,32,267,270,Valid
ABE01,1.05,No,x,Single fed ATS,Flex Asset EOL and Site Risk Evaluation Tool Ver 3.0 3.6.25.xlsx,Entry- Site SPOF Data,33,7,10,Valid
ATL01,1.05,Yes,X,,Flex Asset EOL and Site Risk Evaluation Tool Ver 3.0 3.6.25.xlsx,Entry- Site SPOF Data,33,11,14,Valid
ATL02,1.05,Yes,X,,Flex Asset EOL and Site Risk Evaluation Tool Ver 3.0 3.6.25.xlsx,Entry- Site SPOF Data,33,15,18,Valid
ATL03,1.05,Yes,x,,Flex Asset EOL and Site Risk Evaluation Tool Ver 3.0 3.6.25.xlsx,Entry- Site SPOF Data,33,19,22,Valid
ATL04,1.05,Yes,x,,Flex Asset EOL and Site Risk Evaluation Tool Ver 3.0 3.6.25.xlsx,Entry- Site SPOF Data,33,23,26,Valid
ATL05,1.05,No,X,,Flex Asset EOL and Site Risk Evaluation Tool Ver 3.0 3.6.25.xlsx,Entry- Site SPOF Data,33,27,30,Valid
CIN01,1.05,Yes,X,,Flex Asset EOL and Site Risk Evaluation Tool Ver 3.0 3.6.25.xlsx,Entry- Site SPOF Data,33,31,34,Valid
CIN02,1.05,Yes,X,,Flex Asset EOL and Site Risk Evaluation Tool Ver 3.0 3.6.25.xlsx,Entry- Site SPOF Data,33,35,38,Valid
CLT01,1.05,No,x,,Flex Asset EOL and Site Risk Evaluation Tool Ver 3.0 3.6.25.xlsx,Entry- Site SPOF Data,33,39,42,Valid
CLT02,1.05,No,x,,Flex Asset EOL and Site Risk Evaluation Tool Ver 3.0 3.6.25.xlsx,Entry- Site SPOF Data,33,43,46,Valid
CLT03,1.05,No,x,,Flex Asset EOL and Site Risk Evaluation Tool Ver 3.0 3.6.25.xlsx,Entry- Site SPOF Data,33,47,50,Valid
CLT04,1.05,No,x,,Flex Asset EOL and Site Risk Evaluation Tool Ver 3.0 3.6.25.xlsx,Entry- Site SPOF Data,33,51,54,Valid
CLT05,1.05,Yes,x,,Flex Asset EOL and Site Risk Evaluation Tool Ver 3.0 3.6.25.xlsx,Entry- Site SPOF Data,33,55,58,Valid
DAL01,1.05,Yes,X,,Flex Asset EOL and Site Risk Evaluation Tool Ver 3.0 3.6.25.xlsx,Entry- Site SPOF Data,33,59,62,Valid
DAL02,1.05,Yes,X,,Flex Asset EOL and Site Risk Evaluation Tool Ver 3.0 3.6.25.xlsx,Entry- Site SPOF Data,33,63,66,Valid
DAL03,1.05,Yes,X,,Flex Asset EOL and Site Risk Evaluation Tool Ver 3.0 3.6.25.xlsx,Entry- Site SPOF Data,33,67,70,Valid
DAL04,1.05,Yes,X,,Flex Asset EOL and Site Risk Evaluation Tool Ver 3.0 3.6.25.xlsx,Entry- Site SPOF Data,33,71,74,Valid
DAL05,1.05,Yes,X,,Flex Asset EOL and Site Risk Evaluation Tool Ver 3.0 3.6.25.xlsx,Entry- Site SPOF Data,33,75,78,Valid
DEN02,1.05,Yes,X,,Flex Asset EOL and Site Risk Evaluation Tool Ver 3.0 3.6.25.xlsx,Entry- Site SPOF Data,33,79,82,Valid
DEN03,1.05,Yes,X,,Flex Asset EOL and Site Risk Evaluation Tool Ver 3.0 3.6.25.xlsx,Entry- Site SPOF Data,33,83,86,Valid
DEN05.01,1.05,Yes,X,,Flex Asset EOL and Site Risk Evaluation Tool Ver 3.0 3.6.25.xlsx,Entry- Site SPOF Data,33,87,90,Valid
DEN05.02,1.05,Yes,X,,Flex Asset EOL and Site Risk Evaluation Tool Ver 3.0 3.6.25.xlsx,Entry- Site SPOF Data,33,91,94,Valid
DEN11,1.05,Yes|No,x|x,Site is currently limited by utility. Most mechanical ATS are in manual,Flex Asset EOL and Site Risk Evaluation Tool Ver 3.0 3.6.25.xlsx,Entry- Site SPOF Data,33,95,98,MultipleAnswers
DFW01,1.05,No,X,,Flex Asset EOL and Site Risk Evaluation Tool Ver 3.0 3.6.25.xlsx,Entry- Site SPOF Data,33,99,102,Valid
FLL01,1.05,Yes,X,,Flex Asset EOL and Site Risk Evaluation Tool Ver 3.0 3.6.25.xlsx,Entry- Site SPOF Data,33,103,106,Valid
FLL02,1.05,Yes,X,,Flex Asset EOL and Site Risk Evaluation Tool Ver 3.0 3.6.25.xlsx,Entry- Site SPOF Data,33,107,110,Valid
JAX01,1.05,No,X,,Flex Asset EOL and Site Risk Evaluation Tool Ver 3.0 3.6.25.xlsx,Entry- Site SPOF Data,33,111,114,Valid
JAX02,1.05,Yes,X,,Flex Asset EOL and Site Risk Evaluation Tool Ver 3.0 3.6.25.xlsx,Entry- Site SPOF Data,33,115,118,Valid
LAS03,1.05,Yes,X,Utility or generator to support facility,Flex Asset EOL and Site Risk Evaluation Tool Ver 3.0 3.6.25.xlsx,Entry- Site SPOF Data,33,119,122,Valid
LAS04,1.05,Yes,X,,Flex Asset EOL and Site Risk Evaluation Tool Ver 3.0 3.6.25.xlsx,Entry- Site SPOF Data,33,123,126,Valid
LAS05,1.05,Yes,X,Utility or generator to support facility,Flex Asset EOL and Site Risk Evaluation Tool Ver 3.0 3.6.25.xlsx,Entry- Site SPOF Data,33,127,130,Valid
LOU02,1.05,Yes,X,,Flex Asset EOL and Site Risk Evaluation Tool Ver 3.0 3.6.25.xlsx,Entry- Site SPOF Data,33,131,134,Valid
LOU03,1.05,Yes,X,,Flex Asset EOL and Site Risk Evaluation Tool Ver 3.0 3.6.25.xlsx,Entry- Site SPOF Data,33,135,138,Valid
LOU04,1.05,Yes,X,,Flex Asset EOL and Site Risk Evaluation Tool Ver 3.0 3.6.25.xlsx,Entry- Site SPOF Data,33,139,142,Valid
LOU05,1.05,Yes,X,,Flex Asset EOL and Site Risk Evaluation Tool Ver 3.0 3.6.25.xlsx,Entry- Site SPOF Data,33,143,146,Valid
MSP01,1.05,Yes,X,,Flex Asset EOL and Site Risk Evaluation Tool Ver 3.0 3.6.25.xlsx,Entry- Site SPOF Data,33,147,150,Valid
NAS01,1.05,No,X,Single ATS,Flex Asset EOL and Site Risk Evaluation Tool Ver 3.0 3.6.25.xlsx,Entry- Site SPOF Data,33,151,154,Valid
NAS02,1.05,Yes,x,Single ATS provides redundency to building,Flex Asset EOL and Site Risk Evaluation Tool Ver 3.0 3.6.25.xlsx,Entry- Site SPOF Data,33,155,158,Valid
NAS03,1.05,Yes,X,Single ATS provides redundency to building,Flex Asset EOL and Site Risk Evaluation Tool Ver 3.0 3.6.25.xlsx,Entry- Site SPOF Data,33,159,162,Valid
NAS04,1.05,No,X,Single ATS,Flex Asset EOL and Site Risk Evaluation Tool Ver 3.0 3.6.25.xlsx,Entry- Site SPOF Data,33,163,166,Valid
NAS05,1.05,No,X,,Flex Asset EOL and Site Risk Evaluation Tool Ver 3.0 3.6.25.xlsx,Entry- Site SPOF Data,33,167,170,Valid
NAS06,1.05,No,X,,Flex Asset EOL and Site Risk Evaluation Tool Ver 3.0 3.6.25.xlsx,Entry- Site SPOF Data,33,171,174,Valid
PDX01.01,1.05,Yes,X,,Flex Asset EOL and Site Risk Evaluation Tool Ver 3.0 3.6.25.xlsx,Entry- Site SPOF Data,33,175,178,Valid
PDX01.02,1.05,Yes,X,,Flex Asset EOL and Site Risk Evaluation Tool Ver 3.0 3.6.25.xlsx,Entry- Site SPOF Data,33,179,182,Valid
PDX02,1.05,Yes,X,,Flex Asset EOL and Site Risk Evaluation Tool Ver 3.0 3.6.25.xlsx,Entry- Site SPOF Data,33,183,186,Valid
PDX03,1.05,N/A,X,Generators supply a common bus.,Flex Asset EOL and Site Risk Evaluation Tool Ver 3.0 3.6.25.xlsx,Entry- Site SPOF Data,33,187,190,Valid
PDX04,1.05,Yes,X,5/4 design,Flex Asset EOL and Site Risk Evaluation Tool Ver 3.0 3.6.25.xlsx,Entry- Site SPOF Data,33,191,194,Valid
PHL01,1.05,Yes,X,,Flex Asset EOL and Site Risk Evaluation Tool Ver 3.0 3.6.25.xlsx,Entry- Site SPOF Data,33,195,198,Valid
PHX01,1.05,Yes,X,,Flex Asset EOL and Site Risk Evaluation Tool Ver 3.0 3.6.25.xlsx,Entry- Site SPOF Data,33,199,202,Valid
RAL01,1.05,No,X,,Flex Asset EOL and Site Risk Evaluation Tool Ver 3.0 3.6.25.xlsx,Entry- Site SPOF Data,33,203,206,Valid
RAL02,1.05,No,X,,Flex Asset EOL and Site Risk Evaluation Tool Ver 3.0 3.6.25.xlsx,Entry- Site SPOF Data,33,207,210,Valid
RAL03,1.05,No,X,,Flex Asset EOL and Site Risk Evaluation Tool Ver 3.0 3.6.25.xlsx,Entry- Site SPOF Data,33,211,214,Valid
RCH01,1.05,N/A,x,,Flex Asset EOL and Site Risk Evaluation Tool Ver 3.0 3.6.25.xlsx,Entry- Site SPOF Data,33,215,218,Valid
RIC01,1.05,Yes,x,,Flex Asset EOL and Site Risk Evaluation Tool Ver 3.0 3.6.25.xlsx,Entry- Site SPOF Data,33,219,222,Valid
RIC02,1.05,Yes,x,,Flex Asset EOL and Site Risk Evaluation Tool Ver 3.0 3.6.25.xlsx,Entry- Site SPOF Data,33,223,226,Valid
SLC03,1.05,No,X,,Flex Asset EOL and Site Risk Evaluation Tool Ver 3.0 3.6.25.xlsx,Entry- Site SPOF Data,33,227,230,Valid
SLC04.01,1.05,Yes,X,ATS switches between normal and emergency sources,Flex Asset EOL and Site Risk Evaluation Tool Ver 3.0 3.6.25.xlsx,Entry- Site SPOF Data,33,231,234,Valid
SLC04.02,1.05,Yes,X,ATS switches between normal and emergency sources,Flex Asset EOL and Site Risk Evaluation Tool Ver 3.0 3.6.25.xlsx,Entry- Site SPOF Data,33,235,238,Valid
SLC04.03,1.05,Yes,X,ATS switches between normal and emergency sources,Flex Asset EOL and Site Risk Evaluation Tool Ver 3.0 3.6.25.xlsx,Entry- Site SPOF Data,33,239,242,Valid
SLC07,1.05,Yes,X,ATS switches between normal and emergency sources,Flex Asset EOL and Site Risk Evaluation Tool Ver 3.0 3.6.25.xlsx,Entry- Site SPOF Data,33,243,246,Valid
SLC09,1.05,No,X,,Flex Asset EOL and Site Risk Evaluation Tool Ver 3.0 3.6.25.xlsx,Entry- Site SPOF Data,33,247,250,Valid
SLC10,1.05,No,X,,Flex Asset EOL and Site Risk Evaluation Tool Ver 3.0 3.6.25.xlsx,Entry- Site SPOF Data,33,251,254,Valid
TPA01,1.05,Yes,X,,Flex Asset EOL and Site Risk Evaluation Tool Ver 3.0 3.6.25.xlsx,Entry- Site SPOF Data,33,255,258,Valid
TPA02,1.05,Yes,X,,Flex Asset EOL and Site Risk Evaluation Tool Ver 3.0 3.6.25.xlsx,Entry- Site SPOF Data,33,259,262,Valid
TPA03,1.05,Yes,X,,Flex Asset EOL and Site Risk Evaluation Tool Ver 3.0 3.6.25.xlsx,Entry- Site SPOF Data,33,263,266,Valid
TPA04,1.05,Yes,X,,Flex Asset EOL and Site Risk Evaluation Tool Ver 3.0 3.6.25.xlsx,Entry- Site SPOF Data,33,267,270,Valid
ABE01,1.06,Yes,x,,Flex Asset EOL and Site Risk Evaluation Tool Ver 3.0 3.6.25.xlsx,Entry- Site SPOF Data,34,7,10,Valid
ATL01,1.06,N/A,X,,Flex Asset EOL and Site Risk Evaluation Tool Ver 3.0 3.6.25.xlsx,Entry- Site SPOF Data,34,11,14,Valid
ATL02,1.06,N/A,X,,Flex Asset EOL and Site Risk Evaluation Tool Ver 3.0 3.6.25.xlsx,Entry- Site SPOF Data,34,15,18,Valid
ATL03,1.06,No,x,,Flex Asset EOL and Site Risk Evaluation Tool Ver 3.0 3.6.25.xlsx,Entry- Site SPOF Data,34,19,22,Valid
ATL04,1.06,No,x,,Flex Asset EOL and Site Risk Evaluation Tool Ver 3.0 3.6.25.xlsx,Entry- Site SPOF Data,34,23,26,Valid
ATL05,1.06,Yes,X,,Flex Asset EOL and Site Risk Evaluation Tool Ver 3.0 3.6.25.xlsx,Entry- Site SPOF Data,34,27,30,Valid
CIN01,1.06,No,X,Fixed vents no automatic dampers,Flex Asset EOL and Site Risk Evaluation Tool Ver 3.0 3.6.25.xlsx,Entry- Site SPOF Data,34,31,34,Valid
CIN02,1.06,No,X,Fixed vents no automatic dampers,Flex Asset EOL and Site Risk Evaluation Tool Ver 3.0 3.6.25.xlsx,Entry- Site SPOF Data,34,35,38,Valid
CLT01,1.06,No,x,Dampers are not on these units,Flex Asset EOL and Site Risk Evaluation Tool Ver 3.0 3.6.25.xlsx,Entry- Site SPOF Data,34,39,42,Valid
CLT02,1.06,Yes,x,,Flex Asset EOL and Site Risk Evaluation Tool Ver 3.0 3.6.25.xlsx,Entry- Site SPOF Data,34,43,46,Valid
CLT03,1.06,Yes,x,,Flex Asset EOL and Site Risk Evaluation Tool Ver 3.0 3.6.25.xlsx,Entry- Site SPOF Data,34,47,50,Valid
CLT04,1.06,No,x,No dampers.,Flex Asset EOL and Site Risk Evaluation Tool Ver 3.0 3.6.25.xlsx,Entry- Site SPOF Data,34,51,54,Valid
CLT05,1.06,Yes,x,No dampers,Flex Asset EOL and Site Risk Evaluation Tool Ver 3.0 3.6.25.xlsx,Entry- Site SPOF Data,34,55,58,Valid
DAL01,1.06,No,X,,Flex Asset EOL and Site Risk Evaluation Tool Ver 3.0 3.6.25.xlsx,Entry- Site SPOF Data,34,59,62,Valid
DAL02,1.06,No,X,,Flex Asset EOL and Site Risk Evaluation Tool Ver 3.0 3.6.25.xlsx,Entry- Site SPOF Data,34,63,66,Valid
DAL03,1.06,Yes,X,,Flex Asset EOL and Site Risk Evaluation Tool Ver 3.0 3.6.25.xlsx,Entry- Site SPOF Data,34,67,70,Valid
DAL04,1.06,No,X,,Flex Asset EOL and Site Risk Evaluation Tool Ver 3.0 3.6.25.xlsx,Entry- Site SPOF Data,34,71,74,Valid
DAL05,1.06,Yes,X,,Flex Asset EOL and Site Risk Evaluation Tool Ver 3.0 3.6.25.xlsx,Entry- Site SPOF Data,34,75,78,Valid
DEN02,1.06,Yes,X,,Flex Asset EOL and Site Risk Evaluation Tool Ver 3.0 3.6.25.xlsx,Entry- Site SPOF Data,34,79,82,Valid
DEN03,1.06,Yes,X,,Flex Asset EOL and Site Risk Evaluation Tool Ver 3.0 3.6.25.xlsx,Entry- Site SPOF Data,34,83,86,Valid
DEN05.01,1.06,Yes,X,,Flex Asset EOL and Site Risk Evaluation Tool Ver 3.0 3.6.25.xlsx,Entry- Site SPOF Data,34,87,90,Valid
DEN05.02,1.06,Yes,X,,Flex Asset EOL and Site Risk Evaluation Tool Ver 3.0 3.6.25.xlsx,Entry- Site SPOF Data,34,91,94,Valid
DEN11,1.06,Yes,x,,Flex Asset EOL and Site Risk Evaluation Tool Ver 3.0 3.6.25.xlsx,Entry- Site SPOF Data,34,95,98,Valid
DFW01,1.06,Yes,X,1-4 Yes 5-9 NO,Flex Asset EOL and Site Risk Evaluation Tool Ver 3.0 3.6.25.xlsx,Entry- Site SPOF Data,34,99,102,Valid
FLL01,1.06,Yes,X,,Flex Asset EOL and Site Risk Evaluation Tool Ver 3.0 3.6.25.xlsx,Entry- Site SPOF Data,34,103,106,Valid
FLL02,1.06,Yes,X,,Flex Asset EOL and Site Risk Evaluation Tool Ver 3.0 3.6.25.xlsx,Entry- Site SPOF Data,34,107,110,Valid
JAX01,1.06,Yes,X,,Flex Asset EOL and Site Risk Evaluation Tool Ver 3.0 3.6.25.xlsx,Entry- Site SPOF Data,34,111,114,Valid
JAX02,1.06,Yes,X,,Flex Asset EOL and Site Risk Evaluation Tool Ver 3.0 3.6.25.xlsx,Entry- Site SPOF Data,34,115,118,Valid
LAS03,1.06,Yes,X,,Flex Asset EOL and Site Risk Evaluation Tool Ver 3.0 3.6.25.xlsx,Entry- Site SPOF Data,34,119,122,Valid
LAS04,1.06,Yes,X,,Flex Asset EOL and Site Risk Evaluation Tool Ver 3.0 3.6.25.xlsx,Entry- Site SPOF Data,34,123,126,Valid
LAS05,1.06,Yes,X,,Flex Asset EOL and Site Risk Evaluation Tool Ver 3.0 3.6.25.xlsx,Entry- Site SPOF Data,34,127,130,Valid
LOU02,1.06,Yes,X,,Flex Asset EOL and Site Risk Evaluation Tool Ver 3.0 3.6.25.xlsx,Entry- Site SPOF Data,34,131,134,Valid
LOU03,1.06,No,X,,Flex Asset EOL and Site Risk Evaluation Tool Ver 3.0 3.6.25.xlsx,Entry- Site SPOF Data,34,135,138,Valid
LOU04,1.06,Yes,X,,Flex Asset EOL and Site Risk Evaluation Tool Ver 3.0 3.6.25.xlsx,Entry- Site SPOF Data,34,139,142,Valid
LOU05,1.06,Yes,X,,Flex Asset EOL and Site Risk Evaluation Tool Ver 3.0 3.6.25.xlsx,Entry- Site SPOF Data,34,143,146,Valid
MSP01,1.06,Yes,X,,Flex Asset EOL and Site Risk Evaluation Tool Ver 3.0 3.6.25.xlsx,Entry- Site SPOF Data,34,147,150,Valid
NAS01,1.06,Yes,X,,Flex Asset EOL and Site Risk Evaluation Tool Ver 3.0 3.6.25.xlsx,Entry- Site SPOF Data,34,151,154,Valid
NAS02,1.06,Yes,x,,Flex Asset EOL and Site Risk Evaluation Tool Ver 3.0 3.6.25.xlsx,Entry- Site SPOF Data,34,155,158,Valid
NAS03,1.06,Yes,X,,Flex Asset EOL and Site Risk Evaluation Tool Ver 3.0 3.6.25.xlsx,Entry- Site SPOF Data,34,159,162,Valid
NAS04,1.06,Yes,X,,Flex Asset EOL and Site Risk Evaluation Tool Ver 3.0 3.6.25.xlsx,Entry- Site SPOF Data,34,163,166,Valid
NAS05,1.06,Yes,X,,Flex Asset EOL and Site Risk Evaluation Tool Ver 3.0 3.6.25.xlsx,Entry- Site SPOF Data,34,167,170,Valid
NAS06,1.06,Yes,X,,Flex Asset EOL and Site Risk Evaluation Tool Ver 3.0 3.6.25.xlsx,Entry- Site SPOF Data,34,171,174,Valid
PDX01.01,1.06,No,X,,Flex Asset EOL and Site Risk Evaluation Tool Ver 3.0 3.6.25.xlsx,Entry- Site SPOF Data,34,175,178,Valid
PDX01.02,1.06,No,X,,Flex Asset EOL and Site Risk Evaluation Tool Ver 3.0 3.6.25.xlsx,Entry- Site SPOF Data,34,179,182,Valid
PDX02,1.06,Yes,X,,Flex Asset EOL and Site Risk Evaluation Tool Ver 3.0 3.6.25.xlsx,Entry- Site SPOF Data,34,183,186,Valid
PDX03,1.06,Yes,X,,Flex Asset EOL and Site Risk Evaluation Tool Ver 3.0 3.6.25.xlsx,Entry- Site SPOF Data,34,187,190,Valid
PDX04,1.06,Yes,X,,Flex Asset EOL and Site Risk Evaluation Tool Ver 3.0 3.6.25.xlsx,Entry- Site SPOF Data,34,191,194,Valid
PHL01,1.06,Yes,X,,Flex Asset EOL and Site Risk Evaluation Tool Ver 3.0 3.6.25.xlsx,Entry- Site SPOF Data,34,195,198,Valid
PHX01,1.06,Yes,X,DAMPERS WITH FAIL OPEN SPRING LOADED ACTUATORS,Flex Asset EOL and Site Risk Evaluation Tool Ver 3.0 3.6.25.xlsx,Entry- Site SPOF Data,34,199,202,Valid
RAL01,1.06,Yes,X,,Flex Asset EOL and Site Risk Evaluation Tool Ver 3.0 3.6.25.xlsx,Entry- Site SPOF Data,34,203,206,Valid
RAL02,1.06,Yes,X,,Flex Asset EOL and Site Risk Evaluation Tool Ver 3.0 3.6.25.xlsx,Entry- Site SPOF Data,34,207,210,Valid
RAL03,1.06,Yes,X,,Flex Asset EOL and Site Risk Evaluation Tool Ver 3.0 3.6.25.xlsx,Entry- Site SPOF Data,34,211,214,Valid
RCH01,1.06,Yes,x,,Flex Asset EOL and Site Risk Evaluation Tool Ver 3.0 3.6.25.xlsx,Entry- Site SPOF Data,34,215,218,Valid
RIC01,1.06,Yes,x,,Flex Asset EOL and Site Risk Evaluation Tool Ver 3.0 3.6.25.xlsx,Entry- Site SPOF Data,34,219,222,Valid
RIC02,1.06,No,x,Enclosure has fixed louvers,Flex Asset EOL and Site Risk Evaluation Tool Ver 3.0 3.6.25.xlsx,Entry- Site SPOF Data,34,223,226,Valid
SLC03,1.06,Yes,X,,Flex Asset EOL and Site Risk Evaluation Tool Ver 3.0 3.6.25.xlsx,Entry- Site SPOF Data,34,227,230,Valid
SLC04.01,1.06,No,X,,Flex Asset EOL and Site Risk Evaluation Tool Ver 3.0 3.6.25.xlsx,Entry- Site SPOF Data,34,231,234,Valid
SLC04.02,1.06,No,X,,Flex Asset EOL and Site Risk Evaluation Tool Ver 3.0 3.6.25.xlsx,Entry- Site SPOF Data,34,235,238,Valid
SLC04.03,1.06,No,X,Gen 3 does not have dampers,Flex Asset EOL and Site Risk Evaluation Tool Ver 3.0 3.6.25.xlsx,Entry- Site SPOF Data,34,239,242,Valid
SLC07,1.06,No,X,,Flex Asset EOL and Site Risk Evaluation Tool Ver 3.0 3.6.25.xlsx,Entry- Site SPOF Data,34,243,246,Valid
SLC09,1.06,No,X,,Flex Asset EOL and Site Risk Evaluation Tool Ver 3.0 3.6.25.xlsx,Entry- Site SPOF Data,34,247,250,Valid
SLC10,1.06,No,X,,Flex Asset EOL and Site Risk Evaluation Tool Ver 3.0 3.6.25.xlsx,Entry- Site SPOF Data,34,251,254,Valid
TPA01,1.06,No,X,,Flex Asset EOL and Site Risk Evaluation Tool Ver 3.0 3.6.25.xlsx,Entry- Site SPOF Data,34,255,258,Valid
TPA02,1.06,No,X,,Flex Asset EOL and Site Risk Evaluation Tool Ver 3.0 3.6.25.xlsx,Entry- Site SPOF Data,34,259,262,Valid
TPA03,1.06,No,X,,Flex Asset EOL and Site Risk Evaluation Tool Ver 3.0 3.6.25.xlsx,Entry- Site SPOF Data,34,263,266,Valid
TPA04,1.06,No,X,,Flex Asset EOL and Site Risk Evaluation Tool Ver 3.0 3.6.25.xlsx,Entry- Site SPOF Data,34,267,270,Valid
ABE01,1.07,No,x,,Flex Asset EOL and Site Risk Evaluation Tool Ver 3.0 3.6.25.xlsx,Entry- Site SPOF Data,35,7,10,Valid
ATL01,1.07,No,X,,Flex Asset EOL and Site Risk Evaluation Tool Ver 3.0 3.6.25.xlsx,Entry- Site SPOF Data,35,11,14,Valid
ATL02,1.07,No,X,,Flex Asset EOL and Site Risk Evaluation Tool Ver 3.0 3.6.25.xlsx,Entry- Site SPOF Data,35,15,18,Valid
ATL03,1.07,No,x,,Flex Asset EOL and Site Risk Evaluation Tool Ver 3.0 3.6.25.xlsx,Entry- Site SPOF Data,35,19,22,Valid
ATL04,1.07,No,x,,Flex Asset EOL and Site Risk Evaluation Tool Ver 3.0 3.6.25.xlsx,Entry- Site SPOF Data,35,23,26,Valid
ATL05,1.07,Yes,X,,Flex Asset EOL and Site Risk Evaluation Tool Ver 3.0 3.6.25.xlsx,Entry- Site SPOF Data,35,27,30,Valid
CIN01,1.07,Yes,X,,Flex Asset EOL and Site Risk Evaluation Tool Ver 3.0 3.6.25.xlsx,Entry- Site SPOF Data,35,31,34,Valid
CIN02,1.07,Yes,X,,Flex Asset EOL and Site Risk Evaluation Tool Ver 3.0 3.6.25.xlsx,Entry- Site SPOF Data,35,35,38,Valid
CLT01,1.07,No,x,,Flex Asset EOL and Site Risk Evaluation Tool Ver 3.0 3.6.25.xlsx,Entry- Site SPOF Data,35,39,42,Valid
CLT02,1.07,Yes,x,,Flex Asset EOL and Site Risk Evaluation Tool Ver 3.0 3.6.25.xlsx,Entry- Site SPOF Data,35,43,46,Valid
CLT03,1.07,Yes,x,,Flex Asset EOL and Site Risk Evaluation Tool Ver 3.0 3.6.25.xlsx,Entry- Site SPOF Data,35,47,50,Valid
CLT04,1.07,Yes,x,Not needed generator heat keeps space warm.,Flex Asset EOL and Site Risk Evaluation Tool Ver 3.0 3.6.25.xlsx,Entry- Site SPOF Data,35,51,54,Valid
CLT05,1.07,Yes,x,Not needed. Generator keeps space warm.,Flex Asset EOL and Site Risk Evaluation Tool Ver 3.0 3.6.25.xlsx,Entry- Site SPOF Data,35,55,58,Valid
DAL01,1.07,Yes,X,,Flex Asset EOL and Site Risk Evaluation Tool Ver 3.0 3.6.25.xlsx,Entry- Site SPOF Data,35,59,62,Valid
DAL02,1.07,No,X,,Flex Asset EOL and Site Risk Evaluation Tool Ver 3.0 3.6.25.xlsx,Entry- Site SPOF Data,35,63,66,Valid
DAL03,1.07,Yes,X,,Flex Asset EOL and Site Risk Evaluation Tool Ver 3.0 3.6.25.xlsx,Entry- Site SPOF Data,35,67,70,Valid
DAL04,1.07,Yes,X,,Flex Asset EOL and Site Risk Evaluation Tool Ver 3.0 3.6.25.xlsx,Entry- Site SPOF Data,35,71,74,Valid
DAL05,1.07,Yes,X,,Flex Asset EOL and Site Risk Evaluation Tool Ver 3.0 3.6.25.xlsx,Entry- Site SPOF Data,35,75,78,Valid
DEN02,1.07,Yes,X,,Flex Asset EOL and Site Risk Evaluation Tool Ver 3.0 3.6.25.xlsx,Entry- Site SPOF Data,35,79,82,Valid
DEN03,1.07,Yes,X,,Flex Asset EOL and Site Risk Evaluation Tool Ver 3.0 3.6.25.xlsx,Entry- Site SPOF Data,35,83,86,Valid
DEN05.01,1.07,Yes,X,,Flex Asset EOL and Site Risk Evaluation Tool Ver 3.0 3.6.25.xlsx,Entry- Site SPOF Data,35,87,90,Valid
DEN05.02,1.07,Yes,X,,Flex Asset EOL and Site Risk Evaluation Tool Ver 3.0 3.6.25.xlsx,Entry- Site SPOF Data,35,91,94,Valid
DEN11,1.07,Yes,x,,Flex Asset EOL and Site Risk Evaluation Tool Ver 3.0 3.6.25.xlsx,Entry- Site SPOF Data,35,95,98,Valid
DFW01,1.07,No,X,,Flex Asset EOL and Site Risk Evaluation Tool Ver 3.0 3.6.25.xlsx,Entry- Site SPOF Data,35,99,102,Valid
FLL01,1.07,No,X,,Flex Asset EOL and Site Risk Evaluation Tool Ver 3.0 3.6.25.xlsx,Entry- Site SPOF Data,35,103,106,Valid
FLL02,1.07,No,X,,Flex Asset EOL and Site Risk Evaluation Tool Ver 3.0 3.6.25.xlsx,Entry- Site SPOF Data,35,107,110,Valid
JAX01,1.07,Yes,X,,Flex Asset EOL and Site Risk Evaluation Tool Ver 3.0 3.6.25.xlsx,Entry- Site SPOF Data,35,111,114,Valid
JAX02,1.07,N/A,X,,Flex Asset EOL and Site Risk Evaluation Tool Ver 3.0 3.6.25.xlsx,Entry- Site SPOF Data,35,115,118,Valid
LAS03,1.07,Yes,X,There is a block heater,Flex Asset EOL and Site Risk Evaluation Tool Ver 3.0 3.6.25.xlsx,Entry- Site SPOF Data,35,119,122,Valid
LAS04,1.07,No,X,There is a block heater,Flex Asset EOL and Site Risk Evaluation Tool Ver 3.0 3.6.25.xlsx,Entry- Site SPOF Data,35,123,126,Valid
LAS05,1.07,Yes,X,There is a block heater,Flex Asset EOL and Site Risk Evaluation Tool Ver 3.0 3.6.25.xlsx,Entry- Site SPOF Data,35,127,130,Valid
LOU02,1.07,No,X,Block Heater only,Flex Asset EOL and Site Risk Evaluation Tool Ver 3.0 3.6.25.xlsx,Entry- Site SPOF Data,35,131,134,Valid
LOU03,1.07,Yes,X,,Flex Asset EOL and Site Risk Evaluation Tool Ver 3.0 3.6.25.xlsx,Entry- Site SPOF Data,35,135,138,Valid
LOU04,1.07,No,X,,Flex Asset EOL and Site Risk Evaluation Tool Ver 3.0 3.6.25.xlsx,Entry- Site SPOF Data,35,139,142,Valid
LOU05,1.07,No,X,,Flex Asset EOL and Site Risk Evaluation Tool Ver 3.0 3.6.25.xlsx,Entry- Site SPOF Data,35,143,146,Valid
MSP01,1.07,Yes,X,,Flex Asset EOL and Site Risk Evaluation Tool Ver 3.0 3.6.25.xlsx,Entry- Site SPOF Data,35,147,150,Valid
NAS01,1.07,Yes,X,Unit loacated inside building/ Has block heater,Flex Asset EOL and Site Risk Evaluation Tool Ver 3.0 3.6.25.xlsx,Entry- Site SPOF Data,35,151,154,Valid
NAS02,1.07,Yes,x,Block heater on unit.,Flex Asset EOL and Site Risk Evaluation Tool Ver 3.0 3.6.25.xlsx,Entry- Site SPOF Data,35,155,158,Valid
NAS03,1.07,Yes,X,Block heater on unit.,Flex Asset EOL and Site Risk Evaluation Tool Ver 3.0 3.6.25.xlsx,Entry- Site SPOF Data,35,159,162,Valid
NAS04,1.07,Yes,X,Unit has block heater,Flex Asset EOL and Site Risk Evaluation Tool Ver 3.0 3.6.25.xlsx,Entry- Site SPOF Data,35,163,166,Valid
NAS05,1.07,No,X,,Flex Asset EOL and Site Risk Evaluation Tool Ver 3.0 3.6.25.xlsx,Entry- Site SPOF Data,35,167,170,Valid
NAS06,1.07,No,X,,Flex Asset EOL and Site Risk Evaluation Tool Ver 3.0 3.6.25.xlsx,Entry- Site SPOF Data,35,171,174,Valid
PDX01.01,1.07,No,X,,Flex Asset EOL and Site Risk Evaluation Tool Ver 3.0 3.6.25.xlsx,Entry- Site SPOF Data,35,175,178,Valid
PDX01.02,1.07,No,X,,Flex Asset EOL and Site Risk Evaluation Tool Ver 3.0 3.6.25.xlsx,Entry- Site SPOF Data,35,179,182,Valid
PDX02,1.07,Yes,X,,Flex Asset EOL and Site Risk Evaluation Tool Ver 3.0 3.6.25.xlsx,Entry- Site SPOF Data,35,183,186,Valid
PDX03,1.07,Yes,X,,Flex Asset EOL and Site Risk Evaluation Tool Ver 3.0 3.6.25.xlsx,Entry- Site SPOF Data,35,187,190,Valid
PDX04,1.07,Yes,X,,Flex Asset EOL and Site Risk Evaluation Tool Ver 3.0 3.6.25.xlsx,Entry- Site SPOF Data,35,191,194,Valid
PHL01,1.07,Yes,X,,Flex Asset EOL and Site Risk Evaluation Tool Ver 3.0 3.6.25.xlsx,Entry- Site SPOF Data,35,195,198,Valid
PHX01,1.07,Yes,X,"OUR GENERATORS ARE INSIDE THE BUILDING, HAVE HVAC.",Flex Asset EOL and Site Risk Evaluation Tool Ver 3.0 3.6.25.xlsx,Entry- Site SPOF Data,35,199,202,Valid
RAL01,1.07,Yes,X,,Flex Asset EOL and Site Risk Evaluation Tool Ver 3.0 3.6.25.xlsx,Entry- Site SPOF Data,35,203,206,Valid
RAL02,1.07,Yes,X,,Flex Asset EOL and Site Risk Evaluation Tool Ver 3.0 3.6.25.xlsx,Entry- Site SPOF Data,35,207,210,Valid
RAL03,1.07,Yes,X,,Flex Asset EOL and Site Risk Evaluation Tool Ver 3.0 3.6.25.xlsx,Entry- Site SPOF Data,35,211,214,Valid
RCH01,1.07,Yes,x,All 3 Gens inside building with ceiling mounted space heaters,Flex Asset EOL and Site Risk Evaluation Tool Ver 3.0 3.6.25.xlsx,Entry- Site SPOF Data,35,215,218,Valid
RIC01,1.07,Yes,x,,Flex Asset EOL and Site Risk Evaluation Tool Ver 3.0 3.6.25.xlsx,Entry- Site SPOF Data,35,219,222,Valid
RIC02,1.07,Yes,x,,Flex Asset EOL and Site Risk Evaluation Tool Ver 3.0 3.6.25.xlsx,Entry- Site SPOF Data,35,223,226,Valid
SLC03,1.07,Yes,X,,Flex Asset EOL and Site Risk Evaluation Tool Ver 3.0 3.6.25.xlsx,Entry- Site SPOF Data,35,227,230,Valid
SLC04.01,1.07,Yes,X,,Flex Asset EOL and Site Risk Evaluation Tool Ver 3.0 3.6.25.xlsx,Entry- Site SPOF Data,35,231,234,Valid
SLC04.02,1.07,Yes,X,,Flex Asset EOL and Site Risk Evaluation Tool Ver 3.0 3.6.25.xlsx,Entry- Site SPOF Data,35,235,238,Valid
SLC04.03,1.07,Yes,X,,Flex Asset EOL and Site Risk Evaluation Tool Ver 3.0 3.6.25.xlsx,Entry- Site SPOF Data,35,239,242,Valid
SLC07,1.07,Yes,X,,Flex Asset EOL and Site Risk Evaluation Tool Ver 3.0 3.6.25.xlsx,Entry- Site SPOF Data,35,243,246,Valid
SLC09,1.07,Yes,X,,Flex Asset EOL and Site Risk Evaluation Tool Ver 3.0 3.6.25.xlsx,Entry- Site SPOF Data,35,247,250,Valid
SLC10,1.07,Yes,x,Currently with the heat generated by the block heater the generator enclosures stay warm even in winter.,Flex Asset EOL and Site Risk Evaluation Tool Ver 3.0 3.6.25.xlsx,Entry- Site SPOF Data,35,251,254,Valid
TPA01,1.07,No,X,,Flex Asset EOL and Site Risk Evaluation Tool Ver 3.0 3.6.25.xlsx,Entry- Site SPOF Data,35,255,258,Valid
TPA02,1.07,No,X,,Flex Asset EOL and Site Risk Evaluation Tool Ver 3.0 3.6.25.xlsx,Entry- Site SPOF Data,35,259,262,Valid
TPA03,1.07,No,X,,Flex Asset EOL and Site Risk Evaluation Tool Ver 3.0 3.6.25.xlsx,Entry- Site SPOF Data,35,263,266,Valid
TPA04,1.07,No,X,,Flex Asset EOL and Site Risk Evaluation Tool Ver 3.0 3.6.25.xlsx,Entry- Site SPOF Data,35,267,270,Valid
ABE01,1.08,N/A,x,All gens have belly tanks,Flex Asset EOL and Site Risk Evaluation Tool Ver 3.0 3.6.25.xlsx,Entry- Site SPOF Data,36,7,10,Valid
ATL01,1.08,Yes,X,,Flex Asset EOL and Site Risk Evaluation Tool Ver 3.0 3.6.25.xlsx,Entry- Site SPOF Data,36,11,14,Valid
ATL02,1.08,Yes,X,,Flex Asset EOL and Site Risk Evaluation Tool Ver 3.0 3.6.25.xlsx,Entry- Site SPOF Data,36,15,18,Valid
ATL03,1.08,No,x,,Flex Asset EOL and Site Risk Evaluation Tool Ver 3.0 3.6.25.xlsx,Entry- Site SPOF Data,36,19,22,Valid
ATL04,1.08,No,x,,Flex Asset EOL and Site Risk Evaluation Tool Ver 3.0 3.6.25.xlsx,Entry- Site SPOF Data,36,23,26,Valid
ATL05,1.08,No,X,,Flex Asset EOL and Site Risk Evaluation Tool Ver 3.0 3.6.25.xlsx,Entry- Site SPOF Data,36,27,30,Valid
CIN01,1.08,Yes,X,Each gen has a 1360 gallon fuel tank it sits on.,Flex Asset EOL and Site Risk Evaluation Tool Ver 3.0 3.6.25.xlsx,Entry- Site SPOF Data,36,31,34,Valid
CIN02,1.08,Yes,X,Each gen has a 1360 gallon fuel tank it sits on.,Flex Asset EOL and Site Risk Evaluation Tool Ver 3.0 3.6.25.xlsx,Entry- Site SPOF Data,36,35,38,Valid
CLT01,1.08,N/A,x,Belly Tanks,Flex Asset EOL and Site Risk Evaluation Tool Ver 3.0 3.6.25.xlsx,Entry- Site SPOF Data,36,39,42,Valid
CLT02,1.08,N/A,x,Belly Tank,Flex Asset EOL and Site Risk Evaluation Tool Ver 3.0 3.6.25.xlsx,Entry- Site SPOF Data,36,43,46,Valid
CLT03,1.08,N/A,x,Belly Tank,Flex Asset EOL and Site Risk Evaluation Tool Ver 3.0 3.6.25.xlsx,Entry- Site SPOF Data,36,47,50,Valid
CLT04,1.08,N/A,x,Belly tanks.,Flex Asset EOL and Site Risk Evaluation Tool Ver 3.0 3.6.25.xlsx,Entry- Site SPOF Data,36,51,54,Valid
CLT05,1.08,N/A,x,Belly Tanks,Flex Asset EOL and Site Risk Evaluation Tool Ver 3.0 3.6.25.xlsx,Entry- Site SPOF Data,36,55,58,Valid
DAL01,1.08,Yes,X,,Flex Asset EOL and Site Risk Evaluation Tool Ver 3.0 3.6.25.xlsx,Entry- Site SPOF Data,36,59,62,Valid
DAL02,1.08,Yes,X,,Flex Asset EOL and Site Risk Evaluation Tool Ver 3.0 3.6.25.xlsx,Entry- Site SPOF Data,36,63,66,Valid
DAL03,1.08,Yes,X,,Flex Asset EOL and Site Risk Evaluation Tool Ver 3.0 3.6.25.xlsx,Entry- Site SPOF Data,36,67,70,Valid
DAL04,1.08,Yes,X,,Flex Asset EOL and Site Risk Evaluation Tool Ver 3.0 3.6.25.xlsx,Entry- Site SPOF Data,36,71,74,Valid
DAL05,1.08,Yes,X,,Flex Asset EOL and Site Risk Evaluation Tool Ver 3.0 3.6.25.xlsx,Entry- Site SPOF Data,36,75,78,Valid
DEN02,1.08,No,X,,Flex Asset EOL and Site Risk Evaluation Tool Ver 3.0 3.6.25.xlsx,Entry- Site SPOF Data,36,79,82,Valid
DEN03,1.08,Yes,X,,Flex Asset EOL and Site Risk Evaluation Tool Ver 3.0 3.6.25.xlsx,Entry- Site SPOF Data,36,83,86,Valid
DEN05.01,1.08,No,X,,Flex Asset EOL and Site Risk Evaluation Tool Ver 3.0 3.6.25.xlsx,Entry- Site SPOF Data,36,87,90,Valid
DEN05.02,1.08,No,X,,Flex Asset EOL and Site Risk Evaluation Tool Ver 3.0 3.6.25.xlsx,Entry- Site SPOF Data,36,91,94,Valid
DEN11,1.08,No,x,,Flex Asset EOL and Site Risk Evaluation Tool Ver 3.0 3.6.25.xlsx,Entry- Site SPOF Data,36,95,98,Valid
DFW01,1.08,No,X,,Flex Asset EOL and Site Risk Evaluation Tool Ver 3.0 3.6.25.xlsx,Entry- Site SPOF Data,36,99,102,Valid
FLL01,1.08,No,X,,Flex Asset EOL and Site Risk Evaluation Tool Ver 3.0 3.6.25.xlsx,Entry- Site SPOF Data,36,103,106,Valid
FLL02,1.08,No,X,,Flex Asset EOL and Site Risk Evaluation Tool Ver 3.0 3.6.25.xlsx,Entry- Site SPOF Data,36,107,110,Valid
JAX01,1.08,No,X,,Flex Asset EOL and Site Risk Evaluation Tool Ver 3.0 3.6.25.xlsx,Entry- Site SPOF Data,36,111,114,Valid
JAX02,1.08,N/A,X,,Flex Asset EOL and Site Risk Evaluation Tool Ver 3.0 3.6.25.xlsx,Entry- Site SPOF Data,36,115,118,Valid
LAS03,1.08,Yes,X,No day tank but piping from outside tank to inside generator no insulation on piping,Flex Asset EOL and Site Risk Evaluation Tool Ver 3.0 3.6.25.xlsx,Entry- Site SPOF Data,36,119,122,Valid
LAS04,1.08,No,X,No day tanks.  Each Generator has its own fuel tank.,Flex Asset EOL and Site Risk Evaluation Tool Ver 3.0 3.6.25.xlsx,Entry- Site SPOF Data,36,123,126,Valid
LAS05,1.08,Yes,X,"Yes, both have day tanks but piping from main shared tank to generator day tanks no insulation on piping",Flex Asset EOL and Site Risk Evaluation Tool Ver 3.0 3.6.25.xlsx,Entry- Site SPOF Data,36,127,130,Valid
LOU02,1.08,Yes,X,,Flex Asset EOL and Site Risk Evaluation Tool Ver 3.0 3.6.25.xlsx,Entry- Site SPOF Data,36,131,134,Valid
LOU03,1.08,Yes,X,,Flex Asset EOL and Site Risk Evaluation Tool Ver 3.0 3.6.25.xlsx,Entry- Site SPOF Data,36,135,138,Valid
LOU04,1.08,Yes,X,,Flex Asset EOL and Site Risk Evaluation Tool Ver 3.0 3.6.25.xlsx,Entry- Site SPOF Data,36,139,142,Valid
LOU05,1.08,Yes,X,,Flex Asset EOL and Site Risk Evaluation Tool Ver 3.0 3.6.25.xlsx,Entry- Site SPOF Data,36,143,146,Valid
MSP01,1.08,Yes,X,"AST has heat traced piping and insulated, but not tank. Gen 5 belly tank has neither.",Flex Asset EOL and Site Risk Evaluation Tool Ver 3.0 3.6.25.xlsx,Entry- Site SPOF Data,36,147,150,Valid
NAS01,1.08,Yes,X,,Flex Asset EOL and Site Risk Evaluation Tool Ver 3.0 3.6.25.xlsx,Entry- Site SPOF Data,36,151,154,Valid
NAS02,1.08,N/A,x,Sub base tank.,Flex Asset EOL and Site Risk Evaluation Tool Ver 3.0 3.6.25.xlsx,Entry- Site SPOF Data,36,155,158,Valid
NAS03,1.08,No,X,Sub base tank.,Flex Asset EOL and Site Risk Evaluation Tool Ver 3.0 3.6.25.xlsx,Entry- Site SPOF Data,36,159,162,Valid
NAS04,1.08,Yes,X,,Flex Asset EOL and Site Risk Evaluation Tool Ver 3.0 3.6.25.xlsx,Entry- Site SPOF Data,36,163,166,Valid
NAS05,1.08,No,X,Sub base tank,Flex Asset EOL and Site Risk Evaluation Tool Ver 3.0 3.6.25.xlsx,Entry- Site SPOF Data,36,167,170,Valid
NAS06,1.08,No,X,Sub base tank,Flex Asset EOL and Site Risk Evaluation Tool Ver 3.0 3.6.25.xlsx,Entry- Site SPOF Data,36,171,174,Valid
PDX01.01,1.08,Yes,X,,Flex Asset EOL and Site Risk Evaluation Tool Ver 3.0 3.6.25.xlsx,Entry- Site SPOF Data,36,175,178,Valid
PDX01.02,1.08,Yes,X,,Flex Asset EOL and Site Risk Evaluation Tool Ver 3.0 3.6.25.xlsx,Entry- Site SPOF Data,36,179,182,Valid
PDX02,1.08,N/A,X,All Gens have belly tanks,Flex Asset EOL and Site Risk Evaluation Tool Ver 3.0 3.6.25.xlsx,Entry- Site SPOF Data,36,183,186,Valid
PDX03,1.08,Yes,X,,Flex Asset EOL and Site Risk Evaluation Tool Ver 3.0 3.6.25.xlsx,Entry- Site SPOF Data,36,187,190,Valid
PDX04,1.08,No,X,,Flex Asset EOL and Site Risk Evaluation Tool Ver 3.0 3.6.25.xlsx,Entry- Site SPOF Data,36,191,194,Valid
PHL01,1.08,No,X,Gens are inside building,Flex Asset EOL and Site Risk Evaluation Tool Ver 3.0 3.6.25.xlsx,Entry- Site SPOF Data,36,195,198,Valid
PHX01,1.08,No,X,NOT APPLICABLE TO US IN PHOENIX,Flex Asset EOL and Site Risk Evaluation Tool Ver 3.0 3.6.25.xlsx,Entry- Site SPOF Data,36,199,202,Valid
RAL01,1.08,No,X,,Flex Asset EOL and Site Risk Evaluation Tool Ver 3.0 3.6.25.xlsx,Entry- Site SPOF Data,36,203,206,Valid
RAL02,1.08,No,X,,Flex Asset EOL and Site Risk Evaluation Tool Ver 3.0 3.6.25.xlsx,Entry- Site SPOF Data,36,207,210,Valid
RAL03,1.08,No,X,,Flex Asset EOL and Site Risk Evaluation Tool Ver 3.0 3.6.25.xlsx,Entry- Site SPOF Data,36,211,214,Valid
RCH01,1.08,No,x,"Day tanks inside next to each gen, 2 main double walled above ground tanks outside, 15ft of fuel lines exposed no heat trace, remaining fuel line underground below frost line",Flex Asset EOL and Site Risk Evaluation Tool Ver 3.0 3.6.25.xlsx,Entry- Site SPOF Data,36,215,218,Valid
RIC01,1.08,No,x,,Flex Asset EOL and Site Risk Evaluation Tool Ver 3.0 3.6.25.xlsx,Entry- Site SPOF Data,36,219,222,Valid
RIC02,1.08,No,x,,Flex Asset EOL and Site Risk Evaluation Tool Ver 3.0 3.6.25.xlsx,Entry- Site SPOF Data,36,223,226,Valid
SLC03,1.08,No,X,In temp control bunker in basement,Flex Asset EOL and Site Risk Evaluation Tool Ver 3.0 3.6.25.xlsx,Entry- Site SPOF Data,36,227,230,Valid
SLC04.01,1.08,N/A,X,All gens have belly tanks,Flex Asset EOL and Site Risk Evaluation Tool Ver 3.0 3.6.25.xlsx,Entry- Site SPOF Data,36,231,234,Valid
SLC04.02,1.08,N/A,X,All gens have belly tanks,Flex Asset EOL and Site Risk Evaluation Tool Ver 3.0 3.6.25.xlsx,Entry- Site SPOF Data,36,235,238,Valid
SLC04.03,1.08,N/A,X,All gens have belly tanks,Flex Asset EOL and Site Risk Evaluation Tool Ver 3.0 3.6.25.xlsx,Entry- Site SPOF Data,36,239,242,Valid
SLC07,1.08,Yes,X,,Flex Asset EOL and Site Risk Evaluation Tool Ver 3.0 3.6.25.xlsx,Entry- Site SPOF Data,36,243,246,Valid
SLC09,1.08,No,X,,Flex Asset EOL and Site Risk Evaluation Tool Ver 3.0 3.6.25.xlsx,Entry- Site SPOF Data,36,247,250,Valid
SLC10,1.08,No,X,Outside fuel lines are heat traced.,Flex Asset EOL and Site Risk Evaluation Tool Ver 3.0 3.6.25.xlsx,Entry- Site SPOF Data,36,251,254,Valid
TPA01,1.08,No,X,,Flex Asset EOL and Site Risk Evaluation Tool Ver 3.0 3.6.25.xlsx,Entry- Site SPOF Data,36,255,258,Valid
TPA02,1.08,No,X,,Flex Asset EOL and Site Risk Evaluation Tool Ver 3.0 3.6.25.xlsx,Entry- Site SPOF Data,36,259,262,Valid
TPA03,1.08,No,X,,Flex Asset EOL and Site Risk Evaluation Tool Ver 3.0 3.6.25.xlsx,Entry- Site SPOF Data,36,263,266,Valid
TPA04,1.08,No,X,,Flex Asset EOL and Site Risk Evaluation Tool Ver 3.0 3.6.25.xlsx,Entry- Site SPOF Data,36,267,270,Valid
ABE01,1.0900000000000001,Yes,x,,Flex Asset EOL and Site Risk Evaluation Tool Ver 3.0 3.6.25.xlsx,Entry- Site SPOF Data,37,7,10,Valid
ATL01,1.0900000000000001,Yes,X,,Flex Asset EOL and Site Risk Evaluation Tool Ver 3.0 3.6.25.xlsx,Entry- Site SPOF Data,37,11,14,Valid
ATL02,1.0900000000000001,Yes,X,,Flex Asset EOL and Site Risk Evaluation Tool Ver 3.0 3.6.25.xlsx,Entry- Site SPOF Data,37,15,18,Valid
ATL03,1.0900000000000001,Yes,x,,Flex Asset EOL and Site Risk Evaluation Tool Ver 3.0 3.6.25.xlsx,Entry- Site SPOF Data,37,19,22,Valid
ATL04,1.0900000000000001,Yes,x,,Flex Asset EOL and Site Risk Evaluation Tool Ver 3.0 3.6.25.xlsx,Entry- Site SPOF Data,37,23,26,Valid
ATL05,1.0900000000000001,Yes,X,,Flex Asset EOL and Site Risk Evaluation Tool Ver 3.0 3.6.25.xlsx,Entry- Site SPOF Data,37,27,30,Valid
CIN01,1.0900000000000001,Yes,X,,Flex Asset EOL and Site Risk Evaluation Tool Ver 3.0 3.6.25.xlsx,Entry- Site SPOF Data,37,31,34,Valid
CIN02,1.0900000000000001,Yes,X,,Flex Asset EOL and Site Risk Evaluation Tool Ver 3.0 3.6.25.xlsx,Entry- Site SPOF Data,37,35,38,Valid
CLT01,1.0900000000000001,Yes,x,,Flex Asset EOL and Site Risk Evaluation Tool Ver 3.0 3.6.25.xlsx,Entry- Site SPOF Data,37,39,42,Valid
CLT02,1.0900000000000001,Yes,x,,Flex Asset EOL and Site Risk Evaluation Tool Ver 3.0 3.6.25.xlsx,Entry- Site SPOF Data,37,43,46,Valid
CLT03,1.0900000000000001,Yes,x,,Flex Asset EOL and Site Risk Evaluation Tool Ver 3.0 3.6.25.xlsx,Entry- Site SPOF Data,37,47,50,Valid
CLT04,1.0900000000000001,Yes,x,,Flex Asset EOL and Site Risk Evaluation Tool Ver 3.0 3.6.25.xlsx,Entry- Site SPOF Data,37,51,54,Valid
CLT05,1.0900000000000001,Yes,x,,Flex Asset EOL and Site Risk Evaluation Tool Ver 3.0 3.6.25.xlsx,Entry- Site SPOF Data,37,55,58,Valid
DAL01,1.0900000000000001,Yes,X,,Flex Asset EOL and Site Risk Evaluation Tool Ver 3.0 3.6.25.xlsx,Entry- Site SPOF Data,37,59,62,Valid
DAL02,1.0900000000000001,Yes,X,,Flex Asset EOL and Site Risk Evaluation Tool Ver 3.0 3.6.25.xlsx,Entry- Site SPOF Data,37,63,66,Valid
DAL03,1.0900000000000001,Yes,X,,Flex Asset EOL and Site Risk Evaluation Tool Ver 3.0 3.6.25.xlsx,Entry- Site SPOF Data,37,67,70,Valid
DAL04,1.0900000000000001,Yes,X,,Flex Asset EOL and Site Risk Evaluation Tool Ver 3.0 3.6.25.xlsx,Entry- Site SPOF Data,37,71,74,Valid
DAL05,1.0900000000000001,Yes,X,,Flex Asset EOL and Site Risk Evaluation Tool Ver 3.0 3.6.25.xlsx,Entry- Site SPOF Data,37,75,78,Valid
DEN02,1.0900000000000001,Yes,X,,Flex Asset EOL and Site Risk Evaluation Tool Ver 3.0 3.6.25.xlsx,Entry- Site SPOF Data,37,79,82,Valid
DEN03,1.0900000000000001,Yes,X,,Flex Asset EOL and Site Risk Evaluation Tool Ver 3.0 3.6.25.xlsx,Entry- Site SPOF Data,37,83,86,Valid
DEN05.01,1.0900000000000001,Yes,X,,Flex Asset EOL and Site Risk Evaluation Tool Ver 3.0 3.6.25.xlsx,Entry- Site SPOF Data,37,87,90,Valid
DEN05.02,1.0900000000000001,Yes,X,,Flex Asset EOL and Site Risk Evaluation Tool Ver 3.0 3.6.25.xlsx,Entry- Site SPOF Data,37,91,94,Valid
DEN11,1.0900000000000001,Yes,x,,Flex Asset EOL and Site Risk Evaluation Tool Ver 3.0 3.6.25.xlsx,Entry- Site SPOF Data,37,95,98,Valid
DFW01,1.0900000000000001,Yes,X,,Flex Asset EOL and Site Risk Evaluation Tool Ver 3.0 3.6.25.xlsx,Entry- Site SPOF Data,37,99,102,Valid
FLL01,1.0900000000000001,Yes,X,,Flex Asset EOL and Site Risk Evaluation Tool Ver 3.0 3.6.25.xlsx,Entry- Site SPOF Data,37,103,106,Valid
FLL02,1.0900000000000001,Yes,X,,Flex Asset EOL and Site Risk Evaluation Tool Ver 3.0 3.6.25.xlsx,Entry- Site SPOF Data,37,107,110,Valid
JAX01,1.0900000000000001,Yes,X,,Flex Asset EOL and Site Risk Evaluation Tool Ver 3.0 3.6.25.xlsx,Entry- Site SPOF Data,37,111,114,Valid
JAX02,1.0900000000000001,Yes,X,,Flex Asset EOL and Site Risk Evaluation Tool Ver 3.0 3.6.25.xlsx,Entry- Site SPOF Data,37,115,118,Valid
LAS03,1.0900000000000001,Yes,X,,Flex Asset EOL and Site Risk Evaluation Tool Ver 3.0 3.6.25.xlsx,Entry- Site SPOF Data,37,119,122,Valid
LAS04,1.0900000000000001,Yes,X,,Flex Asset EOL and Site Risk Evaluation Tool Ver 3.0 3.6.25.xlsx,Entry- Site SPOF Data,37,123,126,Valid
LAS05,1.0900000000000001,Yes,X,,Flex Asset EOL and Site Risk Evaluation Tool Ver 3.0 3.6.25.xlsx,Entry- Site SPOF Data,37,127,130,Valid
LOU02,1.0900000000000001,Yes,X,,Flex Asset EOL and Site Risk Evaluation Tool Ver 3.0 3.6.25.xlsx,Entry- Site SPOF Data,37,131,134,Valid
LOU03,1.0900000000000001,Yes,X,,Flex Asset EOL and Site Risk Evaluation Tool Ver 3.0 3.6.25.xlsx,Entry- Site SPOF Data,37,135,138,Valid
LOU04,1.0900000000000001,Yes,X,,Flex Asset EOL and Site Risk Evaluation Tool Ver 3.0 3.6.25.xlsx,Entry- Site SPOF Data,37,139,142,Valid
LOU05,1.0900000000000001,Yes,X,,Flex Asset EOL and Site Risk Evaluation Tool Ver 3.0 3.6.25.xlsx,Entry- Site SPOF Data,37,143,146,Valid
MSP01,1.0900000000000001,Yes,X,,Flex Asset EOL and Site Risk Evaluation Tool Ver 3.0 3.6.25.xlsx,Entry- Site SPOF Data,37,147,150,Valid
NAS01,1.0900000000000001,Yes,X,,Flex Asset EOL and Site Risk Evaluation Tool Ver 3.0 3.6.25.xlsx,Entry- Site SPOF Data,37,151,154,Valid
NAS02,1.0900000000000001,Yes,x,,Flex Asset EOL and Site Risk Evaluation Tool Ver 3.0 3.6.25.xlsx,Entry- Site SPOF Data,37,155,158,Valid
NAS03,1.0900000000000001,Yes,X,,Flex Asset EOL and Site Risk Evaluation Tool Ver 3.0 3.6.25.xlsx,Entry- Site SPOF Data,37,159,162,Valid
NAS04,1.0900000000000001,Yes,X,,Flex Asset EOL and Site Risk Evaluation Tool Ver 3.0 3.6.25.xlsx,Entry- Site SPOF Data,37,163,166,Valid
NAS05,1.0900000000000001,Yes,X,,Flex Asset EOL and Site Risk Evaluation Tool Ver 3.0 3.6.25.xlsx,Entry- Site SPOF Data,37,167,170,Valid
NAS06,1.0900000000000001,Yes,X,,Flex Asset EOL and Site Risk Evaluation Tool Ver 3.0 3.6.25.xlsx,Entry- Site SPOF Data,37,171,174,Valid
PDX01.01,1.0900000000000001,Yes,X,,Flex Asset EOL and Site Risk Evaluation Tool Ver 3.0 3.6.25.xlsx,Entry- Site SPOF Data,37,175,178,Valid
PDX01.02,1.0900000000000001,Yes,X,,Flex Asset EOL and Site Risk Evaluation Tool Ver 3.0 3.6.25.xlsx,Entry- Site SPOF Data,37,179,182,Valid
PDX02,1.0900000000000001,Yes,X,,Flex Asset EOL and Site Risk Evaluation Tool Ver 3.0 3.6.25.xlsx,Entry- Site SPOF Data,37,183,186,Valid
PDX03,1.0900000000000001,Yes,X,,Flex Asset EOL and Site Risk Evaluation Tool Ver 3.0 3.6.25.xlsx,Entry- Site SPOF Data,37,187,190,Valid
PDX04,1.0900000000000001,Yes,X,,Flex Asset EOL and Site Risk Evaluation Tool Ver 3.0 3.6.25.xlsx,Entry- Site SPOF Data,37,191,194,Valid
PHL01,1.0900000000000001,Yes,X,,Flex Asset EOL and Site Risk Evaluation Tool Ver 3.0 3.6.25.xlsx,Entry- Site SPOF Data,37,195,198,Valid
PHX01,1.0900000000000001,Yes,X,,Flex Asset EOL and Site Risk Evaluation Tool Ver 3.0 3.6.25.xlsx,Entry- Site SPOF Data,37,199,202,Valid
RAL01,1.0900000000000001,Yes,X,,Flex Asset EOL and Site Risk Evaluation Tool Ver 3.0 3.6.25.xlsx,Entry- Site SPOF Data,37,203,206,Valid
RAL02,1.0900000000000001,Yes,X,,Flex Asset EOL and Site Risk Evaluation Tool Ver 3.0 3.6.25.xlsx,Entry- Site SPOF Data,37,207,210,Valid
RAL03,1.0900000000000001,Yes,X,,Flex Asset EOL and Site Risk Evaluation Tool Ver 3.0 3.6.25.xlsx,Entry- Site SPOF Data,37,211,214,Valid
RCH01,1.0900000000000001,Yes,x,,Flex Asset EOL and Site Risk Evaluation Tool Ver 3.0 3.6.25.xlsx,Entry- Site SPOF Data,37,215,218,Valid
RIC01,1.0900000000000001,Yes,x,,Flex Asset EOL and Site Risk Evaluation Tool Ver 3.0 3.6.25.xlsx,Entry- Site SPOF Data,37,219,222,Valid
RIC02,1.0900000000000001,Yes,x,,Flex Asset EOL and Site Risk Evaluation Tool Ver 3.0 3.6.25.xlsx,Entry- Site SPOF Data,37,223,226,Valid
SLC03,1.0900000000000001,Yes,X,,Flex Asset EOL and Site Risk Evaluation Tool Ver 3.0 3.6.25.xlsx,Entry- Site SPOF Data,37,227,230,Valid
SLC04.01,1.0900000000000001,Yes,X,,Flex Asset EOL and Site Risk Evaluation Tool Ver 3.0 3.6.25.xlsx,Entry- Site SPOF Data,37,231,234,Valid
SLC04.02,1.0900000000000001,Yes,X,,Flex Asset EOL and Site Risk Evaluation Tool Ver 3.0 3.6.25.xlsx,Entry- Site SPOF Data,37,235,238,Valid
SLC04.03,1.0900000000000001,Yes,X,,Flex Asset EOL and Site Risk Evaluation Tool Ver 3.0 3.6.25.xlsx,Entry- Site SPOF Data,37,239,242,Valid
SLC07,1.0900000000000001,Yes,X,,Flex Asset EOL and Site Risk Evaluation Tool Ver 3.0 3.6.25.xlsx,Entry- Site SPOF Data,37,243,246,Valid
SLC09,1.0900000000000001,Yes,X,,Flex Asset EOL and Site Risk Evaluation Tool Ver 3.0 3.6.25.xlsx,Entry- Site SPOF Data,37,247,250,Valid
SLC10,1.0900000000000001,No,X,Not a major issue but we do have a excessive amount of dirt and debris in our gen rooms due to not having dampers that close,Flex Asset EOL and Site Risk Evaluation Tool Ver 3.0 3.6.25.xlsx,Entry- Site SPOF Data,37,251,254,Valid
TPA01,1.0900000000000001,Yes,X,,Flex Asset EOL and Site Risk Evaluation Tool Ver 3.0 3.6.25.xlsx,Entry- Site SPOF Data,37,255,258,Valid
TPA02,1.0900000000000001,Yes,X,,Flex Asset EOL and Site Risk Evaluation Tool Ver 3.0 3.6.25.xlsx,Entry- Site SPOF Data,37,259,262,Valid
TPA03,1.0900000000000001,Yes,X,,Flex Asset EOL and Site Risk Evaluation Tool Ver 3.0 3.6.25.xlsx,Entry- Site SPOF Data,37,263,266,Valid
TPA04,1.0900000000000001,Yes,X,,Flex Asset EOL and Site Risk Evaluation Tool Ver 3.0 3.6.25.xlsx,Entry- Site SPOF Data,37,267,270,Valid
ABE01,1.1000000000000001,N/A,x,,Flex Asset EOL and Site Risk Evaluation Tool Ver 3.0 3.6.25.xlsx,Entry- Site SPOF Data,38,7,10,Valid
ATL01,1.1000000000000001,N/A,X,,Flex Asset EOL and Site Risk Evaluation Tool Ver 3.0 3.6.25.xlsx,Entry- Site SPOF Data,38,11,14,Valid
ATL02,1.1000000000000001,N/A,X,,Flex Asset EOL and Site Risk Evaluation Tool Ver 3.0 3.6.25.xlsx,Entry- Site SPOF Data,38,15,18,Valid
ATL03,1.1000000000000001,N/A,x,,Flex Asset EOL and Site Risk Evaluation Tool Ver 3.0 3.6.25.xlsx,Entry- Site SPOF Data,38,19,22,Valid
ATL04,1.1000000000000001,N/A,x,,Flex Asset EOL and Site Risk Evaluation Tool Ver 3.0 3.6.25.xlsx,Entry- Site SPOF Data,38,23,26,Valid
ATL05,1.1000000000000001,Yes,X,,Flex Asset EOL and Site Risk Evaluation Tool Ver 3.0 3.6.25.xlsx,Entry- Site SPOF Data,38,27,30,Valid
CIN01,1.1000000000000001,Yes,X,,Flex Asset EOL and Site Risk Evaluation Tool Ver 3.0 3.6.25.xlsx,Entry- Site SPOF Data,38,31,34,Valid
CIN02,1.1000000000000001,Yes,X,,Flex Asset EOL and Site Risk Evaluation Tool Ver 3.0 3.6.25.xlsx,Entry- Site SPOF Data,38,35,38,Valid
CLT01,1.1000000000000001,N/A,x,Not required or installed,Flex Asset EOL and Site Risk Evaluation Tool Ver 3.0 3.6.25.xlsx,Entry- Site SPOF Data,38,39,42,Valid
CLT02,1.1000000000000001,N/A,x,Not required or installed,Flex Asset EOL and Site Risk Evaluation Tool Ver 3.0 3.6.25.xlsx,Entry- Site SPOF Data,38,43,46,Valid
CLT03,1.1000000000000001,N/A,x,,Flex Asset EOL and Site Risk Evaluation Tool Ver 3.0 3.6.25.xlsx,Entry- Site SPOF Data,38,47,50,Valid
CLT04,1.1000000000000001,N/A,x,No Gen pre-lube required or installed.,Flex Asset EOL and Site Risk Evaluation Tool Ver 3.0 3.6.25.xlsx,Entry- Site SPOF Data,38,51,54,Valid
CLT05,1.1000000000000001,N/A,x,No gen pre-lube required or installed,Flex Asset EOL and Site Risk Evaluation Tool Ver 3.0 3.6.25.xlsx,Entry- Site SPOF Data,38,55,58,Valid
DAL01,1.1000000000000001,No,X,,Flex Asset EOL and Site Risk Evaluation Tool Ver 3.0 3.6.25.xlsx,Entry- Site SPOF Data,38,59,62,Valid
DAL02,1.1000000000000001,Yes,X,,Flex Asset EOL and Site Risk Evaluation Tool Ver 3.0 3.6.25.xlsx,Entry- Site SPOF Data,38,63,66,Valid
DAL03,1.1000000000000001,No,X,,Flex Asset EOL and Site Risk Evaluation Tool Ver 3.0 3.6.25.xlsx,Entry- Site SPOF Data,38,67,70,Valid
DAL04,1.1000000000000001,Yes,X,,Flex Asset EOL and Site Risk Evaluation Tool Ver 3.0 3.6.25.xlsx,Entry- Site SPOF Data,38,71,74,Valid
DAL05,1.1000000000000001,Yes,X,,Flex Asset EOL and Site Risk Evaluation Tool Ver 3.0 3.6.25.xlsx,Entry- Site SPOF Data,38,75,78,Valid
DEN02,1.1000000000000001,Yes,X,,Flex Asset EOL and Site Risk Evaluation Tool Ver 3.0 3.6.25.xlsx,Entry- Site SPOF Data,38,79,82,Valid
DEN03,1.1000000000000001,Yes,X,,Flex Asset EOL and Site Risk Evaluation Tool Ver 3.0 3.6.25.xlsx,Entry- Site SPOF Data,38,83,86,Valid
DEN05.01,1.1000000000000001,Yes,X,,Flex Asset EOL and Site Risk Evaluation Tool Ver 3.0 3.6.25.xlsx,Entry- Site SPOF Data,38,87,90,Valid
DEN05.02,1.1000000000000001,Yes,X,,Flex Asset EOL and Site Risk Evaluation Tool Ver 3.0 3.6.25.xlsx,Entry- Site SPOF Data,38,91,94,Valid
DEN11,1.1000000000000001,No,x,MTU,Flex Asset EOL and Site Risk Evaluation Tool Ver 3.0 3.6.25.xlsx,Entry- Site SPOF Data,38,95,98,Valid
DFW01,1.1000000000000001,Yes,X,,Flex Asset EOL and Site Risk Evaluation Tool Ver 3.0 3.6.25.xlsx,Entry- Site SPOF Data,38,99,102,Valid
FLL01,1.1000000000000001,Yes,X,,Flex Asset EOL and Site Risk Evaluation Tool Ver 3.0 3.6.25.xlsx,Entry- Site SPOF Data,38,103,106,Valid
FLL02,1.1000000000000001,Yes,X,,Flex Asset EOL and Site Risk Evaluation Tool Ver 3.0 3.6.25.xlsx,Entry- Site SPOF Data,38,107,110,Valid
JAX01,1.1000000000000001,No,X,,Flex Asset EOL and Site Risk Evaluation Tool Ver 3.0 3.6.25.xlsx,Entry- Site SPOF Data,38,111,114,Valid
JAX02,1.1000000000000001,Yes,X,,Flex Asset EOL and Site Risk Evaluation Tool Ver 3.0 3.6.25.xlsx,Entry- Site SPOF Data,38,115,118,Valid
LAS03,1.1000000000000001,Yes,X,,Flex Asset EOL and Site Risk Evaluation Tool Ver 3.0 3.6.25.xlsx,Entry- Site SPOF Data,38,119,122,Valid
LAS04,1.1000000000000001,Yes,X,,Flex Asset EOL and Site Risk Evaluation Tool Ver 3.0 3.6.25.xlsx,Entry- Site SPOF Data,38,123,126,Valid
LAS05,1.1000000000000001,Yes,X,,Flex Asset EOL and Site Risk Evaluation Tool Ver 3.0 3.6.25.xlsx,Entry- Site SPOF Data,38,127,130,Valid
LOU02,1.1000000000000001,Yes,X,,Flex Asset EOL and Site Risk Evaluation Tool Ver 3.0 3.6.25.xlsx,Entry- Site SPOF Data,38,131,134,Valid
LOU03,1.1000000000000001,Yes,X,,Flex Asset EOL and Site Risk Evaluation Tool Ver 3.0 3.6.25.xlsx,Entry- Site SPOF Data,38,135,138,Valid
LOU04,1.1000000000000001,No,X,,Flex Asset EOL and Site Risk Evaluation Tool Ver 3.0 3.6.25.xlsx,Entry- Site SPOF Data,38,139,142,Valid
LOU05,1.1000000000000001,No,X,,Flex Asset EOL and Site Risk Evaluation Tool Ver 3.0 3.6.25.xlsx,Entry- Site SPOF Data,38,143,146,Valid
MSP01,1.1000000000000001,Yes,X,,Flex Asset EOL and Site Risk Evaluation Tool Ver 3.0 3.6.25.xlsx,Entry- Site SPOF Data,38,147,150,Valid
NAS01,1.1000000000000001,Yes,X,,Flex Asset EOL and Site Risk Evaluation Tool Ver 3.0 3.6.25.xlsx,Entry- Site SPOF Data,38,151,154,Valid
NAS02,1.1000000000000001,N/A,x,No pre-lube on units,Flex Asset EOL and Site Risk Evaluation Tool Ver 3.0 3.6.25.xlsx,Entry- Site SPOF Data,38,155,158,Valid
NAS03,1.1000000000000001,No,X,No pre-lube on units,Flex Asset EOL and Site Risk Evaluation Tool Ver 3.0 3.6.25.xlsx,Entry- Site SPOF Data,38,159,162,Valid
NAS04,1.1000000000000001,N/A,X,,Flex Asset EOL and Site Risk Evaluation Tool Ver 3.0 3.6.25.xlsx,Entry- Site SPOF Data,38,163,166,Valid
NAS05,1.1000000000000001,No,X,,Flex Asset EOL and Site Risk Evaluation Tool Ver 3.0 3.6.25.xlsx,Entry- Site SPOF Data,38,167,170,Valid
NAS06,1.1000000000000001,No,X,,Flex Asset EOL and Site Risk Evaluation Tool Ver 3.0 3.6.25.xlsx,Entry- Site SPOF Data,38,171,174,Valid
PDX01.01,1.1000000000000001,Yes,X,,Flex Asset EOL and Site Risk Evaluation Tool Ver 3.0 3.6.25.xlsx,Entry- Site SPOF Data,38,175,178,Valid
PDX01.02,1.1000000000000001,Yes,X,,Flex Asset EOL and Site Risk Evaluation Tool Ver 3.0 3.6.25.xlsx,Entry- Site SPOF Data,38,179,182,Valid
PDX02,1.1000000000000001,Yes,X,,Flex Asset EOL and Site Risk Evaluation Tool Ver 3.0 3.6.25.xlsx,Entry- Site SPOF Data,38,183,186,Valid
PDX03,1.1000000000000001,Yes,X,,Flex Asset EOL and Site Risk Evaluation Tool Ver 3.0 3.6.25.xlsx,Entry- Site SPOF Data,38,187,190,Valid
PDX04,1.1000000000000001,Yes,X,,Flex Asset EOL and Site Risk Evaluation Tool Ver 3.0 3.6.25.xlsx,Entry- Site SPOF Data,38,191,194,Valid
PHL01,1.1000000000000001,No,X,,Flex Asset EOL and Site Risk Evaluation Tool Ver 3.0 3.6.25.xlsx,Entry- Site SPOF Data,38,195,198,Valid
PHX01,1.1000000000000001,No,X,NOT APPLCABLE TO CUMMINS,Flex Asset EOL and Site Risk Evaluation Tool Ver 3.0 3.6.25.xlsx,Entry- Site SPOF Data,38,199,202,Valid
RAL01,1.1000000000000001,N/A,X,,Flex Asset EOL and Site Risk Evaluation Tool Ver 3.0 3.6.25.xlsx,Entry- Site SPOF Data,38,203,206,Valid
RAL02,1.1000000000000001,N/A,X,,Flex Asset EOL and Site Risk Evaluation Tool Ver 3.0 3.6.25.xlsx,Entry- Site SPOF Data,38,207,210,Valid
RAL03,1.1000000000000001,N/A,X,,Flex Asset EOL and Site Risk Evaluation Tool Ver 3.0 3.6.25.xlsx,Entry- Site SPOF Data,38,211,214,Valid
RCH01,1.1000000000000001,Yes,x,,Flex Asset EOL and Site Risk Evaluation Tool Ver 3.0 3.6.25.xlsx,Entry- Site SPOF Data,38,215,218,Valid
RIC01,1.1000000000000001,Yes,x,,Flex Asset EOL and Site Risk Evaluation Tool Ver 3.0 3.6.25.xlsx,Entry- Site SPOF Data,38,219,222,Valid
RIC02,1.1000000000000001,Yes,x,,Flex Asset EOL and Site Risk Evaluation Tool Ver 3.0 3.6.25.xlsx,Entry- Site SPOF Data,38,223,226,Valid
SLC03,1.1000000000000001,Yes,X,,Flex Asset EOL and Site Risk Evaluation Tool Ver 3.0 3.6.25.xlsx,Entry- Site SPOF Data,38,227,230,Valid
SLC04.01,1.1000000000000001,Yes,X,,Flex Asset EOL and Site Risk Evaluation Tool Ver 3.0 3.6.25.xlsx,Entry- Site SPOF Data,38,231,234,Valid
SLC04.02,1.1000000000000001,Yes,X,,Flex Asset EOL and Site Risk Evaluation Tool Ver 3.0 3.6.25.xlsx,Entry- Site SPOF Data,38,235,238,Valid
SLC04.03,1.1000000000000001,Yes,X,,Flex Asset EOL and Site Risk Evaluation Tool Ver 3.0 3.6.25.xlsx,Entry- Site SPOF Data,38,239,242,Valid
SLC07,1.1000000000000001,Yes,X,,Flex Asset EOL and Site Risk Evaluation Tool Ver 3.0 3.6.25.xlsx,Entry- Site SPOF Data,38,243,246,Valid
SLC09,1.1000000000000001,Yes,X,,Flex Asset EOL and Site Risk Evaluation Tool Ver 3.0 3.6.25.xlsx,Entry- Site SPOF Data,38,247,250,Valid
SLC10,1.1000000000000001,Yes,X,,Flex Asset EOL and Site Risk Evaluation Tool Ver 3.0 3.6.25.xlsx,Entry- Site SPOF Data,38,251,254,Valid
TPA01,1.1000000000000001,Yes,X,,Flex Asset EOL and Site Risk Evaluation Tool Ver 3.0 3.6.25.xlsx,Entry- Site SPOF Data,38,255,258,Valid
TPA02,1.1000000000000001,Yes,X,,Flex Asset EOL and Site Risk Evaluation Tool Ver 3.0 3.6.25.xlsx,Entry- Site SPOF Data,38,259,262,Valid
TPA03,1.1000000000000001,Yes,X,,Flex Asset EOL and Site Risk Evaluation Tool Ver 3.0 3.6.25.xlsx,Entry- Site SPOF Data,38,263,266,Valid
TPA04,1.1000000000000001,Yes,X,,Flex Asset EOL and Site Risk Evaluation Tool Ver 3.0 3.6.25.xlsx,Entry- Site SPOF Data,38,267,270,Valid
ABE01,1.1100000000000001,N/A,X,no paralleled gens,Flex Asset EOL and Site Risk Evaluation Tool Ver 3.0 3.6.25.xlsx,Entry- Site SPOF Data,39,7,10,Valid
ATL01,1.1100000000000001,No,X,,Flex Asset EOL and Site Risk Evaluation Tool Ver 3.0 3.6.25.xlsx,Entry- Site SPOF Data,39,11,14,Valid
ATL02,1.1100000000000001,Yes,X,,Flex Asset EOL and Site Risk Evaluation Tool Ver 3.0 3.6.25.xlsx,Entry- Site SPOF Data,39,15,18,Valid
ATL03,1.1100000000000001,N/A,x,,Flex Asset EOL and Site Risk Evaluation Tool Ver 3.0 3.6.25.xlsx,Entry- Site SPOF Data,39,19,22,Valid
ATL04,1.1100000000000001,N/A,x,,Flex Asset EOL and Site Risk Evaluation Tool Ver 3.0 3.6.25.xlsx,Entry- Site SPOF Data,39,23,26,Valid
ATL05,1.1100000000000001,N/A,X,,Flex Asset EOL and Site Risk Evaluation Tool Ver 3.0 3.6.25.xlsx,Entry- Site SPOF Data,39,27,30,Valid
CIN01,1.1100000000000001,Yes,X,,Flex Asset EOL and Site Risk Evaluation Tool Ver 3.0 3.6.25.xlsx,Entry- Site SPOF Data,39,31,34,Valid
CIN02,1.1100000000000001,Yes,X,,Flex Asset EOL and Site Risk Evaluation Tool Ver 3.0 3.6.25.xlsx,Entry- Site SPOF Data,39,35,38,Valid
CLT01,1.1100000000000001,No,x,,Flex Asset EOL and Site Risk Evaluation Tool Ver 3.0 3.6.25.xlsx,Entry- Site SPOF Data,39,39,42,Valid
CLT02,1.1100000000000001,N/A,x,,Flex Asset EOL and Site Risk Evaluation Tool Ver 3.0 3.6.25.xlsx,Entry- Site SPOF Data,39,43,46,Valid
CLT03,1.1100000000000001,N/A,x,,Flex Asset EOL and Site Risk Evaluation Tool Ver 3.0 3.6.25.xlsx,Entry- Site SPOF Data,39,47,50,Valid
CLT04,1.1100000000000001,No,x,,Flex Asset EOL and Site Risk Evaluation Tool Ver 3.0 3.6.25.xlsx,Entry- Site SPOF Data,39,51,54,Valid
CLT05,1.1100000000000001,Yes,x,The generators are separated completely A/B configuration,Flex Asset EOL and Site Risk Evaluation Tool Ver 3.0 3.6.25.xlsx,Entry- Site SPOF Data,39,55,58,Valid
DAL01,1.1100000000000001,No,x,,Flex Asset EOL and Site Risk Evaluation Tool Ver 3.0 3.6.25.xlsx,Entry- Site SPOF Data,39,59,62,Valid
DAL02,1.1100000000000001,No,X,,Flex Asset EOL and Site Risk Evaluation Tool Ver 3.0 3.6.25.xlsx,Entry- Site SPOF Data,39,63,66,Valid
DAL03,1.1100000000000001,No,X,,Flex Asset EOL and Site Risk Evaluation Tool Ver 3.0 3.6.25.xlsx,Entry- Site SPOF Data,39,67,70,Valid
DAL04,1.1100000000000001,No,X,,Flex Asset EOL and Site Risk Evaluation Tool Ver 3.0 3.6.25.xlsx,Entry- Site SPOF Data,39,71,74,Valid
DAL05,1.1100000000000001,No,X,,Flex Asset EOL and Site Risk Evaluation Tool Ver 3.0 3.6.25.xlsx,Entry- Site SPOF Data,39,75,78,Valid
DEN02,1.1100000000000001,N/A,X,One generator,Flex Asset EOL and Site Risk Evaluation Tool Ver 3.0 3.6.25.xlsx,Entry- Site SPOF Data,39,79,82,Valid
DEN03,1.1100000000000001,Yes,X,,Flex Asset EOL and Site Risk Evaluation Tool Ver 3.0 3.6.25.xlsx,Entry- Site SPOF Data,39,83,86,Valid
DEN05.01,1.1100000000000001,No,X,,Flex Asset EOL and Site Risk Evaluation Tool Ver 3.0 3.6.25.xlsx,Entry- Site SPOF Data,39,87,90,Valid
DEN05.02,1.1100000000000001,No,X,,Flex Asset EOL and Site Risk Evaluation Tool Ver 3.0 3.6.25.xlsx,Entry- Site SPOF Data,39,91,94,Valid
DEN11,1.1100000000000001,Yes,x,,Flex Asset EOL and Site Risk Evaluation Tool Ver 3.0 3.6.25.xlsx,Entry- Site SPOF Data,39,95,98,Valid
DFW01,1.1100000000000001,Yes,X,,Flex Asset EOL and Site Risk Evaluation Tool Ver 3.0 3.6.25.xlsx,Entry- Site SPOF Data,39,99,102,Valid
FLL01,1.1100000000000001,Yes,X,,Flex Asset EOL and Site Risk Evaluation Tool Ver 3.0 3.6.25.xlsx,Entry- Site SPOF Data,39,103,106,Valid
FLL02,1.1100000000000001,Yes,X,,Flex Asset EOL and Site Risk Evaluation Tool Ver 3.0 3.6.25.xlsx,Entry- Site SPOF Data,39,107,110,Valid
JAX01,1.1100000000000001,No,X,,Flex Asset EOL and Site Risk Evaluation Tool Ver 3.0 3.6.25.xlsx,Entry- Site SPOF Data,39,111,114,Valid
JAX02,1.1100000000000001,Yes,X,,Flex Asset EOL and Site Risk Evaluation Tool Ver 3.0 3.6.25.xlsx,Entry- Site SPOF Data,39,115,118,Valid
LAS03,1.1100000000000001,Yes,X,,Flex Asset EOL and Site Risk Evaluation Tool Ver 3.0 3.6.25.xlsx,Entry- Site SPOF Data,39,119,122,Valid
LAS04,1.1100000000000001,Yes,X,,Flex Asset EOL and Site Risk Evaluation Tool Ver 3.0 3.6.25.xlsx,Entry- Site SPOF Data,39,123,126,Valid
LAS05,1.1100000000000001,No,X,,Flex Asset EOL and Site Risk Evaluation Tool Ver 3.0 3.6.25.xlsx,Entry- Site SPOF Data,39,127,130,Valid
LOU02,1.1100000000000001,No,X,,Flex Asset EOL and Site Risk Evaluation Tool Ver 3.0 3.6.25.xlsx,Entry- Site SPOF Data,39,131,134,Valid
LOU03,1.1100000000000001,Yes,X,,Flex Asset EOL and Site Risk Evaluation Tool Ver 3.0 3.6.25.xlsx,Entry- Site SPOF Data,39,135,138,Valid
LOU04,1.1100000000000001,Yes,X,,Flex Asset EOL and Site Risk Evaluation Tool Ver 3.0 3.6.25.xlsx,Entry- Site SPOF Data,39,139,142,Valid
LOU05,1.1100000000000001,Yes,X,,Flex Asset EOL and Site Risk Evaluation Tool Ver 3.0 3.6.25.xlsx,Entry- Site SPOF Data,39,143,146,Valid
MSP01,1.1100000000000001,Yes,X,,Flex Asset EOL and Site Risk Evaluation Tool Ver 3.0 3.6.25.xlsx,Entry- Site SPOF Data,39,147,150,Valid
NAS01,1.1100000000000001,No,X,Signle generator,Flex Asset EOL and Site Risk Evaluation Tool Ver 3.0 3.6.25.xlsx,Entry- Site SPOF Data,39,151,154,Valid
NAS02,1.1100000000000001,Yes,x,,Flex Asset EOL and Site Risk Evaluation Tool Ver 3.0 3.6.25.xlsx,Entry- Site SPOF Data,39,155,158,Valid
NAS03,1.1100000000000001,Yes,X,,Flex Asset EOL and Site Risk Evaluation Tool Ver 3.0 3.6.25.xlsx,Entry- Site SPOF Data,39,159,162,Valid
NAS04,1.1100000000000001,No,X,Signle generator,Flex Asset EOL and Site Risk Evaluation Tool Ver 3.0 3.6.25.xlsx,Entry- Site SPOF Data,39,163,166,Valid
NAS05,1.1100000000000001,Yes,X,A gen power supply B gen power supply,Flex Asset EOL and Site Risk Evaluation Tool Ver 3.0 3.6.25.xlsx,Entry- Site SPOF Data,39,167,170,Valid
NAS06,1.1100000000000001,No,X,"A,B,C.D Power lineup.",Flex Asset EOL and Site Risk Evaluation Tool Ver 3.0 3.6.25.xlsx,Entry- Site SPOF Data,39,171,174,Valid
PDX01.01,1.1100000000000001,Yes,X,,Flex Asset EOL and Site Risk Evaluation Tool Ver 3.0 3.6.25.xlsx,Entry- Site SPOF Data,39,175,178,Valid
PDX01.02,1.1100000000000001,Yes,X,,Flex Asset EOL and Site Risk Evaluation Tool Ver 3.0 3.6.25.xlsx,Entry- Site SPOF Data,39,179,182,Valid
PDX02,1.1100000000000001,Yes,X,,Flex Asset EOL and Site Risk Evaluation Tool Ver 3.0 3.6.25.xlsx,Entry- Site SPOF Data,39,183,186,Valid
PDX03,1.1100000000000001,Yes,X,,Flex Asset EOL and Site Risk Evaluation Tool Ver 3.0 3.6.25.xlsx,Entry- Site SPOF Data,39,187,190,Valid
PDX04,1.1100000000000001,No,X,,Flex Asset EOL and Site Risk Evaluation Tool Ver 3.0 3.6.25.xlsx,Entry- Site SPOF Data,39,191,194,Valid
PHL01,1.1100000000000001,Yes,X,,Flex Asset EOL and Site Risk Evaluation Tool Ver 3.0 3.6.25.xlsx,Entry- Site SPOF Data,39,195,198,Valid
PHX01,1.1100000000000001,Yes,X,,Flex Asset EOL and Site Risk Evaluation Tool Ver 3.0 3.6.25.xlsx,Entry- Site SPOF Data,39,199,202,Valid
RAL01,1.1100000000000001,Yes,X,,Flex Asset EOL and Site Risk Evaluation Tool Ver 3.0 3.6.25.xlsx,Entry- Site SPOF Data,39,203,206,Valid
RAL02,1.1100000000000001,Yes,X,,Flex Asset EOL and Site Risk Evaluation Tool Ver 3.0 3.6.25.xlsx,Entry- Site SPOF Data,39,207,210,Valid
RAL03,1.1100000000000001,Yes,X,,Flex Asset EOL and Site Risk Evaluation Tool Ver 3.0 3.6.25.xlsx,Entry- Site SPOF Data,39,211,214,Valid
RCH01,1.1100000000000001,Yes,x,,Flex Asset EOL and Site Risk Evaluation Tool Ver 3.0 3.6.25.xlsx,Entry- Site SPOF Data,39,215,218,Valid
RIC01,1.1100000000000001,N/A,x,,Flex Asset EOL and Site Risk Evaluation Tool Ver 3.0 3.6.25.xlsx,Entry- Site SPOF Data,39,219,222,Valid
RIC02,1.1100000000000001,N/A,x,,Flex Asset EOL and Site Risk Evaluation Tool Ver 3.0 3.6.25.xlsx,Entry- Site SPOF Data,39,223,226,Valid
SLC03,1.1100000000000001,Yes,X,,Flex Asset EOL and Site Risk Evaluation Tool Ver 3.0 3.6.25.xlsx,Entry- Site SPOF Data,39,227,230,Valid
SLC04.01,1.1100000000000001,No,X,"Generators cannot be paralleled, manually or automatically.",Flex Asset EOL and Site Risk Evaluation Tool Ver 3.0 3.6.25.xlsx,Entry- Site SPOF Data,39,231,234,Valid
SLC04.02,1.1100000000000001,No,X,"Generators cannot be paralleled, manually or automatically.",Flex Asset EOL and Site Risk Evaluation Tool Ver 3.0 3.6.25.xlsx,Entry- Site SPOF Data,39,235,238,Valid
SLC04.03,1.1100000000000001,No,X,"Generators cannot be paralleled, manually or automatically.",Flex Asset EOL and Site Risk Evaluation Tool Ver 3.0 3.6.25.xlsx,Entry- Site SPOF Data,39,239,242,Valid
SLC07,1.1100000000000001,Yes,X,Single Generator Site,Flex Asset EOL and Site Risk Evaluation Tool Ver 3.0 3.6.25.xlsx,Entry- Site SPOF Data,39,243,246,Valid
SLC09,1.1100000000000001,Yes,X,,Flex Asset EOL and Site Risk Evaluation Tool Ver 3.0 3.6.25.xlsx,Entry- Site SPOF Data,39,247,250,Valid
SLC10,1.1100000000000001,No,X,No manual controls for paralleling. We could place a single generator on the bus manually but this would need to involve multiple faults so we would need a complicated procedure with specific faults assumed.,Flex Asset EOL and Site Risk Evaluation Tool Ver 3.0 3.6.25.xlsx,Entry- Site SPOF Data,39,251,254,Valid
TPA01,1.1100000000000001,No,X,,Flex Asset EOL and Site Risk Evaluation Tool Ver 3.0 3.6.25.xlsx,Entry- Site SPOF Data,39,255,258,Valid
TPA02,1.1100000000000001,No,X,,Flex Asset EOL and Site Risk Evaluation Tool Ver 3.0 3.6.25.xlsx,Entry- Site SPOF Data,39,259,262,Valid
TPA03,1.1100000000000001,No,X,,Flex Asset EOL and Site Risk Evaluation Tool Ver 3.0 3.6.25.xlsx,Entry- Site SPOF Data,39,263,266,Valid
TPA04,1.1100000000000001,No,X,,Flex Asset EOL and Site Risk Evaluation Tool Ver 3.0 3.6.25.xlsx,Entry- Site SPOF Data,39,267,270,Valid
ABE01,1.1200000000000001,Yes,x,,Flex Asset EOL and Site Risk Evaluation Tool Ver 3.0 3.6.25.xlsx,Entry- Site SPOF Data,40,7,10,Valid
ATL01,1.1200000000000001,Yes,X,,Flex Asset EOL and Site Risk Evaluation Tool Ver 3.0 3.6.25.xlsx,Entry- Site SPOF Data,40,11,14,Valid
ATL02,1.1200000000000001,Yes,X,,Flex Asset EOL and Site Risk Evaluation Tool Ver 3.0 3.6.25.xlsx,Entry- Site SPOF Data,40,15,18,Valid
ATL03,1.1200000000000001,Yes,x,,Flex Asset EOL and Site Risk Evaluation Tool Ver 3.0 3.6.25.xlsx,Entry- Site SPOF Data,40,19,22,Valid
ATL04,1.1200000000000001,Yes,x,,Flex Asset EOL and Site Risk Evaluation Tool Ver 3.0 3.6.25.xlsx,Entry- Site SPOF Data,40,23,26,Valid
ATL05,1.1200000000000001,Yes,X,,Flex Asset EOL and Site Risk Evaluation Tool Ver 3.0 3.6.25.xlsx,Entry- Site SPOF Data,40,27,30,Valid
CIN01,1.1200000000000001,Yes,X,,Flex Asset EOL and Site Risk Evaluation Tool Ver 3.0 3.6.25.xlsx,Entry- Site SPOF Data,40,31,34,Valid
CIN02,1.1200000000000001,Yes,X,,Flex Asset EOL and Site Risk Evaluation Tool Ver 3.0 3.6.25.xlsx,Entry- Site SPOF Data,40,35,38,Valid
CLT01,1.1200000000000001,Yes,x,,Flex Asset EOL and Site Risk Evaluation Tool Ver 3.0 3.6.25.xlsx,Entry- Site SPOF Data,40,39,42,Valid
CLT02,1.1200000000000001,Yes,x,,Flex Asset EOL and Site Risk Evaluation Tool Ver 3.0 3.6.25.xlsx,Entry- Site SPOF Data,40,43,46,Valid
CLT03,1.1200000000000001,Yes,x,,Flex Asset EOL and Site Risk Evaluation Tool Ver 3.0 3.6.25.xlsx,Entry- Site SPOF Data,40,47,50,Valid
CLT04,1.1200000000000001,Yes,x,,Flex Asset EOL and Site Risk Evaluation Tool Ver 3.0 3.6.25.xlsx,Entry- Site SPOF Data,40,51,54,Valid
CLT05,1.1200000000000001,Yes,x,,Flex Asset EOL and Site Risk Evaluation Tool Ver 3.0 3.6.25.xlsx,Entry- Site SPOF Data,40,55,58,Valid
DAL01,1.1200000000000001,Yes,X,,Flex Asset EOL and Site Risk Evaluation Tool Ver 3.0 3.6.25.xlsx,Entry- Site SPOF Data,40,59,62,Valid
DAL02,1.1200000000000001,Yes,X,,Flex Asset EOL and Site Risk Evaluation Tool Ver 3.0 3.6.25.xlsx,Entry- Site SPOF Data,40,63,66,Valid
DAL03,1.1200000000000001,Yes,X,,Flex Asset EOL and Site Risk Evaluation Tool Ver 3.0 3.6.25.xlsx,Entry- Site SPOF Data,40,67,70,Valid
DAL04,1.1200000000000001,Yes,X,,Flex Asset EOL and Site Risk Evaluation Tool Ver 3.0 3.6.25.xlsx,Entry- Site SPOF Data,40,71,74,Valid
DAL05,1.1200000000000001,Yes,X,,Flex Asset EOL and Site Risk Evaluation Tool Ver 3.0 3.6.25.xlsx,Entry- Site SPOF Data,40,75,78,Valid
DEN02,1.1200000000000001,Yes,X,,Flex Asset EOL and Site Risk Evaluation Tool Ver 3.0 3.6.25.xlsx,Entry- Site SPOF Data,40,79,82,Valid
DEN03,1.1200000000000001,Yes,X,,Flex Asset EOL and Site Risk Evaluation Tool Ver 3.0 3.6.25.xlsx,Entry- Site SPOF Data,40,83,86,Valid
DEN05.01,1.1200000000000001,Yes,X,,Flex Asset EOL and Site Risk Evaluation Tool Ver 3.0 3.6.25.xlsx,Entry- Site SPOF Data,40,87,90,Valid
DEN05.02,1.1200000000000001,Yes,X,,Flex Asset EOL and Site Risk Evaluation Tool Ver 3.0 3.6.25.xlsx,Entry- Site SPOF Data,40,91,94,Valid
DEN11,1.1200000000000001,Yes,x,,Flex Asset EOL and Site Risk Evaluation Tool Ver 3.0 3.6.25.xlsx,Entry- Site SPOF Data,40,95,98,Valid
DFW01,1.1200000000000001,Yes,X,,Flex Asset EOL and Site Risk Evaluation Tool Ver 3.0 3.6.25.xlsx,Entry- Site SPOF Data,40,99,102,Valid
FLL01,1.1200000000000001,Yes,X,,Flex Asset EOL and Site Risk Evaluation Tool Ver 3.0 3.6.25.xlsx,Entry- Site SPOF Data,40,103,106,Valid
FLL02,1.1200000000000001,Yes,X,,Flex Asset EOL and Site Risk Evaluation Tool Ver 3.0 3.6.25.xlsx,Entry- Site SPOF Data,40,107,110,Valid
JAX01,1.1200000000000001,Yes,X,,Flex Asset EOL and Site Risk Evaluation Tool Ver 3.0 3.6.25.xlsx,Entry- Site SPOF Data,40,111,114,Valid
JAX02,1.1200000000000001,Yes,X,,Flex Asset EOL and Site Risk Evaluation Tool Ver 3.0 3.6.25.xlsx,Entry- Site SPOF Data,40,115,118,Valid
LAS03,1.1200000000000001,Yes,X,,Flex Asset EOL and Site Risk Evaluation Tool Ver 3.0 3.6.25.xlsx,Entry- Site SPOF Data,40,119,122,Valid
LAS04,1.1200000000000001,Yes,X,,Flex Asset EOL and Site Risk Evaluation Tool Ver 3.0 3.6.25.xlsx,Entry- Site SPOF Data,40,123,126,Valid
LAS05,1.1200000000000001,Yes,X,,Flex Asset EOL and Site Risk Evaluation Tool Ver 3.0 3.6.25.xlsx,Entry- Site SPOF Data,40,127,130,Valid
LOU02,1.1200000000000001,Yes,X,,Flex Asset EOL and Site Risk Evaluation Tool Ver 3.0 3.6.25.xlsx,Entry- Site SPOF Data,40,131,134,Valid
LOU03,1.1200000000000001,Yes,X,,Flex Asset EOL and Site Risk Evaluation Tool Ver 3.0 3.6.25.xlsx,Entry- Site SPOF Data,40,135,138,Valid
LOU04,1.1200000000000001,Yes,X,,Flex Asset EOL and Site Risk Evaluation Tool Ver 3.0 3.6.25.xlsx,Entry- Site SPOF Data,40,139,142,Valid
LOU05,1.1200000000000001,No,X,,Flex Asset EOL and Site Risk Evaluation Tool Ver 3.0 3.6.25.xlsx,Entry- Site SPOF Data,40,143,146,Valid
MSP01,1.1200000000000001,Yes,X,,Flex Asset EOL and Site Risk Evaluation Tool Ver 3.0 3.6.25.xlsx,Entry- Site SPOF Data,40,147,150,Valid
NAS01,1.1200000000000001,Yes,X,,Flex Asset EOL and Site Risk Evaluation Tool Ver 3.0 3.6.25.xlsx,Entry- Site SPOF Data,40,151,154,Valid
NAS02,1.1200000000000001,Yes,x,,Flex Asset EOL and Site Risk Evaluation Tool Ver 3.0 3.6.25.xlsx,Entry- Site SPOF Data,40,155,158,Valid
NAS03,1.1200000000000001,Yes,X,,Flex Asset EOL and Site Risk Evaluation Tool Ver 3.0 3.6.25.xlsx,Entry- Site SPOF Data,40,159,162,Valid
NAS04,1.1200000000000001,Yes,X,,Flex Asset EOL and Site Risk Evaluation Tool Ver 3.0 3.6.25.xlsx,Entry- Site SPOF Data,40,163,166,Valid
NAS05,1.1200000000000001,Yes,X,,Flex Asset EOL and Site Risk Evaluation Tool Ver 3.0 3.6.25.xlsx,Entry- Site SPOF Data,40,167,170,Valid
NAS06,1.1200000000000001,Yes,X,,Flex Asset EOL and Site Risk Evaluation Tool Ver 3.0 3.6.25.xlsx,Entry- Site SPOF Data,40,171,174,Valid
PDX01.01,1.1200000000000001,Yes,X,,Flex Asset EOL and Site Risk Evaluation Tool Ver 3.0 3.6.25.xlsx,Entry- Site SPOF Data,40,175,178,Valid
PDX01.02,1.1200000000000001,Yes,X,,Flex Asset EOL and Site Risk Evaluation Tool Ver 3.0 3.6.25.xlsx,Entry- Site SPOF Data,40,179,182,Valid
PDX02,1.1200000000000001,Yes,X,,Flex Asset EOL and Site Risk Evaluation Tool Ver 3.0 3.6.25.xlsx,Entry- Site SPOF Data,40,183,186,Valid
PDX03,1.1200000000000001,Yes,X,,Flex Asset EOL and Site Risk Evaluation Tool Ver 3.0 3.6.25.xlsx,Entry- Site SPOF Data,40,187,190,Valid
PDX04,1.1200000000000001,No,X,,Flex Asset EOL and Site Risk Evaluation Tool Ver 3.0 3.6.25.xlsx,Entry- Site SPOF Data,40,191,194,Valid
PHL01,1.1200000000000001,Yes,X,,Flex Asset EOL and Site Risk Evaluation Tool Ver 3.0 3.6.25.xlsx,Entry- Site SPOF Data,40,195,198,Valid
PHX01,1.1200000000000001,Yes,X,,Flex Asset EOL and Site Risk Evaluation Tool Ver 3.0 3.6.25.xlsx,Entry- Site SPOF Data,40,199,202,Valid
RAL01,1.1200000000000001,Yes,X,,Flex Asset EOL and Site Risk Evaluation Tool Ver 3.0 3.6.25.xlsx,Entry- Site SPOF Data,40,203,206,Valid
RAL02,1.1200000000000001,Yes,X,,Flex Asset EOL and Site Risk Evaluation Tool Ver 3.0 3.6.25.xlsx,Entry- Site SPOF Data,40,207,210,Valid
RAL03,1.1200000000000001,Yes,X,,Flex Asset EOL and Site Risk Evaluation Tool Ver 3.0 3.6.25.xlsx,Entry- Site SPOF Data,40,211,214,Valid
RCH01,1.1200000000000001,Yes,x,,Flex Asset EOL and Site Risk Evaluation Tool Ver 3.0 3.6.25.xlsx,Entry- Site SPOF Data,40,215,218,Valid
RIC01,1.1200000000000001,Yes,x,,Flex Asset EOL and Site Risk Evaluation Tool Ver 3.0 3.6.25.xlsx,Entry- Site SPOF Data,40,219,222,Valid
RIC02,1.1200000000000001,Yes,x,,Flex Asset EOL and Site Risk Evaluation Tool Ver 3.0 3.6.25.xlsx,Entry- Site SPOF Data,40,223,226,Valid
SLC03,1.1200000000000001,Yes,X,,Flex Asset EOL and Site Risk Evaluation Tool Ver 3.0 3.6.25.xlsx,Entry- Site SPOF Data,40,227,230,Valid
SLC04.01,1.1200000000000001,Yes,X,We can initiate a Load test and divorce from Utility with our control devices (ATS.),Flex Asset EOL and Site Risk Evaluation Tool Ver 3.0 3.6.25.xlsx,Entry- Site SPOF Data,40,231,234,Valid
SLC04.02,1.1200000000000001,Yes,X,We can initiate a Load test and divorce from Utility with our control devices (ATS.),Flex Asset EOL and Site Risk Evaluation Tool Ver 3.0 3.6.25.xlsx,Entry- Site SPOF Data,40,235,238,Valid
SLC04.03,1.1200000000000001,Yes,X,The PLC can be placed in manual mode and breakers can be operated.,Flex Asset EOL and Site Risk Evaluation Tool Ver 3.0 3.6.25.xlsx,Entry- Site SPOF Data,40,239,242,Valid
SLC07,1.1200000000000001,Yes,X,Controlled through ATS,Flex Asset EOL and Site Risk Evaluation Tool Ver 3.0 3.6.25.xlsx,Entry- Site SPOF Data,40,243,246,Valid
SLC09,1.1200000000000001,Yes,X,,Flex Asset EOL and Site Risk Evaluation Tool Ver 3.0 3.6.25.xlsx,Entry- Site SPOF Data,40,247,250,Valid
SLC10,1.1200000000000001,Yes,X,We can initiate a load test and divorce from Utility with our control devices. I recommend we call this Manual-Electric shift as it would be using the ATS's controllers. Please note that we do not have a single controller for our site we have to shift each ATS individually. We could start the generators and then close breakers manually but we are not designed for this and this would require multiple faults to have occurred and we would lose protection. We do not have metering on every bus.,Flex Asset EOL and Site Risk Evaluation Tool Ver 3.0 3.6.25.xlsx,Entry- Site SPOF Data,40,251,254,Valid
TPA01,1.1200000000000001,Yes,X,,Flex Asset EOL and Site Risk Evaluation Tool Ver 3.0 3.6.25.xlsx,Entry- Site SPOF Data,40,255,258,Valid
TPA02,1.1200000000000001,Yes,X,,Flex Asset EOL and Site Risk Evaluation Tool Ver 3.0 3.6.25.xlsx,Entry- Site SPOF Data,40,259,262,Valid
TPA03,1.1200000000000001,Yes,X,,Flex Asset EOL and Site Risk Evaluation Tool Ver 3.0 3.6.25.xlsx,Entry- Site SPOF Data,40,263,266,Valid
TPA04,1.1200000000000001,Yes,X,,Flex Asset EOL and Site Risk Evaluation Tool Ver 3.0 3.6.25.xlsx,Entry- Site SPOF Data,40,267,270,Valid
ABE01,1.1300000000000001,Yes,x,,Flex Asset EOL and Site Risk Evaluation Tool Ver 3.0 3.6.25.xlsx,Entry- Site SPOF Data,41,7,10,Valid
ATL01,1.1300000000000001,Yes,X,,Flex Asset EOL and Site Risk Evaluation Tool Ver 3.0 3.6.25.xlsx,Entry- Site SPOF Data,41,11,14,Valid
ATL02,1.1300000000000001,Yes,X,,Flex Asset EOL and Site Risk Evaluation Tool Ver 3.0 3.6.25.xlsx,Entry- Site SPOF Data,41,15,18,Valid
ATL03,1.1300000000000001,Yes,x,,Flex Asset EOL and Site Risk Evaluation Tool Ver 3.0 3.6.25.xlsx,Entry- Site SPOF Data,41,19,22,Valid
ATL04,1.1300000000000001,Yes,x,,Flex Asset EOL and Site Risk Evaluation Tool Ver 3.0 3.6.25.xlsx,Entry- Site SPOF Data,41,23,26,Valid
ATL05,1.1300000000000001,No,X,,Flex Asset EOL and Site Risk Evaluation Tool Ver 3.0 3.6.25.xlsx,Entry- Site SPOF Data,41,27,30,Valid
CIN01,1.1300000000000001,Yes,X,,Flex Asset EOL and Site Risk Evaluation Tool Ver 3.0 3.6.25.xlsx,Entry- Site SPOF Data,41,31,34,Valid
CIN02,1.1300000000000001,Yes,X,,Flex Asset EOL and Site Risk Evaluation Tool Ver 3.0 3.6.25.xlsx,Entry- Site SPOF Data,41,35,38,Valid
CLT01,1.1300000000000001,Yes,x,,Flex Asset EOL and Site Risk Evaluation Tool Ver 3.0 3.6.25.xlsx,Entry- Site SPOF Data,41,39,42,Valid
CLT02,1.1300000000000001,Yes,x,,Flex Asset EOL and Site Risk Evaluation Tool Ver 3.0 3.6.25.xlsx,Entry- Site SPOF Data,41,43,46,Valid
CLT03,1.1300000000000001,Yes,x,,Flex Asset EOL and Site Risk Evaluation Tool Ver 3.0 3.6.25.xlsx,Entry- Site SPOF Data,41,47,50,Valid
CLT04,1.1300000000000001,Yes,x,,Flex Asset EOL and Site Risk Evaluation Tool Ver 3.0 3.6.25.xlsx,Entry- Site SPOF Data,41,51,54,Valid
CLT05,1.1300000000000001,No,x,A/B side switchgear with tie-breaker.,Flex Asset EOL and Site Risk Evaluation Tool Ver 3.0 3.6.25.xlsx,Entry- Site SPOF Data,41,55,58,Valid
DAL01,1.1300000000000001,Yes,x,,Flex Asset EOL and Site Risk Evaluation Tool Ver 3.0 3.6.25.xlsx,Entry- Site SPOF Data,41,59,62,Valid
DAL02,1.1300000000000001,Yes,X,,Flex Asset EOL and Site Risk Evaluation Tool Ver 3.0 3.6.25.xlsx,Entry- Site SPOF Data,41,63,66,Valid
DAL03,1.1300000000000001,Yes,X,,Flex Asset EOL and Site Risk Evaluation Tool Ver 3.0 3.6.25.xlsx,Entry- Site SPOF Data,41,67,70,Valid
DAL04,1.1300000000000001,No,X,,Flex Asset EOL and Site Risk Evaluation Tool Ver 3.0 3.6.25.xlsx,Entry- Site SPOF Data,41,71,74,Valid
DAL05,1.1300000000000001,No,X,,Flex Asset EOL and Site Risk Evaluation Tool Ver 3.0 3.6.25.xlsx,Entry- Site SPOF Data,41,75,78,Valid
DEN02,1.1300000000000001,Yes,X,,Flex Asset EOL and Site Risk Evaluation Tool Ver 3.0 3.6.25.xlsx,Entry- Site SPOF Data,41,79,82,Valid
DEN03,1.1300000000000001,Yes,X,,Flex Asset EOL and Site Risk Evaluation Tool Ver 3.0 3.6.25.xlsx,Entry- Site SPOF Data,41,83,86,Valid
DEN05.01,1.1300000000000001,Yes,X,,Flex Asset EOL and Site Risk Evaluation Tool Ver 3.0 3.6.25.xlsx,Entry- Site SPOF Data,41,87,90,Valid
DEN05.02,1.1300000000000001,Yes,X,,Flex Asset EOL and Site Risk Evaluation Tool Ver 3.0 3.6.25.xlsx,Entry- Site SPOF Data,41,91,94,Valid
DEN11,1.1300000000000001,No,x,,Flex Asset EOL and Site Risk Evaluation Tool Ver 3.0 3.6.25.xlsx,Entry- Site SPOF Data,41,95,98,Valid
DFW01,1.1300000000000001,No,X,We ha 2 Buss A & B generators go to both,Flex Asset EOL and Site Risk Evaluation Tool Ver 3.0 3.6.25.xlsx,Entry- Site SPOF Data,41,99,102,Valid
FLL01,1.1300000000000001,Yes,X,,Flex Asset EOL and Site Risk Evaluation Tool Ver 3.0 3.6.25.xlsx,Entry- Site SPOF Data,41,103,106,Valid
FLL02,1.1300000000000001,Yes,X,,Flex Asset EOL and Site Risk Evaluation Tool Ver 3.0 3.6.25.xlsx,Entry- Site SPOF Data,41,107,110,Valid
JAX01,1.1300000000000001,Yes,X,,Flex Asset EOL and Site Risk Evaluation Tool Ver 3.0 3.6.25.xlsx,Entry- Site SPOF Data,41,111,114,Valid
JAX02,1.1300000000000001,Yes,X,,Flex Asset EOL and Site Risk Evaluation Tool Ver 3.0 3.6.25.xlsx,Entry- Site SPOF Data,41,115,118,Valid
LAS03,1.1300000000000001,Yes,X,,Flex Asset EOL and Site Risk Evaluation Tool Ver 3.0 3.6.25.xlsx,Entry- Site SPOF Data,41,119,122,Valid
LAS04,1.1300000000000001,Yes,X,,Flex Asset EOL and Site Risk Evaluation Tool Ver 3.0 3.6.25.xlsx,Entry- Site SPOF Data,41,123,126,Valid
LAS05,1.1300000000000001,Yes,X,,Flex Asset EOL and Site Risk Evaluation Tool Ver 3.0 3.6.25.xlsx,Entry- Site SPOF Data,41,127,130,Valid
LOU02,1.1300000000000001,Yes,X,,Flex Asset EOL and Site Risk Evaluation Tool Ver 3.0 3.6.25.xlsx,Entry- Site SPOF Data,41,131,134,Valid
LOU03,1.1300000000000001,Yes,X,,Flex Asset EOL and Site Risk Evaluation Tool Ver 3.0 3.6.25.xlsx,Entry- Site SPOF Data,41,135,138,Valid
LOU04,1.1300000000000001,Yes,X,,Flex Asset EOL and Site Risk Evaluation Tool Ver 3.0 3.6.25.xlsx,Entry- Site SPOF Data,41,139,142,Valid
LOU05,1.1300000000000001,No,X,,Flex Asset EOL and Site Risk Evaluation Tool Ver 3.0 3.6.25.xlsx,Entry- Site SPOF Data,41,143,146,Valid
MSP01,1.1300000000000001,Yes,X,"2N bus available, only one can be used at a time.",Flex Asset EOL and Site Risk Evaluation Tool Ver 3.0 3.6.25.xlsx,Entry- Site SPOF Data,41,147,150,Valid
NAS01,1.1300000000000001,Yes,X,,Flex Asset EOL and Site Risk Evaluation Tool Ver 3.0 3.6.25.xlsx,Entry- Site SPOF Data,41,151,154,Valid
NAS02,1.1300000000000001,Yes,x,,Flex Asset EOL and Site Risk Evaluation Tool Ver 3.0 3.6.25.xlsx,Entry- Site SPOF Data,41,155,158,Valid
NAS03,1.1300000000000001,Yes,X,,Flex Asset EOL and Site Risk Evaluation Tool Ver 3.0 3.6.25.xlsx,Entry- Site SPOF Data,41,159,162,Valid
NAS04,1.1300000000000001,Yes,X,,Flex Asset EOL and Site Risk Evaluation Tool Ver 3.0 3.6.25.xlsx,Entry- Site SPOF Data,41,163,166,Valid
NAS05,1.1300000000000001,Yes,X,,Flex Asset EOL and Site Risk Evaluation Tool Ver 3.0 3.6.25.xlsx,Entry- Site SPOF Data,41,167,170,Valid
NAS06,1.1300000000000001,Yes,X,,Flex Asset EOL and Site Risk Evaluation Tool Ver 3.0 3.6.25.xlsx,Entry- Site SPOF Data,41,171,174,Valid
PDX01.01,1.1300000000000001,Yes,X,,Flex Asset EOL and Site Risk Evaluation Tool Ver 3.0 3.6.25.xlsx,Entry- Site SPOF Data,41,175,178,Valid
PDX01.02,1.1300000000000001,Yes,X,,Flex Asset EOL and Site Risk Evaluation Tool Ver 3.0 3.6.25.xlsx,Entry- Site SPOF Data,41,179,182,Valid
PDX02,1.1300000000000001,Yes,X,GPSA or GPSB but not both at the same time,Flex Asset EOL and Site Risk Evaluation Tool Ver 3.0 3.6.25.xlsx,Entry- Site SPOF Data,41,183,186,Valid
PDX03,1.1300000000000001,No,X,Generators output to either GPSA or GPSB depending on which Gen bus selected,Flex Asset EOL and Site Risk Evaluation Tool Ver 3.0 3.6.25.xlsx,Entry- Site SPOF Data,41,187,190,Valid
PDX04,1.1300000000000001,No,X,,Flex Asset EOL and Site Risk Evaluation Tool Ver 3.0 3.6.25.xlsx,Entry- Site SPOF Data,41,191,194,Valid
PHL01,1.1300000000000001,Yes,X,,Flex Asset EOL and Site Risk Evaluation Tool Ver 3.0 3.6.25.xlsx,Entry- Site SPOF Data,41,195,198,Valid
PHX01,1.1300000000000001,No,X,WE HAVE TO BUSES WITH GENERATORS ABLE TO SWING,Flex Asset EOL and Site Risk Evaluation Tool Ver 3.0 3.6.25.xlsx,Entry- Site SPOF Data,41,199,202,Valid
RAL01,1.1300000000000001,Yes,X,,Flex Asset EOL and Site Risk Evaluation Tool Ver 3.0 3.6.25.xlsx,Entry- Site SPOF Data,41,203,206,Valid
RAL02,1.1300000000000001,Yes,X,,Flex Asset EOL and Site Risk Evaluation Tool Ver 3.0 3.6.25.xlsx,Entry- Site SPOF Data,41,207,210,Valid
RAL03,1.1300000000000001,Yes,X,,Flex Asset EOL and Site Risk Evaluation Tool Ver 3.0 3.6.25.xlsx,Entry- Site SPOF Data,41,211,214,Valid
RCH01,1.1300000000000001,Yes,x,,Flex Asset EOL and Site Risk Evaluation Tool Ver 3.0 3.6.25.xlsx,Entry- Site SPOF Data,41,215,218,Valid
RIC01,1.1300000000000001,Yes,x,RIC1 has an A & B feed,Flex Asset EOL and Site Risk Evaluation Tool Ver 3.0 3.6.25.xlsx,Entry- Site SPOF Data,41,219,222,Valid
RIC02,1.1300000000000001,Yes,x,,Flex Asset EOL and Site Risk Evaluation Tool Ver 3.0 3.6.25.xlsx,Entry- Site SPOF Data,41,223,226,Valid
SLC03,1.1300000000000001,Yes,X,,Flex Asset EOL and Site Risk Evaluation Tool Ver 3.0 3.6.25.xlsx,Entry- Site SPOF Data,41,227,230,Valid
SLC04.01,1.1300000000000001,No,X,,Flex Asset EOL and Site Risk Evaluation Tool Ver 3.0 3.6.25.xlsx,Entry- Site SPOF Data,41,231,234,Valid
SLC04.02,1.1300000000000001,No,X,,Flex Asset EOL and Site Risk Evaluation Tool Ver 3.0 3.6.25.xlsx,Entry- Site SPOF Data,41,235,238,Valid
SLC04.03,1.1300000000000001,No,X,,Flex Asset EOL and Site Risk Evaluation Tool Ver 3.0 3.6.25.xlsx,Entry- Site SPOF Data,41,239,242,Valid
SLC07,1.1300000000000001,Yes,X,Single Generator Site,Flex Asset EOL and Site Risk Evaluation Tool Ver 3.0 3.6.25.xlsx,Entry- Site SPOF Data,41,243,246,Valid
SLC09,1.1300000000000001,Yes,X,,Flex Asset EOL and Site Risk Evaluation Tool Ver 3.0 3.6.25.xlsx,Entry- Site SPOF Data,41,247,250,Valid
SLC10,1.1300000000000001,Yes,X,,Flex Asset EOL and Site Risk Evaluation Tool Ver 3.0 3.6.25.xlsx,Entry- Site SPOF Data,41,251,254,Valid
TPA01,1.1300000000000001,Yes,X,,Flex Asset EOL and Site Risk Evaluation Tool Ver 3.0 3.6.25.xlsx,Entry- Site SPOF Data,41,255,258,Valid
TPA02,1.1300000000000001,Yes,X,,Flex Asset EOL and Site Risk Evaluation Tool Ver 3.0 3.6.25.xlsx,Entry- Site SPOF Data,41,259,262,Valid
TPA03,1.1300000000000001,Yes,X,,Flex Asset EOL and Site Risk Evaluation Tool Ver 3.0 3.6.25.xlsx,Entry- Site SPOF Data,41,263,266,Valid
TPA04,1.1300000000000001,Yes,X,,Flex Asset EOL and Site Risk Evaluation Tool Ver 3.0 3.6.25.xlsx,Entry- Site SPOF Data,41,267,270,Valid
ABE01,2,Blank,,,Flex Asset EOL and Site Risk Evaluation Tool Ver 3.0 3.6.25.xlsx,Entry- Site SPOF Data,42,7,10,Blank
ATL01,2,Blank,,,Flex Asset EOL and Site Risk Evaluation Tool Ver 3.0 3.6.25.xlsx,Entry- Site SPOF Data,42,11,14,Blank
ATL02,2,Blank,,,Flex Asset EOL and Site Risk Evaluation Tool Ver 3.0 3.6.25.xlsx,Entry- Site SPOF Data,42,15,18,Blank
ATL03,2,Blank,,,Flex Asset EOL and Site Risk Evaluation Tool Ver 3.0 3.6.25.xlsx,Entry- Site SPOF Data,42,19,22,Blank
ATL04,2,Blank,,,Flex Asset EOL and Site Risk Evaluation Tool Ver 3.0 3.6.25.xlsx,Entry- Site SPOF Data,42,23,26,Blank
ATL05,2,Blank,,,Flex Asset EOL and Site Risk Evaluation Tool Ver 3.0 3.6.25.xlsx,Entry- Site SPOF Data,42,27,30,Blank
CIN01,2,Blank,,,Flex Asset EOL and Site Risk Evaluation Tool Ver 3.0 3.6.25.xlsx,Entry- Site SPOF Data,42,31,34,Blank
CIN02,2,Blank,,,Flex Asset EOL and Site Risk Evaluation Tool Ver 3.0 3.6.25.xlsx,Entry- Site SPOF Data,42,35,38,Blank
CLT01,2,Blank,,,Flex Asset EOL and Site Risk Evaluation Tool Ver 3.0 3.6.25.xlsx,Entry- Site SPOF Data,42,39,42,Blank
CLT02,2,Blank,,,Flex Asset EOL and Site Risk Evaluation Tool Ver 3.0 3.6.25.xlsx,Entry- Site SPOF Data,42,43,46,Blank
CLT03,2,Blank,,,Flex Asset EOL and Site Risk Evaluation Tool Ver 3.0 3.6.25.xlsx,Entry- Site SPOF Data,42,47,50,Blank
CLT04,2,Blank,,,Flex Asset EOL and Site Risk Evaluation Tool Ver 3.0 3.6.25.xlsx,Entry- Site SPOF Data,42,51,54,Blank
CLT05,2,Blank,,,Flex Asset EOL and Site Risk Evaluation Tool Ver 3.0 3.6.25.xlsx,Entry- Site SPOF Data,42,55,58,Blank
DAL01,2,Blank,,,Flex Asset EOL and Site Risk Evaluation Tool Ver 3.0 3.6.25.xlsx,Entry- Site SPOF Data,42,59,62,Blank
DAL02,2,Blank,,,Flex Asset EOL and Site Risk Evaluation Tool Ver 3.0 3.6.25.xlsx,Entry- Site SPOF Data,42,63,66,Blank
DAL03,2,Blank,,,Flex Asset EOL and Site Risk Evaluation Tool Ver 3.0 3.6.25.xlsx,Entry- Site SPOF Data,42,67,70,Blank
DAL04,2,Blank,,,Flex Asset EOL and Site Risk Evaluation Tool Ver 3.0 3.6.25.xlsx,Entry- Site SPOF Data,42,71,74,Blank
DAL05,2,Blank,,,Flex Asset EOL and Site Risk Evaluation Tool Ver 3.0 3.6.25.xlsx,Entry- Site SPOF Data,42,75,78,Blank
DEN02,2,Blank,,,Flex Asset EOL and Site Risk Evaluation Tool Ver 3.0 3.6.25.xlsx,Entry- Site SPOF Data,42,79,82,Blank
DEN03,2,Blank,,,Flex Asset EOL and Site Risk Evaluation Tool Ver 3.0 3.6.25.xlsx,Entry- Site SPOF Data,42,83,86,Blank
DEN05.01,2,Blank,,,Flex Asset EOL and Site Risk Evaluation Tool Ver 3.0 3.6.25.xlsx,Entry- Site SPOF Data,42,87,90,Blank
DEN05.02,2,Blank,,,Flex Asset EOL and Site Risk Evaluation Tool Ver 3.0 3.6.25.xlsx,Entry- Site SPOF Data,42,91,94,Blank
DEN11,2,Blank,,,Flex Asset EOL and Site Risk Evaluation Tool Ver 3.0 3.6.25.xlsx,Entry- Site SPOF Data,42,95,98,Blank
DFW01,2,Blank,,,Flex Asset EOL and Site Risk Evaluation Tool Ver 3.0 3.6.25.xlsx,Entry- Site SPOF Data,42,99,102,Blank
FLL01,2,Blank,,,Flex Asset EOL and Site Risk Evaluation Tool Ver 3.0 3.6.25.xlsx,Entry- Site SPOF Data,42,103,106,Blank
FLL02,2,Blank,,,Flex Asset EOL and Site Risk Evaluation Tool Ver 3.0 3.6.25.xlsx,Entry- Site SPOF Data,42,107,110,Blank
JAX01,2,Blank,,,Flex Asset EOL and Site Risk Evaluation Tool Ver 3.0 3.6.25.xlsx,Entry- Site SPOF Data,42,111,114,Blank
JAX02,2,Blank,,,Flex Asset EOL and Site Risk Evaluation Tool Ver 3.0 3.6.25.xlsx,Entry- Site SPOF Data,42,115,118,Blank
LAS03,2,Blank,,,Flex Asset EOL and Site Risk Evaluation Tool Ver 3.0 3.6.25.xlsx,Entry- Site SPOF Data,42,119,122,Blank
LAS04,2,Blank,,,Flex Asset EOL and Site Risk Evaluation Tool Ver 3.0 3.6.25.xlsx,Entry- Site SPOF Data,42,123,126,Blank
LAS05,2,Blank,,,Flex Asset EOL and Site Risk Evaluation Tool Ver 3.0 3.6.25.xlsx,Entry- Site SPOF Data,42,127,130,Blank
LOU02,2,Blank,,,Flex Asset EOL and Site Risk Evaluation Tool Ver 3.0 3.6.25.xlsx,Entry- Site SPOF Data,42,131,134,Blank
LOU03,2,Blank,,,Flex Asset EOL and Site Risk Evaluation Tool Ver 3.0 3.6.25.xlsx,Entry- Site SPOF Data,42,135,138,Blank
LOU04,2,Blank,,,Flex Asset EOL and Site Risk Evaluation Tool Ver 3.0 3.6.25.xlsx,Entry- Site SPOF Data,42,139,142,Blank
LOU05,2,Blank,,,Flex Asset EOL and Site Risk Evaluation Tool Ver 3.0 3.6.25.xlsx,Entry- Site SPOF Data,42,143,146,Blank
MSP01,2,Blank,,,Flex Asset EOL and Site Risk Evaluation Tool Ver 3.0 3.6.25.xlsx,Entry- Site SPOF Data,42,147,150,Blank
NAS01,2,Blank,,,Flex Asset EOL and Site Risk Evaluation Tool Ver 3.0 3.6.25.xlsx,Entry- Site SPOF Data,42,151,154,Blank
NAS02,2,Blank,,,Flex Asset EOL and Site Risk Evaluation Tool Ver 3.0 3.6.25.xlsx,Entry- Site SPOF Data,42,155,158,Blank
NAS03,2,Blank,,,Flex Asset EOL and Site Risk Evaluation Tool Ver 3.0 3.6.25.xlsx,Entry- Site SPOF Data,42,159,162,Blank
NAS04,2,Blank,,,Flex Asset EOL and Site Risk Evaluation Tool Ver 3.0 3.6.25.xlsx,Entry- Site SPOF Data,42,163,166,Blank
NAS05,2,Blank,,,Flex Asset EOL and Site Risk Evaluation Tool Ver 3.0 3.6.25.xlsx,Entry- Site SPOF Data,42,167,170,Blank
NAS06,2,Blank,,,Flex Asset EOL and Site Risk Evaluation Tool Ver 3.0 3.6.25.xlsx,Entry- Site SPOF Data,42,171,174,Blank
PDX01.01,2,Blank,,,Flex Asset EOL and Site Risk Evaluation Tool Ver 3.0 3.6.25.xlsx,Entry- Site SPOF Data,42,175,178,Blank
PDX01.02,2,Blank,,,Flex Asset EOL and Site Risk Evaluation Tool Ver 3.0 3.6.25.xlsx,Entry- Site SPOF Data,42,179,182,Blank
PDX02,2,Blank,,,Flex Asset EOL and Site Risk Evaluation Tool Ver 3.0 3.6.25.xlsx,Entry- Site SPOF Data,42,183,186,Blank
PDX03,2,Blank,,,Flex Asset EOL and Site Risk Evaluation Tool Ver 3.0 3.6.25.xlsx,Entry- Site SPOF Data,42,187,190,Blank
PDX04,2,Blank,,,Flex Asset EOL and Site Risk Evaluation Tool Ver 3.0 3.6.25.xlsx,Entry- Site SPOF Data,42,191,194,Blank
PHL01,2,Blank,,,Flex Asset EOL and Site Risk Evaluation Tool Ver 3.0 3.6.25.xlsx,Entry- Site SPOF Data,42,195,198,Blank
PHX01,2,Blank,,,Flex Asset EOL and Site Risk Evaluation Tool Ver 3.0 3.6.25.xlsx,Entry- Site SPOF Data,42,199,202,Blank
RAL01,2,Blank,,,Flex Asset EOL and Site Risk Evaluation Tool Ver 3.0 3.6.25.xlsx,Entry- Site SPOF Data,42,203,206,Blank
RAL02,2,Blank,,,Flex Asset EOL and Site Risk Evaluation Tool Ver 3.0 3.6.25.xlsx,Entry- Site SPOF Data,42,207,210,Blank
RAL03,2,Blank,,,Flex Asset EOL and Site Risk Evaluation Tool Ver 3.0 3.6.25.xlsx,Entry- Site SPOF Data,42,211,214,Blank
RCH01,2,Blank,,,Flex Asset EOL and Site Risk Evaluation Tool Ver 3.0 3.6.25.xlsx,Entry- Site SPOF Data,42,215,218,Blank
RIC01,2,Blank,,,Flex Asset EOL and Site Risk Evaluation Tool Ver 3.0 3.6.25.xlsx,Entry- Site SPOF Data,42,219,222,Blank
RIC02,2,Blank,,,Flex Asset EOL and Site Risk Evaluation Tool Ver 3.0 3.6.25.xlsx,Entry- Site SPOF Data,42,223,226,Blank
SLC03,2,Blank,,,Flex Asset EOL and Site Risk Evaluation Tool Ver 3.0 3.6.25.xlsx,Entry- Site SPOF Data,42,227,230,Blank
SLC04.01,2,Blank,,,Flex Asset EOL and Site Risk Evaluation Tool Ver 3.0 3.6.25.xlsx,Entry- Site SPOF Data,42,231,234,Blank
SLC04.02,2,Blank,,,Flex Asset EOL and Site Risk Evaluation Tool Ver 3.0 3.6.25.xlsx,Entry- Site SPOF Data,42,235,238,Blank
SLC04.03,2,Blank,,,Flex Asset EOL and Site Risk Evaluation Tool Ver 3.0 3.6.25.xlsx,Entry- Site SPOF Data,42,239,242,Blank
SLC07,2,Blank,,,Flex Asset EOL and Site Risk Evaluation Tool Ver 3.0 3.6.25.xlsx,Entry- Site SPOF Data,42,243,246,Blank
SLC09,2,Blank,,,Flex Asset EOL and Site Risk Evaluation Tool Ver 3.0 3.6.25.xlsx,Entry- Site SPOF Data,42,247,250,Blank
SLC10,2,Blank,,,Flex Asset EOL and Site Risk Evaluation Tool Ver 3.0 3.6.25.xlsx,Entry- Site SPOF Data,42,251,254,Blank
TPA01,2,Blank,,,Flex Asset EOL and Site Risk Evaluation Tool Ver 3.0 3.6.25.xlsx,Entry- Site SPOF Data,42,255,258,Blank
TPA02,2,Blank,,,Flex Asset EOL and Site Risk Evaluation Tool Ver 3.0 3.6.25.xlsx,Entry- Site SPOF Data,42,259,262,Blank
TPA03,2,Blank,,,Flex Asset EOL and Site Risk Evaluation Tool Ver 3.0 3.6.25.xlsx,Entry- Site SPOF Data,42,263,266,Blank
TPA04,2,Blank,,,Flex Asset EOL and Site Risk Evaluation Tool Ver 3.0 3.6.25.xlsx,Entry- Site SPOF Data,42,267,270,Blank
ABE01,2.0099999999999998,Yes,x,,Flex Asset EOL and Site Risk Evaluation Tool Ver 3.0 3.6.25.xlsx,Entry- Site SPOF Data,43,7,10,Valid
ATL01,2.0099999999999998,Yes,X,,Flex Asset EOL and Site Risk Evaluation Tool Ver 3.0 3.6.25.xlsx,Entry- Site SPOF Data,43,11,14,Valid
ATL02,2.0099999999999998,Yes,X,,Flex Asset EOL and Site Risk Evaluation Tool Ver 3.0 3.6.25.xlsx,Entry- Site SPOF Data,43,15,18,Valid
ATL03,2.0099999999999998,Yes,x,,Flex Asset EOL and Site Risk Evaluation Tool Ver 3.0 3.6.25.xlsx,Entry- Site SPOF Data,43,19,22,Valid
ATL04,2.0099999999999998,Yes,x,,Flex Asset EOL and Site Risk Evaluation Tool Ver 3.0 3.6.25.xlsx,Entry- Site SPOF Data,43,23,26,Valid
ATL05,2.0099999999999998,Yes,X,,Flex Asset EOL and Site Risk Evaluation Tool Ver 3.0 3.6.25.xlsx,Entry- Site SPOF Data,43,27,30,Valid
CIN01,2.0099999999999998,Yes,X,,Flex Asset EOL and Site Risk Evaluation Tool Ver 3.0 3.6.25.xlsx,Entry- Site SPOF Data,43,31,34,Valid
CIN02,2.0099999999999998,Yes,X,,Flex Asset EOL and Site Risk Evaluation Tool Ver 3.0 3.6.25.xlsx,Entry- Site SPOF Data,43,35,38,Valid
CLT01,2.0099999999999998,Yes,x,,Flex Asset EOL and Site Risk Evaluation Tool Ver 3.0 3.6.25.xlsx,Entry- Site SPOF Data,43,39,42,Valid
CLT02,2.0099999999999998,Yes,x,,Flex Asset EOL and Site Risk Evaluation Tool Ver 3.0 3.6.25.xlsx,Entry- Site SPOF Data,43,43,46,Valid
CLT03,2.0099999999999998,Yes,x,,Flex Asset EOL and Site Risk Evaluation Tool Ver 3.0 3.6.25.xlsx,Entry- Site SPOF Data,43,47,50,Valid
CLT04,2.0099999999999998,Yes,x,,Flex Asset EOL and Site Risk Evaluation Tool Ver 3.0 3.6.25.xlsx,Entry- Site SPOF Data,43,51,54,Valid
CLT05,2.0099999999999998,Yes,x,,Flex Asset EOL and Site Risk Evaluation Tool Ver 3.0 3.6.25.xlsx,Entry- Site SPOF Data,43,55,58,Valid
DAL01,2.0099999999999998,Yes,X,,Flex Asset EOL and Site Risk Evaluation Tool Ver 3.0 3.6.25.xlsx,Entry- Site SPOF Data,43,59,62,Valid
DAL02,2.0099999999999998,Yes,X,,Flex Asset EOL and Site Risk Evaluation Tool Ver 3.0 3.6.25.xlsx,Entry- Site SPOF Data,43,63,66,Valid
DAL03,2.0099999999999998,Yes,X,,Flex Asset EOL and Site Risk Evaluation Tool Ver 3.0 3.6.25.xlsx,Entry- Site SPOF Data,43,67,70,Valid
DAL04,2.0099999999999998,Yes,X,,Flex Asset EOL and Site Risk Evaluation Tool Ver 3.0 3.6.25.xlsx,Entry- Site SPOF Data,43,71,74,Valid
DAL05,2.0099999999999998,Yes,X,,Flex Asset EOL and Site Risk Evaluation Tool Ver 3.0 3.6.25.xlsx,Entry- Site SPOF Data,43,75,78,Valid
DEN02,2.0099999999999998,Yes,X,,Flex Asset EOL and Site Risk Evaluation Tool Ver 3.0 3.6.25.xlsx,Entry- Site SPOF Data,43,79,82,Valid
DEN03,2.0099999999999998,Yes,X,,Flex Asset EOL and Site Risk Evaluation Tool Ver 3.0 3.6.25.xlsx,Entry- Site SPOF Data,43,83,86,Valid
DEN05.01,2.0099999999999998,Yes,X,Internal bypass only. No bypass to completely de-energize the UPS's,Flex Asset EOL and Site Risk Evaluation Tool Ver 3.0 3.6.25.xlsx,Entry- Site SPOF Data,43,87,90,Valid
DEN05.02,2.0099999999999998,Yes,X,Internal bypass only,Flex Asset EOL and Site Risk Evaluation Tool Ver 3.0 3.6.25.xlsx,Entry- Site SPOF Data,43,91,94,Valid
DEN11,2.0099999999999998,Yes,x,,Flex Asset EOL and Site Risk Evaluation Tool Ver 3.0 3.6.25.xlsx,Entry- Site SPOF Data,43,95,98,Valid
DFW01,2.0099999999999998,Yes,X,,Flex Asset EOL and Site Risk Evaluation Tool Ver 3.0 3.6.25.xlsx,Entry- Site SPOF Data,43,99,102,Valid
FLL01,2.0099999999999998,Yes,X,,Flex Asset EOL and Site Risk Evaluation Tool Ver 3.0 3.6.25.xlsx,Entry- Site SPOF Data,43,103,106,Valid
FLL02,2.0099999999999998,Yes,X,,Flex Asset EOL and Site Risk Evaluation Tool Ver 3.0 3.6.25.xlsx,Entry- Site SPOF Data,43,107,110,Valid
JAX01,2.0099999999999998,N/A,X,No UPS system in JAX1 Covered by JAX2,Flex Asset EOL and Site Risk Evaluation Tool Ver 3.0 3.6.25.xlsx,Entry- Site SPOF Data,43,111,114,Valid
JAX02,2.0099999999999998,Yes,X,,Flex Asset EOL and Site Risk Evaluation Tool Ver 3.0 3.6.25.xlsx,Entry- Site SPOF Data,43,115,118,Valid
LAS03,2.0099999999999998,Yes,X,,Flex Asset EOL and Site Risk Evaluation Tool Ver 3.0 3.6.25.xlsx,Entry- Site SPOF Data,43,119,122,Valid
LAS04,2.0099999999999998,Yes,X,,Flex Asset EOL and Site Risk Evaluation Tool Ver 3.0 3.6.25.xlsx,Entry- Site SPOF Data,43,123,126,Valid
LAS05,2.0099999999999998,Yes,X,,Flex Asset EOL and Site Risk Evaluation Tool Ver 3.0 3.6.25.xlsx,Entry- Site SPOF Data,43,127,130,Valid
LOU02,2.0099999999999998,Yes,X,,Flex Asset EOL and Site Risk Evaluation Tool Ver 3.0 3.6.25.xlsx,Entry- Site SPOF Data,43,131,134,Valid
LOU03,2.0099999999999998,Yes,X,,Flex Asset EOL and Site Risk Evaluation Tool Ver 3.0 3.6.25.xlsx,Entry- Site SPOF Data,43,135,138,Valid
LOU04,2.0099999999999998,Yes,X,,Flex Asset EOL and Site Risk Evaluation Tool Ver 3.0 3.6.25.xlsx,Entry- Site SPOF Data,43,139,142,Valid
LOU05,2.0099999999999998,Yes,X,,Flex Asset EOL and Site Risk Evaluation Tool Ver 3.0 3.6.25.xlsx,Entry- Site SPOF Data,43,143,146,Valid
MSP01,2.0099999999999998,Yes,X,,Flex Asset EOL and Site Risk Evaluation Tool Ver 3.0 3.6.25.xlsx,Entry- Site SPOF Data,43,147,150,Valid
NAS01,2.0099999999999998,Yes,X,,Flex Asset EOL and Site Risk Evaluation Tool Ver 3.0 3.6.25.xlsx,Entry- Site SPOF Data,43,151,154,Valid
NAS02,2.0099999999999998,Yes,x,,Flex Asset EOL and Site Risk Evaluation Tool Ver 3.0 3.6.25.xlsx,Entry- Site SPOF Data,43,155,158,Valid
NAS03,2.0099999999999998,Yes,X,,Flex Asset EOL and Site Risk Evaluation Tool Ver 3.0 3.6.25.xlsx,Entry- Site SPOF Data,43,159,162,Valid
NAS04,2.0099999999999998,Yes,X,,Flex Asset EOL and Site Risk Evaluation Tool Ver 3.0 3.6.25.xlsx,Entry- Site SPOF Data,43,163,166,Valid
NAS05,2.0099999999999998,Yes,X,,Flex Asset EOL and Site Risk Evaluation Tool Ver 3.0 3.6.25.xlsx,Entry- Site SPOF Data,43,167,170,Valid
NAS06,2.0099999999999998,Yes,X,,Flex Asset EOL and Site Risk Evaluation Tool Ver 3.0 3.6.25.xlsx,Entry- Site SPOF Data,43,171,174,Valid
PDX01.01,2.0099999999999998,Yes,X,,Flex Asset EOL and Site Risk Evaluation Tool Ver 3.0 3.6.25.xlsx,Entry- Site SPOF Data,43,175,178,Valid
PDX01.02,2.0099999999999998,Yes,X,,Flex Asset EOL and Site Risk Evaluation Tool Ver 3.0 3.6.25.xlsx,Entry- Site SPOF Data,43,179,182,Valid
PDX02,2.0099999999999998,Yes,X,,Flex Asset EOL and Site Risk Evaluation Tool Ver 3.0 3.6.25.xlsx,Entry- Site SPOF Data,43,183,186,Valid
PDX03,2.0099999999999998,Yes,X,,Flex Asset EOL and Site Risk Evaluation Tool Ver 3.0 3.6.25.xlsx,Entry- Site SPOF Data,43,187,190,Valid
PDX04,2.0099999999999998,Yes,X,,Flex Asset EOL and Site Risk Evaluation Tool Ver 3.0 3.6.25.xlsx,Entry- Site SPOF Data,43,191,194,Valid
PHL01,2.0099999999999998,Yes,X,,Flex Asset EOL and Site Risk Evaluation Tool Ver 3.0 3.6.25.xlsx,Entry- Site SPOF Data,43,195,198,Valid
PHX01,2.0099999999999998,Yes,X,,Flex Asset EOL and Site Risk Evaluation Tool Ver 3.0 3.6.25.xlsx,Entry- Site SPOF Data,43,199,202,Valid
RAL01,2.0099999999999998,Yes,X,,Flex Asset EOL and Site Risk Evaluation Tool Ver 3.0 3.6.25.xlsx,Entry- Site SPOF Data,43,203,206,Valid
RAL02,2.0099999999999998,Yes,X,,Flex Asset EOL and Site Risk Evaluation Tool Ver 3.0 3.6.25.xlsx,Entry- Site SPOF Data,43,207,210,Valid
RAL03,2.0099999999999998,No,X,,Flex Asset EOL and Site Risk Evaluation Tool Ver 3.0 3.6.25.xlsx,Entry- Site SPOF Data,43,211,214,Valid
RCH01,2.0099999999999998,Yes,x,,Flex Asset EOL and Site Risk Evaluation Tool Ver 3.0 3.6.25.xlsx,Entry- Site SPOF Data,43,215,218,Valid
RIC01,2.0099999999999998,Yes,x,,Flex Asset EOL and Site Risk Evaluation Tool Ver 3.0 3.6.25.xlsx,Entry- Site SPOF Data,43,219,222,Valid
RIC02,2.0099999999999998,Yes,x,,Flex Asset EOL and Site Risk Evaluation Tool Ver 3.0 3.6.25.xlsx,Entry- Site SPOF Data,43,223,226,Valid
SLC03,2.0099999999999998,Yes,X,,Flex Asset EOL and Site Risk Evaluation Tool Ver 3.0 3.6.25.xlsx,Entry- Site SPOF Data,43,227,230,Valid
SLC04.01,2.0099999999999998,Yes,X,,Flex Asset EOL and Site Risk Evaluation Tool Ver 3.0 3.6.25.xlsx,Entry- Site SPOF Data,43,231,234,Valid
SLC04.02,2.0099999999999998,Yes,X,,Flex Asset EOL and Site Risk Evaluation Tool Ver 3.0 3.6.25.xlsx,Entry- Site SPOF Data,43,235,238,Valid
SLC04.03,2.0099999999999998,Yes,X,,Flex Asset EOL and Site Risk Evaluation Tool Ver 3.0 3.6.25.xlsx,Entry- Site SPOF Data,43,239,242,Valid
SLC07,2.0099999999999998,Yes,X,,Flex Asset EOL and Site Risk Evaluation Tool Ver 3.0 3.6.25.xlsx,Entry- Site SPOF Data,43,243,246,Valid
SLC09,2.0099999999999998,Yes,X,A/B Lines are SBM system's.,Flex Asset EOL and Site Risk Evaluation Tool Ver 3.0 3.6.25.xlsx,Entry- Site SPOF Data,43,247,250,Valid
SLC10,2.0099999999999998,Yes,X,A/B Lines are SBM system's. C/D have traditonal bypass's.,Flex Asset EOL and Site Risk Evaluation Tool Ver 3.0 3.6.25.xlsx,Entry- Site SPOF Data,43,251,254,Valid
TPA01,2.0099999999999998,Yes,X,,Flex Asset EOL and Site Risk Evaluation Tool Ver 3.0 3.6.25.xlsx,Entry- Site SPOF Data,43,255,258,Valid
TPA02,2.0099999999999998,Yes,X,,Flex Asset EOL and Site Risk Evaluation Tool Ver 3.0 3.6.25.xlsx,Entry- Site SPOF Data,43,259,262,Valid
TPA03,2.0099999999999998,Yes,X,,Flex Asset EOL and Site Risk Evaluation Tool Ver 3.0 3.6.25.xlsx,Entry- Site SPOF Data,43,263,266,Valid
TPA04,2.0099999999999998,Yes,X,,Flex Asset EOL and Site Risk Evaluation Tool Ver 3.0 3.6.25.xlsx,Entry- Site SPOF Data,43,267,270,Valid
ABE01,2.0199999999999996,No,x,,Flex Asset EOL and Site Risk Evaluation Tool Ver 3.0 3.6.25.xlsx,Entry- Site SPOF Data,44,7,10,Valid
ATL01,2.0199999999999996,Yes,X,,Flex Asset EOL and Site Risk Evaluation Tool Ver 3.0 3.6.25.xlsx,Entry- Site SPOF Data,44,11,14,Valid
ATL02,2.0199999999999996,Yes,X,,Flex Asset EOL and Site Risk Evaluation Tool Ver 3.0 3.6.25.xlsx,Entry- Site SPOF Data,44,15,18,Valid
ATL03,2.0199999999999996,Yes,x,,Flex Asset EOL and Site Risk Evaluation Tool Ver 3.0 3.6.25.xlsx,Entry- Site SPOF Data,44,19,22,Valid
ATL04,2.0199999999999996,Yes,x,,Flex Asset EOL and Site Risk Evaluation Tool Ver 3.0 3.6.25.xlsx,Entry- Site SPOF Data,44,23,26,Valid
ATL05,2.0199999999999996,Yes,X,,Flex Asset EOL and Site Risk Evaluation Tool Ver 3.0 3.6.25.xlsx,Entry- Site SPOF Data,44,27,30,Valid
CIN01,2.0199999999999996,Yes,X,,Flex Asset EOL and Site Risk Evaluation Tool Ver 3.0 3.6.25.xlsx,Entry- Site SPOF Data,44,31,34,Valid
CIN02,2.0199999999999996,Yes,X,,Flex Asset EOL and Site Risk Evaluation Tool Ver 3.0 3.6.25.xlsx,Entry- Site SPOF Data,44,35,38,Valid
CLT01,2.0199999999999996,Yes,x,,Flex Asset EOL and Site Risk Evaluation Tool Ver 3.0 3.6.25.xlsx,Entry- Site SPOF Data,44,39,42,Valid
CLT02,2.0199999999999996,Yes,x,,Flex Asset EOL and Site Risk Evaluation Tool Ver 3.0 3.6.25.xlsx,Entry- Site SPOF Data,44,43,46,Valid
CLT03,2.0199999999999996,Yes,x,,Flex Asset EOL and Site Risk Evaluation Tool Ver 3.0 3.6.25.xlsx,Entry- Site SPOF Data,44,47,50,Valid
CLT04,2.0199999999999996,Yes,x,,Flex Asset EOL and Site Risk Evaluation Tool Ver 3.0 3.6.25.xlsx,Entry- Site SPOF Data,44,51,54,Valid
CLT05,2.0199999999999996,Yes,x,,Flex Asset EOL and Site Risk Evaluation Tool Ver 3.0 3.6.25.xlsx,Entry- Site SPOF Data,44,55,58,Valid
DAL01,2.0199999999999996,Yes,X,,Flex Asset EOL and Site Risk Evaluation Tool Ver 3.0 3.6.25.xlsx,Entry- Site SPOF Data,44,59,62,Valid
DAL02,2.0199999999999996,Yes,X,,Flex Asset EOL and Site Risk Evaluation Tool Ver 3.0 3.6.25.xlsx,Entry- Site SPOF Data,44,63,66,Valid
DAL03,2.0199999999999996,Yes,X,,Flex Asset EOL and Site Risk Evaluation Tool Ver 3.0 3.6.25.xlsx,Entry- Site SPOF Data,44,67,70,Valid
DAL04,2.0199999999999996,Yes,X,,Flex Asset EOL and Site Risk Evaluation Tool Ver 3.0 3.6.25.xlsx,Entry- Site SPOF Data,44,71,74,Valid
DAL05,2.0199999999999996,Yes,X,,Flex Asset EOL and Site Risk Evaluation Tool Ver 3.0 3.6.25.xlsx,Entry- Site SPOF Data,44,75,78,Valid
DEN02,2.0199999999999996,Yes,X,,Flex Asset EOL and Site Risk Evaluation Tool Ver 3.0 3.6.25.xlsx,Entry- Site SPOF Data,44,79,82,Valid
DEN03,2.0199999999999996,Yes,X,,Flex Asset EOL and Site Risk Evaluation Tool Ver 3.0 3.6.25.xlsx,Entry- Site SPOF Data,44,83,86,Valid
DEN05.01,2.0199999999999996,Yes,X,,Flex Asset EOL and Site Risk Evaluation Tool Ver 3.0 3.6.25.xlsx,Entry- Site SPOF Data,44,87,90,Valid
DEN05.02,2.0199999999999996,Yes,X,,Flex Asset EOL and Site Risk Evaluation Tool Ver 3.0 3.6.25.xlsx,Entry- Site SPOF Data,44,91,94,Valid
DEN11,2.0199999999999996,Yes,x,,Flex Asset EOL and Site Risk Evaluation Tool Ver 3.0 3.6.25.xlsx,Entry- Site SPOF Data,44,95,98,Valid
DFW01,2.0199999999999996,Yes,X,,Flex Asset EOL and Site Risk Evaluation Tool Ver 3.0 3.6.25.xlsx,Entry- Site SPOF Data,44,99,102,Valid
FLL01,2.0199999999999996,Yes,X,,Flex Asset EOL and Site Risk Evaluation Tool Ver 3.0 3.6.25.xlsx,Entry- Site SPOF Data,44,103,106,Valid
FLL02,2.0199999999999996,Yes,X,,Flex Asset EOL and Site Risk Evaluation Tool Ver 3.0 3.6.25.xlsx,Entry- Site SPOF Data,44,107,110,Valid
JAX01,2.0199999999999996,N/A,X,No UPS system in JAX1 Covered by JAX2,Flex Asset EOL and Site Risk Evaluation Tool Ver 3.0 3.6.25.xlsx,Entry- Site SPOF Data,44,111,114,Valid
JAX02,2.0199999999999996,Yes,X,,Flex Asset EOL and Site Risk Evaluation Tool Ver 3.0 3.6.25.xlsx,Entry- Site SPOF Data,44,115,118,Valid
LAS03,2.0199999999999996,Yes,X,,Flex Asset EOL and Site Risk Evaluation Tool Ver 3.0 3.6.25.xlsx,Entry- Site SPOF Data,44,119,122,Valid
LAS04,2.0199999999999996,Yes,X,,Flex Asset EOL and Site Risk Evaluation Tool Ver 3.0 3.6.25.xlsx,Entry- Site SPOF Data,44,123,126,Valid
LAS05,2.0199999999999996,Yes,X,,Flex Asset EOL and Site Risk Evaluation Tool Ver 3.0 3.6.25.xlsx,Entry- Site SPOF Data,44,127,130,Valid
LOU02,2.0199999999999996,Yes,X,,Flex Asset EOL and Site Risk Evaluation Tool Ver 3.0 3.6.25.xlsx,Entry- Site SPOF Data,44,131,134,Valid
LOU03,2.0199999999999996,Yes,X,,Flex Asset EOL and Site Risk Evaluation Tool Ver 3.0 3.6.25.xlsx,Entry- Site SPOF Data,44,135,138,Valid
LOU04,2.0199999999999996,Yes,X,,Flex Asset EOL and Site Risk Evaluation Tool Ver 3.0 3.6.25.xlsx,Entry- Site SPOF Data,44,139,142,Valid
LOU05,2.0199999999999996,Yes,X,,Flex Asset EOL and Site Risk Evaluation Tool Ver 3.0 3.6.25.xlsx,Entry- Site SPOF Data,44,143,146,Valid
MSP01,2.0199999999999996,Yes,X,,Flex Asset EOL and Site Risk Evaluation Tool Ver 3.0 3.6.25.xlsx,Entry- Site SPOF Data,44,147,150,Valid
NAS01,2.0199999999999996,Yes,X,Has 3 UPS's. Each UPS has 4 battery strings,Flex Asset EOL and Site Risk Evaluation Tool Ver 3.0 3.6.25.xlsx,Entry- Site SPOF Data,44,151,154,Valid
NAS02,2.0199999999999996,Yes,x,4 UPS's. Each ups has 4 strings.,Flex Asset EOL and Site Risk Evaluation Tool Ver 3.0 3.6.25.xlsx,Entry- Site SPOF Data,44,155,158,Valid
NAS03,2.0199999999999996,Yes,X,5 UPS's. Each ups has 3 strings.,Flex Asset EOL and Site Risk Evaluation Tool Ver 3.0 3.6.25.xlsx,Entry- Site SPOF Data,44,159,162,Valid
NAS04,2.0199999999999996,Yes,X,Has 3 UPS's. Each UPS has 4 battery strings,Flex Asset EOL and Site Risk Evaluation Tool Ver 3.0 3.6.25.xlsx,Entry- Site SPOF Data,44,163,166,Valid
NAS05,2.0199999999999996,Yes,X,A side power has 4 strings. B side power has 4 strings,Flex Asset EOL and Site Risk Evaluation Tool Ver 3.0 3.6.25.xlsx,Entry- Site SPOF Data,44,167,170,Valid
NAS06,2.0199999999999996,Yes,X,"A,B,C,D Lineup. Each lineup has 2 paralleled UPS's along with 3 battery strings per UPS",Flex Asset EOL and Site Risk Evaluation Tool Ver 3.0 3.6.25.xlsx,Entry- Site SPOF Data,44,171,174,Valid
PDX01.01,2.0199999999999996,Yes,X,,Flex Asset EOL and Site Risk Evaluation Tool Ver 3.0 3.6.25.xlsx,Entry- Site SPOF Data,44,175,178,Valid
PDX01.02,2.0199999999999996,Yes,X,,Flex Asset EOL and Site Risk Evaluation Tool Ver 3.0 3.6.25.xlsx,Entry- Site SPOF Data,44,179,182,Valid
PDX02,2.0199999999999996,Yes,X,,Flex Asset EOL and Site Risk Evaluation Tool Ver 3.0 3.6.25.xlsx,Entry- Site SPOF Data,44,183,186,Valid
PDX03,2.0199999999999996,Yes,X,,Flex Asset EOL and Site Risk Evaluation Tool Ver 3.0 3.6.25.xlsx,Entry- Site SPOF Data,44,187,190,Valid
PDX04,2.0199999999999996,Yes,X,,Flex Asset EOL and Site Risk Evaluation Tool Ver 3.0 3.6.25.xlsx,Entry- Site SPOF Data,44,191,194,Valid
PHL01,2.0199999999999996,Yes,X,,Flex Asset EOL and Site Risk Evaluation Tool Ver 3.0 3.6.25.xlsx,Entry- Site SPOF Data,44,195,198,Valid
PHX01,2.0199999999999996,Yes,X,,Flex Asset EOL and Site Risk Evaluation Tool Ver 3.0 3.6.25.xlsx,Entry- Site SPOF Data,44,199,202,Valid
RAL01,2.0199999999999996,Yes,X,,Flex Asset EOL and Site Risk Evaluation Tool Ver 3.0 3.6.25.xlsx,Entry- Site SPOF Data,44,203,206,Valid
RAL02,2.0199999999999996,Yes,X,,Flex Asset EOL and Site Risk Evaluation Tool Ver 3.0 3.6.25.xlsx,Entry- Site SPOF Data,44,207,210,Valid
RAL03,2.0199999999999996,Yes,X,,Flex Asset EOL and Site Risk Evaluation Tool Ver 3.0 3.6.25.xlsx,Entry- Site SPOF Data,44,211,214,Valid
RCH01,2.0199999999999996,Yes,x,,Flex Asset EOL and Site Risk Evaluation Tool Ver 3.0 3.6.25.xlsx,Entry- Site SPOF Data,44,215,218,Valid
RIC01,2.0199999999999996,Yes,x,,Flex Asset EOL and Site Risk Evaluation Tool Ver 3.0 3.6.25.xlsx,Entry- Site SPOF Data,44,219,222,Valid
RIC02,2.0199999999999996,Yes,x,,Flex Asset EOL and Site Risk Evaluation Tool Ver 3.0 3.6.25.xlsx,Entry- Site SPOF Data,44,223,226,Valid
SLC03,2.0199999999999996,Yes,X,,Flex Asset EOL and Site Risk Evaluation Tool Ver 3.0 3.6.25.xlsx,Entry- Site SPOF Data,44,227,230,Valid
SLC04.01,2.0199999999999996,Yes,X,,Flex Asset EOL and Site Risk Evaluation Tool Ver 3.0 3.6.25.xlsx,Entry- Site SPOF Data,44,231,234,Valid
SLC04.02,2.0199999999999996,Yes,X,,Flex Asset EOL and Site Risk Evaluation Tool Ver 3.0 3.6.25.xlsx,Entry- Site SPOF Data,44,235,238,Valid
SLC04.03,2.0199999999999996,Yes,X,,Flex Asset EOL and Site Risk Evaluation Tool Ver 3.0 3.6.25.xlsx,Entry- Site SPOF Data,44,239,242,Valid
SLC07,2.0199999999999996,Yes,X,,Flex Asset EOL and Site Risk Evaluation Tool Ver 3.0 3.6.25.xlsx,Entry- Site SPOF Data,44,243,246,Valid
SLC09,2.0199999999999996,Yes,X,,Flex Asset EOL and Site Risk Evaluation Tool Ver 3.0 3.6.25.xlsx,Entry- Site SPOF Data,44,247,250,Valid
SLC10,2.0199999999999996,Yes,X,,Flex Asset EOL and Site Risk Evaluation Tool Ver 3.0 3.6.25.xlsx,Entry- Site SPOF Data,44,251,254,Valid
TPA01,2.0199999999999996,Yes,X,,Flex Asset EOL and Site Risk Evaluation Tool Ver 3.0 3.6.25.xlsx,Entry- Site SPOF Data,44,255,258,Valid
TPA02,2.0199999999999996,Yes,X,,Flex Asset EOL and Site Risk Evaluation Tool Ver 3.0 3.6.25.xlsx,Entry- Site SPOF Data,44,259,262,Valid
TPA03,2.0199999999999996,Yes,X,,Flex Asset EOL and Site Risk Evaluation Tool Ver 3.0 3.6.25.xlsx,Entry- Site SPOF Data,44,263,266,Valid
TPA04,2.0199999999999996,Yes,X,,Flex Asset EOL and Site Risk Evaluation Tool Ver 3.0 3.6.25.xlsx,Entry- Site SPOF Data,44,267,270,Valid
ABE01,2.0299999999999994,Yes,x,,Flex Asset EOL and Site Risk Evaluation Tool Ver 3.0 3.6.25.xlsx,Entry- Site SPOF Data,45,7,10,Valid
ATL01,2.0299999999999994,Yes,X,,Flex Asset EOL and Site Risk Evaluation Tool Ver 3.0 3.6.25.xlsx,Entry- Site SPOF Data,45,11,14,Valid
ATL02,2.0299999999999994,Yes,X,,Flex Asset EOL and Site Risk Evaluation Tool Ver 3.0 3.6.25.xlsx,Entry- Site SPOF Data,45,15,18,Valid
ATL03,2.0299999999999994,Yes,x,,Flex Asset EOL and Site Risk Evaluation Tool Ver 3.0 3.6.25.xlsx,Entry- Site SPOF Data,45,19,22,Valid
ATL04,2.0299999999999994,Yes,x,,Flex Asset EOL and Site Risk Evaluation Tool Ver 3.0 3.6.25.xlsx,Entry- Site SPOF Data,45,23,26,Valid
ATL05,2.0299999999999994,Yes,X,,Flex Asset EOL and Site Risk Evaluation Tool Ver 3.0 3.6.25.xlsx,Entry- Site SPOF Data,45,27,30,Valid
CIN01,2.0299999999999994,Yes,X,,Flex Asset EOL and Site Risk Evaluation Tool Ver 3.0 3.6.25.xlsx,Entry- Site SPOF Data,45,31,34,Valid
CIN02,2.0299999999999994,Yes,X,,Flex Asset EOL and Site Risk Evaluation Tool Ver 3.0 3.6.25.xlsx,Entry- Site SPOF Data,45,35,38,Valid
CLT01,2.0299999999999994,No,x,,Flex Asset EOL and Site Risk Evaluation Tool Ver 3.0 3.6.25.xlsx,Entry- Site SPOF Data,45,39,42,Valid
CLT02,2.0299999999999994,Yes,x,,Flex Asset EOL and Site Risk Evaluation Tool Ver 3.0 3.6.25.xlsx,Entry- Site SPOF Data,45,43,46,Valid
CLT03,2.0299999999999994,Yes,x,,Flex Asset EOL and Site Risk Evaluation Tool Ver 3.0 3.6.25.xlsx,Entry- Site SPOF Data,45,47,50,Valid
CLT04,2.0299999999999994,Yes,x,,Flex Asset EOL and Site Risk Evaluation Tool Ver 3.0 3.6.25.xlsx,Entry- Site SPOF Data,45,51,54,Valid
CLT05,2.0299999999999994,Yes,x,,Flex Asset EOL and Site Risk Evaluation Tool Ver 3.0 3.6.25.xlsx,Entry- Site SPOF Data,45,55,58,Valid
DAL01,2.0299999999999994,Yes,X,,Flex Asset EOL and Site Risk Evaluation Tool Ver 3.0 3.6.25.xlsx,Entry- Site SPOF Data,45,59,62,Valid
DAL02,2.0299999999999994,Yes,X,,Flex Asset EOL and Site Risk Evaluation Tool Ver 3.0 3.6.25.xlsx,Entry- Site SPOF Data,45,63,66,Valid
DAL03,2.0299999999999994,Yes,X,,Flex Asset EOL and Site Risk Evaluation Tool Ver 3.0 3.6.25.xlsx,Entry- Site SPOF Data,45,67,70,Valid
DAL04,2.0299999999999994,Yes,X,,Flex Asset EOL and Site Risk Evaluation Tool Ver 3.0 3.6.25.xlsx,Entry- Site SPOF Data,45,71,74,Valid
DAL05,2.0299999999999994,Yes,X,,Flex Asset EOL and Site Risk Evaluation Tool Ver 3.0 3.6.25.xlsx,Entry- Site SPOF Data,45,75,78,Valid
DEN02,2.0299999999999994,Yes,X,,Flex Asset EOL and Site Risk Evaluation Tool Ver 3.0 3.6.25.xlsx,Entry- Site SPOF Data,45,79,82,Valid
DEN03,2.0299999999999994,Yes,X,,Flex Asset EOL and Site Risk Evaluation Tool Ver 3.0 3.6.25.xlsx,Entry- Site SPOF Data,45,83,86,Valid
DEN05.01,2.0299999999999994,No,X,UPS 1 does not have string isolation breakers,Flex Asset EOL and Site Risk Evaluation Tool Ver 3.0 3.6.25.xlsx,Entry- Site SPOF Data,45,87,90,Valid
DEN05.02,2.0299999999999994,Yes,X,,Flex Asset EOL and Site Risk Evaluation Tool Ver 3.0 3.6.25.xlsx,Entry- Site SPOF Data,45,91,94,Valid
DEN11,2.0299999999999994,Yes,x,,Flex Asset EOL and Site Risk Evaluation Tool Ver 3.0 3.6.25.xlsx,Entry- Site SPOF Data,45,95,98,Valid
DFW01,2.0299999999999994,Yes,X,,Flex Asset EOL and Site Risk Evaluation Tool Ver 3.0 3.6.25.xlsx,Entry- Site SPOF Data,45,99,102,Valid
FLL01,2.0299999999999994,Yes,X,,Flex Asset EOL and Site Risk Evaluation Tool Ver 3.0 3.6.25.xlsx,Entry- Site SPOF Data,45,103,106,Valid
FLL02,2.0299999999999994,Yes,X,,Flex Asset EOL and Site Risk Evaluation Tool Ver 3.0 3.6.25.xlsx,Entry- Site SPOF Data,45,107,110,Valid
JAX01,2.0299999999999994,N/A,X,No UPS system in JAX1 Covered by JAX2,Flex Asset EOL and Site Risk Evaluation Tool Ver 3.0 3.6.25.xlsx,Entry- Site SPOF Data,45,111,114,Valid
JAX02,2.0299999999999994,Yes,X,,Flex Asset EOL and Site Risk Evaluation Tool Ver 3.0 3.6.25.xlsx,Entry- Site SPOF Data,45,115,118,Valid
LAS03,2.0299999999999994,Yes,X,,Flex Asset EOL and Site Risk Evaluation Tool Ver 3.0 3.6.25.xlsx,Entry- Site SPOF Data,45,119,122,Valid
LAS04,2.0299999999999994,Yes,X,,Flex Asset EOL and Site Risk Evaluation Tool Ver 3.0 3.6.25.xlsx,Entry- Site SPOF Data,45,123,126,Valid
LAS05,2.0299999999999994,Yes,X,,Flex Asset EOL and Site Risk Evaluation Tool Ver 3.0 3.6.25.xlsx,Entry- Site SPOF Data,45,127,130,Valid
LOU02,2.0299999999999994,Yes,X,,Flex Asset EOL and Site Risk Evaluation Tool Ver 3.0 3.6.25.xlsx,Entry- Site SPOF Data,45,131,134,Valid
LOU03,2.0299999999999994,Yes,X,,Flex Asset EOL and Site Risk Evaluation Tool Ver 3.0 3.6.25.xlsx,Entry- Site SPOF Data,45,135,138,Valid
LOU04,2.0299999999999994,Yes,X,,Flex Asset EOL and Site Risk Evaluation Tool Ver 3.0 3.6.25.xlsx,Entry- Site SPOF Data,45,139,142,Valid
LOU05,2.0299999999999994,Yes,X,,Flex Asset EOL and Site Risk Evaluation Tool Ver 3.0 3.6.25.xlsx,Entry- Site SPOF Data,45,143,146,Valid
MSP01,2.0299999999999994,Yes,X,,Flex Asset EOL and Site Risk Evaluation Tool Ver 3.0 3.6.25.xlsx,Entry- Site SPOF Data,45,147,150,Valid
NAS01,2.0299999999999994,Yes,X,,Flex Asset EOL and Site Risk Evaluation Tool Ver 3.0 3.6.25.xlsx,Entry- Site SPOF Data,45,151,154,Valid
NAS02,2.0299999999999994,Yes,x,,Flex Asset EOL and Site Risk Evaluation Tool Ver 3.0 3.6.25.xlsx,Entry- Site SPOF Data,45,155,158,Valid
NAS03,2.0299999999999994,Yes,X,,Flex Asset EOL and Site Risk Evaluation Tool Ver 3.0 3.6.25.xlsx,Entry- Site SPOF Data,45,159,162,Valid
NAS04,2.0299999999999994,Yes,X,,Flex Asset EOL and Site Risk Evaluation Tool Ver 3.0 3.6.25.xlsx,Entry- Site SPOF Data,45,163,166,Valid
NAS05,2.0299999999999994,Yes,X,,Flex Asset EOL and Site Risk Evaluation Tool Ver 3.0 3.6.25.xlsx,Entry- Site SPOF Data,45,167,170,Valid
NAS06,2.0299999999999994,Yes,X,,Flex Asset EOL and Site Risk Evaluation Tool Ver 3.0 3.6.25.xlsx,Entry- Site SPOF Data,45,171,174,Valid
PDX01.01,2.0299999999999994,Yes,X,,Flex Asset EOL and Site Risk Evaluation Tool Ver 3.0 3.6.25.xlsx,Entry- Site SPOF Data,45,175,178,Valid
PDX01.02,2.0299999999999994,Yes,X,,Flex Asset EOL and Site Risk Evaluation Tool Ver 3.0 3.6.25.xlsx,Entry- Site SPOF Data,45,179,182,Valid
PDX02,2.0299999999999994,Yes,X,,Flex Asset EOL and Site Risk Evaluation Tool Ver 3.0 3.6.25.xlsx,Entry- Site SPOF Data,45,183,186,Valid
PDX03,2.0299999999999994,Yes,X,,Flex Asset EOL and Site Risk Evaluation Tool Ver 3.0 3.6.25.xlsx,Entry- Site SPOF Data,45,187,190,Valid
PDX04,2.0299999999999994,Yes,X,,Flex Asset EOL and Site Risk Evaluation Tool Ver 3.0 3.6.25.xlsx,Entry- Site SPOF Data,45,191,194,Valid
PHL01,2.0299999999999994,No,X,Single battery breaker cabinet for battery strings in separate room,Flex Asset EOL and Site Risk Evaluation Tool Ver 3.0 3.6.25.xlsx,Entry- Site SPOF Data,45,195,198,Valid
PHX01,2.0299999999999994,Yes,X,,Flex Asset EOL and Site Risk Evaluation Tool Ver 3.0 3.6.25.xlsx,Entry- Site SPOF Data,45,199,202,Valid
RAL01,2.0299999999999994,Yes,X,,Flex Asset EOL and Site Risk Evaluation Tool Ver 3.0 3.6.25.xlsx,Entry- Site SPOF Data,45,203,206,Valid
RAL02,2.0299999999999994,Yes,X,,Flex Asset EOL and Site Risk Evaluation Tool Ver 3.0 3.6.25.xlsx,Entry- Site SPOF Data,45,207,210,Valid
RAL03,2.0299999999999994,Yes,X,,Flex Asset EOL and Site Risk Evaluation Tool Ver 3.0 3.6.25.xlsx,Entry- Site SPOF Data,45,211,214,Valid
RCH01,2.0299999999999994,Yes,x,,Flex Asset EOL and Site Risk Evaluation Tool Ver 3.0 3.6.25.xlsx,Entry- Site SPOF Data,45,215,218,Valid
RIC01,2.0299999999999994,No,x,"Each cabinet has a breaker, individual strings do not",Flex Asset EOL and Site Risk Evaluation Tool Ver 3.0 3.6.25.xlsx,Entry- Site SPOF Data,45,219,222,Valid
RIC02,2.0299999999999994,No,x,"Each cabinet has a breaker, individual strings do not",Flex Asset EOL and Site Risk Evaluation Tool Ver 3.0 3.6.25.xlsx,Entry- Site SPOF Data,45,223,226,Valid
SLC03,2.0299999999999994,Yes,X,,Flex Asset EOL and Site Risk Evaluation Tool Ver 3.0 3.6.25.xlsx,Entry- Site SPOF Data,45,227,230,Valid
SLC04.01,2.0299999999999994,Yes,X,,Flex Asset EOL and Site Risk Evaluation Tool Ver 3.0 3.6.25.xlsx,Entry- Site SPOF Data,45,231,234,Valid
SLC04.02,2.0299999999999994,Yes,X,,Flex Asset EOL and Site Risk Evaluation Tool Ver 3.0 3.6.25.xlsx,Entry- Site SPOF Data,45,235,238,Valid
SLC04.03,2.0299999999999994,Yes,X,,Flex Asset EOL and Site Risk Evaluation Tool Ver 3.0 3.6.25.xlsx,Entry- Site SPOF Data,45,239,242,Valid
SLC07,2.0299999999999994,Yes,X,,Flex Asset EOL and Site Risk Evaluation Tool Ver 3.0 3.6.25.xlsx,Entry- Site SPOF Data,45,243,246,Valid
SLC09,2.0299999999999994,Yes,X,,Flex Asset EOL and Site Risk Evaluation Tool Ver 3.0 3.6.25.xlsx,Entry- Site SPOF Data,45,247,250,Valid
SLC10,2.0299999999999994,Yes,X,,Flex Asset EOL and Site Risk Evaluation Tool Ver 3.0 3.6.25.xlsx,Entry- Site SPOF Data,45,251,254,Valid
TPA01,2.0299999999999994,Yes,X,,Flex Asset EOL and Site Risk Evaluation Tool Ver 3.0 3.6.25.xlsx,Entry- Site SPOF Data,45,255,258,Valid
TPA02,2.0299999999999994,Yes,X,,Flex Asset EOL and Site Risk Evaluation Tool Ver 3.0 3.6.25.xlsx,Entry- Site SPOF Data,45,259,262,Valid
TPA03,2.0299999999999994,Yes,X,,Flex Asset EOL and Site Risk Evaluation Tool Ver 3.0 3.6.25.xlsx,Entry- Site SPOF Data,45,263,266,Valid
TPA04,2.0299999999999994,Yes,X,,Flex Asset EOL and Site Risk Evaluation Tool Ver 3.0 3.6.25.xlsx,Entry- Site SPOF Data,45,267,270,Valid
ABE01,2.0399999999999991,Yes,x,,Flex Asset EOL and Site Risk Evaluation Tool Ver 3.0 3.6.25.xlsx,Entry- Site SPOF Data,46,7,10,Valid
ATL01,2.0399999999999991,Yes,X,,Flex Asset EOL and Site Risk Evaluation Tool Ver 3.0 3.6.25.xlsx,Entry- Site SPOF Data,46,11,14,Valid
ATL02,2.0399999999999991,Yes,X,,Flex Asset EOL and Site Risk Evaluation Tool Ver 3.0 3.6.25.xlsx,Entry- Site SPOF Data,46,15,18,Valid
ATL03,2.0399999999999991,Yes,x,,Flex Asset EOL and Site Risk Evaluation Tool Ver 3.0 3.6.25.xlsx,Entry- Site SPOF Data,46,19,22,Valid
ATL04,2.0399999999999991,Yes,x,,Flex Asset EOL and Site Risk Evaluation Tool Ver 3.0 3.6.25.xlsx,Entry- Site SPOF Data,46,23,26,Valid
ATL05,2.0399999999999991,Yes,X,,Flex Asset EOL and Site Risk Evaluation Tool Ver 3.0 3.6.25.xlsx,Entry- Site SPOF Data,46,27,30,Valid
CIN01,2.0399999999999991,Yes,X,,Flex Asset EOL and Site Risk Evaluation Tool Ver 3.0 3.6.25.xlsx,Entry- Site SPOF Data,46,31,34,Valid
CIN02,2.0399999999999991,Yes,X,,Flex Asset EOL and Site Risk Evaluation Tool Ver 3.0 3.6.25.xlsx,Entry- Site SPOF Data,46,35,38,Valid
CLT01,2.0399999999999991,Yes,x,,Flex Asset EOL and Site Risk Evaluation Tool Ver 3.0 3.6.25.xlsx,Entry- Site SPOF Data,46,39,42,Valid
CLT02,2.0399999999999991,Yes,x,,Flex Asset EOL and Site Risk Evaluation Tool Ver 3.0 3.6.25.xlsx,Entry- Site SPOF Data,46,43,46,Valid
CLT03,2.0399999999999991,Yes,x,,Flex Asset EOL and Site Risk Evaluation Tool Ver 3.0 3.6.25.xlsx,Entry- Site SPOF Data,46,47,50,Valid
CLT04,2.0399999999999991,Yes,x,,Flex Asset EOL and Site Risk Evaluation Tool Ver 3.0 3.6.25.xlsx,Entry- Site SPOF Data,46,51,54,Valid
CLT05,2.0399999999999991,Yes,x,,Flex Asset EOL and Site Risk Evaluation Tool Ver 3.0 3.6.25.xlsx,Entry- Site SPOF Data,46,55,58,Valid
DAL01,2.0399999999999991,No,X,,Flex Asset EOL and Site Risk Evaluation Tool Ver 3.0 3.6.25.xlsx,Entry- Site SPOF Data,46,59,62,Valid
DAL02,2.0399999999999991,Yes,X,,Flex Asset EOL and Site Risk Evaluation Tool Ver 3.0 3.6.25.xlsx,Entry- Site SPOF Data,46,63,66,Valid
DAL03,2.0399999999999991,Yes,X,,Flex Asset EOL and Site Risk Evaluation Tool Ver 3.0 3.6.25.xlsx,Entry- Site SPOF Data,46,67,70,Valid
DAL04,2.0399999999999991,Yes,X,,Flex Asset EOL and Site Risk Evaluation Tool Ver 3.0 3.6.25.xlsx,Entry- Site SPOF Data,46,71,74,Valid
DAL05,2.0399999999999991,Yes,X,,Flex Asset EOL and Site Risk Evaluation Tool Ver 3.0 3.6.25.xlsx,Entry- Site SPOF Data,46,75,78,Valid
DEN02,2.0399999999999991,Yes,X,,Flex Asset EOL and Site Risk Evaluation Tool Ver 3.0 3.6.25.xlsx,Entry- Site SPOF Data,46,79,82,Valid
DEN03,2.0399999999999991,No,X,,Flex Asset EOL and Site Risk Evaluation Tool Ver 3.0 3.6.25.xlsx,Entry- Site SPOF Data,46,83,86,Valid
DEN05.01,2.0399999999999991,Yes,X,,Flex Asset EOL and Site Risk Evaluation Tool Ver 3.0 3.6.25.xlsx,Entry- Site SPOF Data,46,87,90,Valid
DEN05.02,2.0399999999999991,Yes,X,,Flex Asset EOL and Site Risk Evaluation Tool Ver 3.0 3.6.25.xlsx,Entry- Site SPOF Data,46,91,94,Valid
DEN11,2.0399999999999991,Yes,x,,Flex Asset EOL and Site Risk Evaluation Tool Ver 3.0 3.6.25.xlsx,Entry- Site SPOF Data,46,95,98,Valid
DFW01,2.0399999999999991,Yes,X,,Flex Asset EOL and Site Risk Evaluation Tool Ver 3.0 3.6.25.xlsx,Entry- Site SPOF Data,46,99,102,Valid
FLL01,2.0399999999999991,Yes,X,,Flex Asset EOL and Site Risk Evaluation Tool Ver 3.0 3.6.25.xlsx,Entry- Site SPOF Data,46,103,106,Valid
FLL02,2.0399999999999991,Yes,X,,Flex Asset EOL and Site Risk Evaluation Tool Ver 3.0 3.6.25.xlsx,Entry- Site SPOF Data,46,107,110,Valid
JAX01,2.0399999999999991,N/A,X,No UPS system in JAX1 Covered by JAX2,Flex Asset EOL and Site Risk Evaluation Tool Ver 3.0 3.6.25.xlsx,Entry- Site SPOF Data,46,111,114,Valid
JAX02,2.0399999999999991,Yes,X,,Flex Asset EOL and Site Risk Evaluation Tool Ver 3.0 3.6.25.xlsx,Entry- Site SPOF Data,46,115,118,Valid
LAS03,2.0399999999999991,Yes,X,,Flex Asset EOL and Site Risk Evaluation Tool Ver 3.0 3.6.25.xlsx,Entry- Site SPOF Data,46,119,122,Valid
LAS04,2.0399999999999991,No,X,,Flex Asset EOL and Site Risk Evaluation Tool Ver 3.0 3.6.25.xlsx,Entry- Site SPOF Data,46,123,126,Valid
LAS05,2.0399999999999991,Yes,X,But units are obsolete/EOL and no OEM parts are available for repairs,Flex Asset EOL and Site Risk Evaluation Tool Ver 3.0 3.6.25.xlsx,Entry- Site SPOF Data,46,127,130,Valid
LOU02,2.0399999999999991,Yes,X,,Flex Asset EOL and Site Risk Evaluation Tool Ver 3.0 3.6.25.xlsx,Entry- Site SPOF Data,46,131,134,Valid
LOU03,2.0399999999999991,Yes,X,,Flex Asset EOL and Site Risk Evaluation Tool Ver 3.0 3.6.25.xlsx,Entry- Site SPOF Data,46,135,138,Valid
LOU04,2.0399999999999991,Yes,X,,Flex Asset EOL and Site Risk Evaluation Tool Ver 3.0 3.6.25.xlsx,Entry- Site SPOF Data,46,139,142,Valid
LOU05,2.0399999999999991,No,X,,Flex Asset EOL and Site Risk Evaluation Tool Ver 3.0 3.6.25.xlsx,Entry- Site SPOF Data,46,143,146,Valid
MSP01,2.0399999999999991,Yes,X,,Flex Asset EOL and Site Risk Evaluation Tool Ver 3.0 3.6.25.xlsx,Entry- Site SPOF Data,46,147,150,Valid
NAS01,2.0399999999999991,Yes,X,,Flex Asset EOL and Site Risk Evaluation Tool Ver 3.0 3.6.25.xlsx,Entry- Site SPOF Data,46,151,154,Valid
NAS02,2.0399999999999991,Yes,x,,Flex Asset EOL and Site Risk Evaluation Tool Ver 3.0 3.6.25.xlsx,Entry- Site SPOF Data,46,155,158,Valid
NAS03,2.0399999999999991,Yes,X,,Flex Asset EOL and Site Risk Evaluation Tool Ver 3.0 3.6.25.xlsx,Entry- Site SPOF Data,46,159,162,Valid
NAS04,2.0399999999999991,Yes,X,,Flex Asset EOL and Site Risk Evaluation Tool Ver 3.0 3.6.25.xlsx,Entry- Site SPOF Data,46,163,166,Valid
NAS05,2.0399999999999991,Yes,X,,Flex Asset EOL and Site Risk Evaluation Tool Ver 3.0 3.6.25.xlsx,Entry- Site SPOF Data,46,167,170,Valid
NAS06,2.0399999999999991,Yes,X,,Flex Asset EOL and Site Risk Evaluation Tool Ver 3.0 3.6.25.xlsx,Entry- Site SPOF Data,46,171,174,Valid
PDX01.01,2.0399999999999991,Yes,X,,Flex Asset EOL and Site Risk Evaluation Tool Ver 3.0 3.6.25.xlsx,Entry- Site SPOF Data,46,175,178,Valid
PDX01.02,2.0399999999999991,Yes,X,,Flex Asset EOL and Site Risk Evaluation Tool Ver 3.0 3.6.25.xlsx,Entry- Site SPOF Data,46,179,182,Valid
PDX02,2.0399999999999991,No,X,Single Mini split in each battery room,Flex Asset EOL and Site Risk Evaluation Tool Ver 3.0 3.6.25.xlsx,Entry- Site SPOF Data,46,183,186,Valid
PDX03,2.0399999999999991,Yes,X,,Flex Asset EOL and Site Risk Evaluation Tool Ver 3.0 3.6.25.xlsx,Entry- Site SPOF Data,46,187,190,Valid
PDX04,2.0399999999999991,Yes,X,,Flex Asset EOL and Site Risk Evaluation Tool Ver 3.0 3.6.25.xlsx,Entry- Site SPOF Data,46,191,194,Valid
PHL01,2.0399999999999991,Yes,X,,Flex Asset EOL and Site Risk Evaluation Tool Ver 3.0 3.6.25.xlsx,Entry- Site SPOF Data,46,195,198,Valid
PHX01,2.0399999999999991,Yes,X,,Flex Asset EOL and Site Risk Evaluation Tool Ver 3.0 3.6.25.xlsx,Entry- Site SPOF Data,46,199,202,Valid
RAL01,2.0399999999999991,Yes,X,,Flex Asset EOL and Site Risk Evaluation Tool Ver 3.0 3.6.25.xlsx,Entry- Site SPOF Data,46,203,206,Valid
RAL02,2.0399999999999991,Yes,X,,Flex Asset EOL and Site Risk Evaluation Tool Ver 3.0 3.6.25.xlsx,Entry- Site SPOF Data,46,207,210,Valid
RAL03,2.0399999999999991,Yes,X,,Flex Asset EOL and Site Risk Evaluation Tool Ver 3.0 3.6.25.xlsx,Entry- Site SPOF Data,46,211,214,Valid
RCH01,2.0399999999999991,Yes,x,,Flex Asset EOL and Site Risk Evaluation Tool Ver 3.0 3.6.25.xlsx,Entry- Site SPOF Data,46,215,218,Valid
RIC01,2.0399999999999991,Yes,x,,Flex Asset EOL and Site Risk Evaluation Tool Ver 3.0 3.6.25.xlsx,Entry- Site SPOF Data,46,219,222,Valid
RIC02,2.0399999999999991,Yes,x,,Flex Asset EOL and Site Risk Evaluation Tool Ver 3.0 3.6.25.xlsx,Entry- Site SPOF Data,46,223,226,Valid
SLC03,2.0399999999999991,Yes,X,,Flex Asset EOL and Site Risk Evaluation Tool Ver 3.0 3.6.25.xlsx,Entry- Site SPOF Data,46,227,230,Valid
SLC04.01,2.0399999999999991,Yes,X,,Flex Asset EOL and Site Risk Evaluation Tool Ver 3.0 3.6.25.xlsx,Entry- Site SPOF Data,46,231,234,Valid
SLC04.02,2.0399999999999991,Yes,X,,Flex Asset EOL and Site Risk Evaluation Tool Ver 3.0 3.6.25.xlsx,Entry- Site SPOF Data,46,235,238,Valid
SLC04.03,2.0399999999999991,Yes,X,,Flex Asset EOL and Site Risk Evaluation Tool Ver 3.0 3.6.25.xlsx,Entry- Site SPOF Data,46,239,242,Valid
SLC07,2.0399999999999991,Yes,X,,Flex Asset EOL and Site Risk Evaluation Tool Ver 3.0 3.6.25.xlsx,Entry- Site SPOF Data,46,243,246,Valid
SLC09,2.0399999999999991,Yes,X,,Flex Asset EOL and Site Risk Evaluation Tool Ver 3.0 3.6.25.xlsx,Entry- Site SPOF Data,46,247,250,Valid
SLC10,2.0399999999999991,No,X,We have 4 UPS lines. 3 of the 4 have permanent cooling with redundancy. The fourth (D-line) has a semi-permanent mobile unit as backup. We can count these as having a primary and backup for all UPS's but all of these systems are marginal and need replacement or refurbishment.,Flex Asset EOL and Site Risk Evaluation Tool Ver 3.0 3.6.25.xlsx,Entry- Site SPOF Data,46,251,254,Valid
TPA01,2.0399999999999991,Yes,X,,Flex Asset EOL and Site Risk Evaluation Tool Ver 3.0 3.6.25.xlsx,Entry- Site SPOF Data,46,255,258,Valid
TPA02,2.0399999999999991,Yes,X,,Flex Asset EOL and Site Risk Evaluation Tool Ver 3.0 3.6.25.xlsx,Entry- Site SPOF Data,46,259,262,Valid
TPA03,2.0399999999999991,Yes,X,,Flex Asset EOL and Site Risk Evaluation Tool Ver 3.0 3.6.25.xlsx,Entry- Site SPOF Data,46,263,266,Valid
TPA04,2.0399999999999991,Yes,X,,Flex Asset EOL and Site Risk Evaluation Tool Ver 3.0 3.6.25.xlsx,Entry- Site SPOF Data,46,267,270,Valid
ABE01,2.0499999999999989,No,x,,Flex Asset EOL and Site Risk Evaluation Tool Ver 3.0 3.6.25.xlsx,Entry- Site SPOF Data,47,7,10,Valid
ATL01,2.0499999999999989,Yes,X,,Flex Asset EOL and Site Risk Evaluation Tool Ver 3.0 3.6.25.xlsx,Entry- Site SPOF Data,47,11,14,Valid
ATL02,2.0499999999999989,No,X,,Flex Asset EOL and Site Risk Evaluation Tool Ver 3.0 3.6.25.xlsx,Entry- Site SPOF Data,47,15,18,Valid
ATL03,2.0499999999999989,Yes,x,,Flex Asset EOL and Site Risk Evaluation Tool Ver 3.0 3.6.25.xlsx,Entry- Site SPOF Data,47,19,22,Valid
ATL04,2.0499999999999989,Yes,x,,Flex Asset EOL and Site Risk Evaluation Tool Ver 3.0 3.6.25.xlsx,Entry- Site SPOF Data,47,23,26,Valid
ATL05,2.0499999999999989,No,X,,Flex Asset EOL and Site Risk Evaluation Tool Ver 3.0 3.6.25.xlsx,Entry- Site SPOF Data,47,27,30,Valid
CIN01,2.0499999999999989,No,X,DC fed from single substation.,Flex Asset EOL and Site Risk Evaluation Tool Ver 3.0 3.6.25.xlsx,Entry- Site SPOF Data,47,31,34,Valid
CIN02,2.0499999999999989,No,X,DC fed from single substation.,Flex Asset EOL and Site Risk Evaluation Tool Ver 3.0 3.6.25.xlsx,Entry- Site SPOF Data,47,35,38,Valid
CLT01,2.0499999999999989,No,x,,Flex Asset EOL and Site Risk Evaluation Tool Ver 3.0 3.6.25.xlsx,Entry- Site SPOF Data,47,39,42,Valid
CLT02,2.0499999999999989,No,x,A side UPS and B side UPS is feed from same power source,Flex Asset EOL and Site Risk Evaluation Tool Ver 3.0 3.6.25.xlsx,Entry- Site SPOF Data,47,43,46,Valid
CLT03,2.0499999999999989,No,x,4 UPS modules in parallel,Flex Asset EOL and Site Risk Evaluation Tool Ver 3.0 3.6.25.xlsx,Entry- Site SPOF Data,47,47,50,Valid
CLT04,2.0499999999999989,No,x,,Flex Asset EOL and Site Risk Evaluation Tool Ver 3.0 3.6.25.xlsx,Entry- Site SPOF Data,47,51,54,Valid
CLT05,2.0499999999999989,Yes,x,,Flex Asset EOL and Site Risk Evaluation Tool Ver 3.0 3.6.25.xlsx,Entry- Site SPOF Data,47,55,58,Valid
DAL01,2.0499999999999989,No,X,,Flex Asset EOL and Site Risk Evaluation Tool Ver 3.0 3.6.25.xlsx,Entry- Site SPOF Data,47,59,62,Valid
DAL02,2.0499999999999989,No,X,,Flex Asset EOL and Site Risk Evaluation Tool Ver 3.0 3.6.25.xlsx,Entry- Site SPOF Data,47,63,66,Valid
DAL03,2.0499999999999989,Yes,X,,Flex Asset EOL and Site Risk Evaluation Tool Ver 3.0 3.6.25.xlsx,Entry- Site SPOF Data,47,67,70,Valid
DAL04,2.0499999999999989,Yes,X,,Flex Asset EOL and Site Risk Evaluation Tool Ver 3.0 3.6.25.xlsx,Entry- Site SPOF Data,47,71,74,Valid
DAL05,2.0499999999999989,Yes,X,,Flex Asset EOL and Site Risk Evaluation Tool Ver 3.0 3.6.25.xlsx,Entry- Site SPOF Data,47,75,78,Valid
DEN02,2.0499999999999989,Yes,X,,Flex Asset EOL and Site Risk Evaluation Tool Ver 3.0 3.6.25.xlsx,Entry- Site SPOF Data,47,79,82,Valid
DEN03,2.0499999999999989,Yes,X,,Flex Asset EOL and Site Risk Evaluation Tool Ver 3.0 3.6.25.xlsx,Entry- Site SPOF Data,47,83,86,Valid
DEN05.01,2.0499999999999989,Yes,X,,Flex Asset EOL and Site Risk Evaluation Tool Ver 3.0 3.6.25.xlsx,Entry- Site SPOF Data,47,87,90,Valid
DEN05.02,2.0499999999999989,Yes,X,,Flex Asset EOL and Site Risk Evaluation Tool Ver 3.0 3.6.25.xlsx,Entry- Site SPOF Data,47,91,94,Valid
DEN11,2.0499999999999989,Yes,x,,Flex Asset EOL and Site Risk Evaluation Tool Ver 3.0 3.6.25.xlsx,Entry- Site SPOF Data,47,95,98,Valid
DFW01,2.0499999999999989,Yes,X,,Flex Asset EOL and Site Risk Evaluation Tool Ver 3.0 3.6.25.xlsx,Entry- Site SPOF Data,47,99,102,Valid
FLL01,2.0499999999999989,Yes,X,,Flex Asset EOL and Site Risk Evaluation Tool Ver 3.0 3.6.25.xlsx,Entry- Site SPOF Data,47,103,106,Valid
FLL02,2.0499999999999989,Yes,X,,Flex Asset EOL and Site Risk Evaluation Tool Ver 3.0 3.6.25.xlsx,Entry- Site SPOF Data,47,107,110,Valid
JAX01,2.0499999999999989,N/A,X,No UPS system in JAX1 Covered by JAX2,Flex Asset EOL and Site Risk Evaluation Tool Ver 3.0 3.6.25.xlsx,Entry- Site SPOF Data,47,111,114,Valid
JAX02,2.0499999999999989,No,X,,Flex Asset EOL and Site Risk Evaluation Tool Ver 3.0 3.6.25.xlsx,Entry- Site SPOF Data,47,115,118,Valid
LAS03,2.0499999999999989,No,X,,Flex Asset EOL and Site Risk Evaluation Tool Ver 3.0 3.6.25.xlsx,Entry- Site SPOF Data,47,119,122,Valid
LAS04,2.0499999999999989,Yes,X,,Flex Asset EOL and Site Risk Evaluation Tool Ver 3.0 3.6.25.xlsx,Entry- Site SPOF Data,47,123,126,Valid
LAS05,2.0499999999999989,Yes,X,,Flex Asset EOL and Site Risk Evaluation Tool Ver 3.0 3.6.25.xlsx,Entry- Site SPOF Data,47,127,130,Valid
LOU02,2.0499999999999989,No,X,DC fed from single substation.,Flex Asset EOL and Site Risk Evaluation Tool Ver 3.0 3.6.25.xlsx,Entry- Site SPOF Data,47,131,134,Valid
LOU03,2.0499999999999989,No,X,DC fed from single substation.,Flex Asset EOL and Site Risk Evaluation Tool Ver 3.0 3.6.25.xlsx,Entry- Site SPOF Data,47,135,138,Valid
LOU04,2.0499999999999989,No,X,DC fed from single substation.,Flex Asset EOL and Site Risk Evaluation Tool Ver 3.0 3.6.25.xlsx,Entry- Site SPOF Data,47,139,142,Valid
LOU05,2.0499999999999989,No,X,DC fed from single substation.,Flex Asset EOL and Site Risk Evaluation Tool Ver 3.0 3.6.25.xlsx,Entry- Site SPOF Data,47,143,146,Valid
MSP01,2.0499999999999989,Yes,X,,Flex Asset EOL and Site Risk Evaluation Tool Ver 3.0 3.6.25.xlsx,Entry- Site SPOF Data,47,147,150,Valid
NAS01,2.0499999999999989,No,X,,Flex Asset EOL and Site Risk Evaluation Tool Ver 3.0 3.6.25.xlsx,Entry- Site SPOF Data,47,151,154,Valid
NAS02,2.0499999999999989,No,x,,Flex Asset EOL and Site Risk Evaluation Tool Ver 3.0 3.6.25.xlsx,Entry- Site SPOF Data,47,155,158,Valid
NAS03,2.0499999999999989,No,X,,Flex Asset EOL and Site Risk Evaluation Tool Ver 3.0 3.6.25.xlsx,Entry- Site SPOF Data,47,159,162,Valid
NAS04,2.0499999999999989,No,X,,Flex Asset EOL and Site Risk Evaluation Tool Ver 3.0 3.6.25.xlsx,Entry- Site SPOF Data,47,163,166,Valid
NAS05,2.0499999999999989,Yes,X,UPS A from A switchboard. UPS B from B switchboard.,Flex Asset EOL and Site Risk Evaluation Tool Ver 3.0 3.6.25.xlsx,Entry- Site SPOF Data,47,167,170,Valid
NAS06,2.0499999999999989,Yes,X,"A from A switchboard, B from B Switchboard, C from C switchboard, D from D switchboard",Flex Asset EOL and Site Risk Evaluation Tool Ver 3.0 3.6.25.xlsx,Entry- Site SPOF Data,47,171,174,Valid
PDX01.01,2.0499999999999989,Yes,X,,Flex Asset EOL and Site Risk Evaluation Tool Ver 3.0 3.6.25.xlsx,Entry- Site SPOF Data,47,175,178,Valid
PDX01.02,2.0499999999999989,Yes,X,,Flex Asset EOL and Site Risk Evaluation Tool Ver 3.0 3.6.25.xlsx,Entry- Site SPOF Data,47,179,182,Valid
PDX02,2.0499999999999989,Yes,X,,Flex Asset EOL and Site Risk Evaluation Tool Ver 3.0 3.6.25.xlsx,Entry- Site SPOF Data,47,183,186,Valid
PDX03,2.0499999999999989,Yes,X,,Flex Asset EOL and Site Risk Evaluation Tool Ver 3.0 3.6.25.xlsx,Entry- Site SPOF Data,47,187,190,Valid
PDX04,2.0499999999999989,Yes,X,,Flex Asset EOL and Site Risk Evaluation Tool Ver 3.0 3.6.25.xlsx,Entry- Site SPOF Data,47,191,194,Valid
PHL01,2.0499999999999989,Yes,X,,Flex Asset EOL and Site Risk Evaluation Tool Ver 3.0 3.6.25.xlsx,Entry- Site SPOF Data,47,195,198,Valid
PHX01,2.0499999999999989,Yes,X,,Flex Asset EOL and Site Risk Evaluation Tool Ver 3.0 3.6.25.xlsx,Entry- Site SPOF Data,47,199,202,Valid
RAL01,2.0499999999999989,No,X,,Flex Asset EOL and Site Risk Evaluation Tool Ver 3.0 3.6.25.xlsx,Entry- Site SPOF Data,47,203,206,Valid
RAL02,2.0499999999999989,No,X,,Flex Asset EOL and Site Risk Evaluation Tool Ver 3.0 3.6.25.xlsx,Entry- Site SPOF Data,47,207,210,Valid
RAL03,2.0499999999999989,No,X,,Flex Asset EOL and Site Risk Evaluation Tool Ver 3.0 3.6.25.xlsx,Entry- Site SPOF Data,47,211,214,Valid
RCH01,2.0499999999999989,Yes,x,"MDSA-SCA-UPS A,  MDSA-SCC-UPS C,  MDSB-SCB-UPS B,  MDSB-SCD-UPS D each SC switch gear equipped with LIS's to route power from A-B or B-A, C-D or D-C",Flex Asset EOL and Site Risk Evaluation Tool Ver 3.0 3.6.25.xlsx,Entry- Site SPOF Data,47,215,218,Valid
RIC01,2.0499999999999989,Yes,x,,Flex Asset EOL and Site Risk Evaluation Tool Ver 3.0 3.6.25.xlsx,Entry- Site SPOF Data,47,219,222,Valid
RIC02,2.0499999999999989,Yes,x,,Flex Asset EOL and Site Risk Evaluation Tool Ver 3.0 3.6.25.xlsx,Entry- Site SPOF Data,47,223,226,Valid
SLC03,2.0499999999999989,No,X,,Flex Asset EOL and Site Risk Evaluation Tool Ver 3.0 3.6.25.xlsx,Entry- Site SPOF Data,47,227,230,Valid
SLC04.01,2.0499999999999989,Yes,X,,Flex Asset EOL and Site Risk Evaluation Tool Ver 3.0 3.6.25.xlsx,Entry- Site SPOF Data,47,231,234,Valid
SLC04.02,2.0499999999999989,Yes,X,,Flex Asset EOL and Site Risk Evaluation Tool Ver 3.0 3.6.25.xlsx,Entry- Site SPOF Data,47,235,238,Valid
SLC04.03,2.0499999999999989,Yes,X,,Flex Asset EOL and Site Risk Evaluation Tool Ver 3.0 3.6.25.xlsx,Entry- Site SPOF Data,47,239,242,Valid
SLC07,2.0499999999999989,No,X,Single UPS site,Flex Asset EOL and Site Risk Evaluation Tool Ver 3.0 3.6.25.xlsx,Entry- Site SPOF Data,47,243,246,Valid
SLC09,2.0499999999999989,No,X,,Flex Asset EOL and Site Risk Evaluation Tool Ver 3.0 3.6.25.xlsx,Entry- Site SPOF Data,47,247,250,Valid
SLC10,2.0499999999999989,No,X,"We have multiple feeds to our building but not to each line. We do have tie breakers so we can connect each line to it's sister. We do not have appropriate metering in place currently or procedures, so we would need to do so very deliberately. We also have not operated these breakers and disconnects with the exception of the ATS 1 and 2 connection.",Flex Asset EOL and Site Risk Evaluation Tool Ver 3.0 3.6.25.xlsx,Entry- Site SPOF Data,47,251,254,Valid
TPA01,2.0499999999999989,No,X,,Flex Asset EOL and Site Risk Evaluation Tool Ver 3.0 3.6.25.xlsx,Entry- Site SPOF Data,47,255,258,Valid
TPA02,2.0499999999999989,No,X,,Flex Asset EOL and Site Risk Evaluation Tool Ver 3.0 3.6.25.xlsx,Entry- Site SPOF Data,47,259,262,Valid
TPA03,2.0499999999999989,No,X,,Flex Asset EOL and Site Risk Evaluation Tool Ver 3.0 3.6.25.xlsx,Entry- Site SPOF Data,47,263,266,Valid
TPA04,2.0499999999999989,No,X,,Flex Asset EOL and Site Risk Evaluation Tool Ver 3.0 3.6.25.xlsx,Entry- Site SPOF Data,47,267,270,Valid
ABE01,2.0599999999999987,Yes,x,,Flex Asset EOL and Site Risk Evaluation Tool Ver 3.0 3.6.25.xlsx,Entry- Site SPOF Data,48,7,10,Valid
ATL01,2.0599999999999987,Yes,X,,Flex Asset EOL and Site Risk Evaluation Tool Ver 3.0 3.6.25.xlsx,Entry- Site SPOF Data,48,11,14,Valid
ATL02,2.0599999999999987,Yes,X,,Flex Asset EOL and Site Risk Evaluation Tool Ver 3.0 3.6.25.xlsx,Entry- Site SPOF Data,48,15,18,Valid
ATL03,2.0599999999999987,Yes,x,,Flex Asset EOL and Site Risk Evaluation Tool Ver 3.0 3.6.25.xlsx,Entry- Site SPOF Data,48,19,22,Valid
ATL04,2.0599999999999987,Yes,x,,Flex Asset EOL and Site Risk Evaluation Tool Ver 3.0 3.6.25.xlsx,Entry- Site SPOF Data,48,23,26,Valid
ATL05,2.0599999999999987,Yes,X,,Flex Asset EOL and Site Risk Evaluation Tool Ver 3.0 3.6.25.xlsx,Entry- Site SPOF Data,48,27,30,Valid
CIN01,2.0599999999999987,Yes,X,,Flex Asset EOL and Site Risk Evaluation Tool Ver 3.0 3.6.25.xlsx,Entry- Site SPOF Data,48,31,34,Valid
CIN02,2.0599999999999987,Yes,X,,Flex Asset EOL and Site Risk Evaluation Tool Ver 3.0 3.6.25.xlsx,Entry- Site SPOF Data,48,35,38,Valid
CLT01,2.0599999999999987,Yes,x,,Flex Asset EOL and Site Risk Evaluation Tool Ver 3.0 3.6.25.xlsx,Entry- Site SPOF Data,48,39,42,Valid
CLT02,2.0599999999999987,Yes,x,,Flex Asset EOL and Site Risk Evaluation Tool Ver 3.0 3.6.25.xlsx,Entry- Site SPOF Data,48,43,46,Valid
CLT03,2.0599999999999987,Yes,x,,Flex Asset EOL and Site Risk Evaluation Tool Ver 3.0 3.6.25.xlsx,Entry- Site SPOF Data,48,47,50,Valid
CLT04,2.0599999999999987,Yes,x,,Flex Asset EOL and Site Risk Evaluation Tool Ver 3.0 3.6.25.xlsx,Entry- Site SPOF Data,48,51,54,Valid
CLT05,2.0599999999999987,Yes,x,,Flex Asset EOL and Site Risk Evaluation Tool Ver 3.0 3.6.25.xlsx,Entry- Site SPOF Data,48,55,58,Valid
DAL01,2.0599999999999987,No,X,DAL01 only has one input going to Maintanance bypass.,Flex Asset EOL and Site Risk Evaluation Tool Ver 3.0 3.6.25.xlsx,Entry- Site SPOF Data,48,59,62,Valid
DAL02,2.0599999999999987,Yes,X,,Flex Asset EOL and Site Risk Evaluation Tool Ver 3.0 3.6.25.xlsx,Entry- Site SPOF Data,48,63,66,Valid
DAL03,2.0599999999999987,Yes,X,,Flex Asset EOL and Site Risk Evaluation Tool Ver 3.0 3.6.25.xlsx,Entry- Site SPOF Data,48,67,70,Valid
DAL04,2.0599999999999987,Yes,X,,Flex Asset EOL and Site Risk Evaluation Tool Ver 3.0 3.6.25.xlsx,Entry- Site SPOF Data,48,71,74,Valid
DAL05,2.0599999999999987,Yes,X,,Flex Asset EOL and Site Risk Evaluation Tool Ver 3.0 3.6.25.xlsx,Entry- Site SPOF Data,48,75,78,Valid
DEN02,2.0599999999999987,Yes,X,,Flex Asset EOL and Site Risk Evaluation Tool Ver 3.0 3.6.25.xlsx,Entry- Site SPOF Data,48,79,82,Valid
DEN03,2.0599999999999987,Yes,X,,Flex Asset EOL and Site Risk Evaluation Tool Ver 3.0 3.6.25.xlsx,Entry- Site SPOF Data,48,83,86,Valid
DEN05.01,2.0599999999999987,Yes,X,,Flex Asset EOL and Site Risk Evaluation Tool Ver 3.0 3.6.25.xlsx,Entry- Site SPOF Data,48,87,90,Valid
DEN05.02,2.0599999999999987,Yes,X,,Flex Asset EOL and Site Risk Evaluation Tool Ver 3.0 3.6.25.xlsx,Entry- Site SPOF Data,48,91,94,Valid
DEN11,2.0599999999999987,Yes,x,,Flex Asset EOL and Site Risk Evaluation Tool Ver 3.0 3.6.25.xlsx,Entry- Site SPOF Data,48,95,98,Valid
DFW01,2.0599999999999987,Yes,X,,Flex Asset EOL and Site Risk Evaluation Tool Ver 3.0 3.6.25.xlsx,Entry- Site SPOF Data,48,99,102,Valid
FLL01,2.0599999999999987,Yes,X,,Flex Asset EOL and Site Risk Evaluation Tool Ver 3.0 3.6.25.xlsx,Entry- Site SPOF Data,48,103,106,Valid
FLL02,2.0599999999999987,Yes,X,,Flex Asset EOL and Site Risk Evaluation Tool Ver 3.0 3.6.25.xlsx,Entry- Site SPOF Data,48,107,110,Valid
JAX01,2.0599999999999987,N/A,X,No UPS system in JAX1 Covered by JAX2,Flex Asset EOL and Site Risk Evaluation Tool Ver 3.0 3.6.25.xlsx,Entry- Site SPOF Data,48,111,114,Valid
JAX02,2.0599999999999987,Yes,X,,Flex Asset EOL and Site Risk Evaluation Tool Ver 3.0 3.6.25.xlsx,Entry- Site SPOF Data,48,115,118,Valid
LAS03,2.0599999999999987,Yes,X,,Flex Asset EOL and Site Risk Evaluation Tool Ver 3.0 3.6.25.xlsx,Entry- Site SPOF Data,48,119,122,Valid
LAS04,2.0599999999999987,Yes,X,,Flex Asset EOL and Site Risk Evaluation Tool Ver 3.0 3.6.25.xlsx,Entry- Site SPOF Data,48,123,126,Valid
LAS05,2.0599999999999987,Yes,X,,Flex Asset EOL and Site Risk Evaluation Tool Ver 3.0 3.6.25.xlsx,Entry- Site SPOF Data,48,127,130,Valid
LOU02,2.0599999999999987,Yes,X,,Flex Asset EOL and Site Risk Evaluation Tool Ver 3.0 3.6.25.xlsx,Entry- Site SPOF Data,48,131,134,Valid
LOU03,2.0599999999999987,Yes,X,,Flex Asset EOL and Site Risk Evaluation Tool Ver 3.0 3.6.25.xlsx,Entry- Site SPOF Data,48,135,138,Valid
LOU04,2.0599999999999987,Yes,X,,Flex Asset EOL and Site Risk Evaluation Tool Ver 3.0 3.6.25.xlsx,Entry- Site SPOF Data,48,139,142,Valid
LOU05,2.0599999999999987,Yes,X,,Flex Asset EOL and Site Risk Evaluation Tool Ver 3.0 3.6.25.xlsx,Entry- Site SPOF Data,48,143,146,Valid
MSP01,2.0599999999999987,Yes,X,"Internal yes, external same conductors/breaker feeds input and bypass",Flex Asset EOL and Site Risk Evaluation Tool Ver 3.0 3.6.25.xlsx,Entry- Site SPOF Data,48,147,150,Valid
NAS01,2.0599999999999987,Yes,X,,Flex Asset EOL and Site Risk Evaluation Tool Ver 3.0 3.6.25.xlsx,Entry- Site SPOF Data,48,151,154,Valid
NAS02,2.0599999999999987,Yes,x,,Flex Asset EOL and Site Risk Evaluation Tool Ver 3.0 3.6.25.xlsx,Entry- Site SPOF Data,48,155,158,Valid
NAS03,2.0599999999999987,Yes,X,,Flex Asset EOL and Site Risk Evaluation Tool Ver 3.0 3.6.25.xlsx,Entry- Site SPOF Data,48,159,162,Valid
NAS04,2.0599999999999987,Yes,X,,Flex Asset EOL and Site Risk Evaluation Tool Ver 3.0 3.6.25.xlsx,Entry- Site SPOF Data,48,163,166,Valid
NAS05,2.0599999999999987,Yes,X,,Flex Asset EOL and Site Risk Evaluation Tool Ver 3.0 3.6.25.xlsx,Entry- Site SPOF Data,48,167,170,Valid
NAS06,2.0599999999999987,Yes,X,,Flex Asset EOL and Site Risk Evaluation Tool Ver 3.0 3.6.25.xlsx,Entry- Site SPOF Data,48,171,174,Valid
PDX01.01,2.0599999999999987,Yes,X,,Flex Asset EOL and Site Risk Evaluation Tool Ver 3.0 3.6.25.xlsx,Entry- Site SPOF Data,48,175,178,Valid
PDX01.02,2.0599999999999987,Yes,X,,Flex Asset EOL and Site Risk Evaluation Tool Ver 3.0 3.6.25.xlsx,Entry- Site SPOF Data,48,179,182,Valid
PDX02,2.0599999999999987,No,X,,Flex Asset EOL and Site Risk Evaluation Tool Ver 3.0 3.6.25.xlsx,Entry- Site SPOF Data,48,183,186,Valid
PDX03,2.0599999999999987,Yes,X,,Flex Asset EOL and Site Risk Evaluation Tool Ver 3.0 3.6.25.xlsx,Entry- Site SPOF Data,48,187,190,Valid
PDX04,2.0599999999999987,Yes,X,,Flex Asset EOL and Site Risk Evaluation Tool Ver 3.0 3.6.25.xlsx,Entry- Site SPOF Data,48,191,194,Valid
PHL01,2.0599999999999987,No,X,,Flex Asset EOL and Site Risk Evaluation Tool Ver 3.0 3.6.25.xlsx,Entry- Site SPOF Data,48,195,198,Valid
PHX01,2.0599999999999987,Yes,X,,Flex Asset EOL and Site Risk Evaluation Tool Ver 3.0 3.6.25.xlsx,Entry- Site SPOF Data,48,199,202,Valid
RAL01,2.0599999999999987,Yes,X,,Flex Asset EOL and Site Risk Evaluation Tool Ver 3.0 3.6.25.xlsx,Entry- Site SPOF Data,48,203,206,Valid
RAL02,2.0599999999999987,Yes,X,,Flex Asset EOL and Site Risk Evaluation Tool Ver 3.0 3.6.25.xlsx,Entry- Site SPOF Data,48,207,210,Valid
RAL03,2.0599999999999987,Yes,X,,Flex Asset EOL and Site Risk Evaluation Tool Ver 3.0 3.6.25.xlsx,Entry- Site SPOF Data,48,211,214,Valid
RCH01,2.0599999999999987,Yes,x,,Flex Asset EOL and Site Risk Evaluation Tool Ver 3.0 3.6.25.xlsx,Entry- Site SPOF Data,48,215,218,Valid
RIC01,2.0599999999999987,Yes,x,,Flex Asset EOL and Site Risk Evaluation Tool Ver 3.0 3.6.25.xlsx,Entry- Site SPOF Data,48,219,222,Valid
RIC02,2.0599999999999987,Yes,x,,Flex Asset EOL and Site Risk Evaluation Tool Ver 3.0 3.6.25.xlsx,Entry- Site SPOF Data,48,223,226,Valid
SLC03,2.0599999999999987,Yes,X,,Flex Asset EOL and Site Risk Evaluation Tool Ver 3.0 3.6.25.xlsx,Entry- Site SPOF Data,48,227,230,Valid
SLC04.01,2.0599999999999987,Yes,X,,Flex Asset EOL and Site Risk Evaluation Tool Ver 3.0 3.6.25.xlsx,Entry- Site SPOF Data,48,231,234,Valid
SLC04.02,2.0599999999999987,Yes,X,,Flex Asset EOL and Site Risk Evaluation Tool Ver 3.0 3.6.25.xlsx,Entry- Site SPOF Data,48,235,238,Valid
SLC04.03,2.0599999999999987,Yes,X,,Flex Asset EOL and Site Risk Evaluation Tool Ver 3.0 3.6.25.xlsx,Entry- Site SPOF Data,48,239,242,Valid
SLC07,2.0599999999999987,Yes,X,,Flex Asset EOL and Site Risk Evaluation Tool Ver 3.0 3.6.25.xlsx,Entry- Site SPOF Data,48,243,246,Valid
SLC09,2.0599999999999987,Yes,X,"We do have mechanical bypasses for all lines. With our larger A/B lines having a SBM system they do not have individual manual bypasses. Each UPS does have a dedicated input breaker, allowing us to fully isolate each module.",Flex Asset EOL and Site Risk Evaluation Tool Ver 3.0 3.6.25.xlsx,Entry- Site SPOF Data,48,247,250,Valid
SLC10,2.0599999999999987,Yes,X,"We do have mechanical bypasses for all lines, with our larger A/B lines having a SBM system they do not have individual manual bypasses. Each UPS does have a dedicated input breaker, allowing us to fully isolate each module.",Flex Asset EOL and Site Risk Evaluation Tool Ver 3.0 3.6.25.xlsx,Entry- Site SPOF Data,48,251,254,Valid
TPA01,2.0599999999999987,Yes,X,,Flex Asset EOL and Site Risk Evaluation Tool Ver 3.0 3.6.25.xlsx,Entry- Site SPOF Data,48,255,258,Valid
TPA02,2.0599999999999987,Yes,X,,Flex Asset EOL and Site Risk Evaluation Tool Ver 3.0 3.6.25.xlsx,Entry- Site SPOF Data,48,259,262,Valid
TPA03,2.0599999999999987,Yes,X,,Flex Asset EOL and Site Risk Evaluation Tool Ver 3.0 3.6.25.xlsx,Entry- Site SPOF Data,48,263,266,Valid
TPA04,2.0599999999999987,Yes,X,,Flex Asset EOL and Site Risk Evaluation Tool Ver 3.0 3.6.25.xlsx,Entry- Site SPOF Data,48,267,270,Valid
ABE01,2.0699999999999985,Yes,x,,Flex Asset EOL and Site Risk Evaluation Tool Ver 3.0 3.6.25.xlsx,Entry- Site SPOF Data,49,7,10,Valid
ATL01,2.0699999999999985,Yes,X,,Flex Asset EOL and Site Risk Evaluation Tool Ver 3.0 3.6.25.xlsx,Entry- Site SPOF Data,49,11,14,Valid
ATL02,2.0699999999999985,Yes,X,,Flex Asset EOL and Site Risk Evaluation Tool Ver 3.0 3.6.25.xlsx,Entry- Site SPOF Data,49,15,18,Valid
ATL03,2.0699999999999985,Yes,x,,Flex Asset EOL and Site Risk Evaluation Tool Ver 3.0 3.6.25.xlsx,Entry- Site SPOF Data,49,19,22,Valid
ATL04,2.0699999999999985,Yes,x,,Flex Asset EOL and Site Risk Evaluation Tool Ver 3.0 3.6.25.xlsx,Entry- Site SPOF Data,49,23,26,Valid
ATL05,2.0699999999999985,Yes,X,,Flex Asset EOL and Site Risk Evaluation Tool Ver 3.0 3.6.25.xlsx,Entry- Site SPOF Data,49,27,30,Valid
CIN01,2.0699999999999985,Yes,X,,Flex Asset EOL and Site Risk Evaluation Tool Ver 3.0 3.6.25.xlsx,Entry- Site SPOF Data,49,31,34,Valid
CIN02,2.0699999999999985,Yes,X,,Flex Asset EOL and Site Risk Evaluation Tool Ver 3.0 3.6.25.xlsx,Entry- Site SPOF Data,49,35,38,Valid
CLT01,2.0699999999999985,Yes,x,,Flex Asset EOL and Site Risk Evaluation Tool Ver 3.0 3.6.25.xlsx,Entry- Site SPOF Data,49,39,42,Valid
CLT02,2.0699999999999985,Yes,x,,Flex Asset EOL and Site Risk Evaluation Tool Ver 3.0 3.6.25.xlsx,Entry- Site SPOF Data,49,43,46,Valid
CLT03,2.0699999999999985,Yes,x,,Flex Asset EOL and Site Risk Evaluation Tool Ver 3.0 3.6.25.xlsx,Entry- Site SPOF Data,49,47,50,Valid
CLT04,2.0699999999999985,Yes,x,,Flex Asset EOL and Site Risk Evaluation Tool Ver 3.0 3.6.25.xlsx,Entry- Site SPOF Data,49,51,54,Valid
CLT05,2.0699999999999985,Yes,x,,Flex Asset EOL and Site Risk Evaluation Tool Ver 3.0 3.6.25.xlsx,Entry- Site SPOF Data,49,55,58,Valid
DAL01,2.0699999999999985,Yes,X,,Flex Asset EOL and Site Risk Evaluation Tool Ver 3.0 3.6.25.xlsx,Entry- Site SPOF Data,49,59,62,Valid
DAL02,2.0699999999999985,Yes,X,,Flex Asset EOL and Site Risk Evaluation Tool Ver 3.0 3.6.25.xlsx,Entry- Site SPOF Data,49,63,66,Valid
DAL03,2.0699999999999985,Yes,X,,Flex Asset EOL and Site Risk Evaluation Tool Ver 3.0 3.6.25.xlsx,Entry- Site SPOF Data,49,67,70,Valid
DAL04,2.0699999999999985,Yes,X,,Flex Asset EOL and Site Risk Evaluation Tool Ver 3.0 3.6.25.xlsx,Entry- Site SPOF Data,49,71,74,Valid
DAL05,2.0699999999999985,Yes,X,,Flex Asset EOL and Site Risk Evaluation Tool Ver 3.0 3.6.25.xlsx,Entry- Site SPOF Data,49,75,78,Valid
DEN02,2.0699999999999985,Yes,X,,Flex Asset EOL and Site Risk Evaluation Tool Ver 3.0 3.6.25.xlsx,Entry- Site SPOF Data,49,79,82,Valid
DEN03,2.0699999999999985,Yes,X,,Flex Asset EOL and Site Risk Evaluation Tool Ver 3.0 3.6.25.xlsx,Entry- Site SPOF Data,49,83,86,Valid
DEN05.01,2.0699999999999985,Yes,X,,Flex Asset EOL and Site Risk Evaluation Tool Ver 3.0 3.6.25.xlsx,Entry- Site SPOF Data,49,87,90,Valid
DEN05.02,2.0699999999999985,Yes,X,,Flex Asset EOL and Site Risk Evaluation Tool Ver 3.0 3.6.25.xlsx,Entry- Site SPOF Data,49,91,94,Valid
DEN11,2.0699999999999985,Yes,x,,Flex Asset EOL and Site Risk Evaluation Tool Ver 3.0 3.6.25.xlsx,Entry- Site SPOF Data,49,95,98,Valid
DFW01,2.0699999999999985,Yes,X,,Flex Asset EOL and Site Risk Evaluation Tool Ver 3.0 3.6.25.xlsx,Entry- Site SPOF Data,49,99,102,Valid
FLL01,2.0699999999999985,Yes,X,,Flex Asset EOL and Site Risk Evaluation Tool Ver 3.0 3.6.25.xlsx,Entry- Site SPOF Data,49,103,106,Valid
FLL02,2.0699999999999985,Yes,X,,Flex Asset EOL and Site Risk Evaluation Tool Ver 3.0 3.6.25.xlsx,Entry- Site SPOF Data,49,107,110,Valid
JAX01,2.0699999999999985,N/A,X,No UPS system in JAX1 Covered by JAX2,Flex Asset EOL and Site Risk Evaluation Tool Ver 3.0 3.6.25.xlsx,Entry- Site SPOF Data,49,111,114,Valid
JAX02,2.0699999999999985,Yes,X,,Flex Asset EOL and Site Risk Evaluation Tool Ver 3.0 3.6.25.xlsx,Entry- Site SPOF Data,49,115,118,Valid
LAS03,2.0699999999999985,Yes,X,,Flex Asset EOL and Site Risk Evaluation Tool Ver 3.0 3.6.25.xlsx,Entry- Site SPOF Data,49,119,122,Valid
LAS04,2.0699999999999985,Yes,X,,Flex Asset EOL and Site Risk Evaluation Tool Ver 3.0 3.6.25.xlsx,Entry- Site SPOF Data,49,123,126,Valid
LAS05,2.0699999999999985,Yes,X,,Flex Asset EOL and Site Risk Evaluation Tool Ver 3.0 3.6.25.xlsx,Entry- Site SPOF Data,49,127,130,Valid
LOU02,2.0699999999999985,Yes,X,,Flex Asset EOL and Site Risk Evaluation Tool Ver 3.0 3.6.25.xlsx,Entry- Site SPOF Data,49,131,134,Valid
LOU03,2.0699999999999985,Yes,X,,Flex Asset EOL and Site Risk Evaluation Tool Ver 3.0 3.6.25.xlsx,Entry- Site SPOF Data,49,135,138,Valid
LOU04,2.0699999999999985,Yes,X,,Flex Asset EOL and Site Risk Evaluation Tool Ver 3.0 3.6.25.xlsx,Entry- Site SPOF Data,49,139,142,Valid
LOU05,2.0699999999999985,Yes,X,,Flex Asset EOL and Site Risk Evaluation Tool Ver 3.0 3.6.25.xlsx,Entry- Site SPOF Data,49,143,146,Valid
MSP01,2.0699999999999985,Yes,X,,Flex Asset EOL and Site Risk Evaluation Tool Ver 3.0 3.6.25.xlsx,Entry- Site SPOF Data,49,147,150,Valid
NAS01,2.0699999999999985,Yes,X,,Flex Asset EOL and Site Risk Evaluation Tool Ver 3.0 3.6.25.xlsx,Entry- Site SPOF Data,49,151,154,Valid
NAS02,2.0699999999999985,Yes,x,,Flex Asset EOL and Site Risk Evaluation Tool Ver 3.0 3.6.25.xlsx,Entry- Site SPOF Data,49,155,158,Valid
NAS03,2.0699999999999985,Yes,X,,Flex Asset EOL and Site Risk Evaluation Tool Ver 3.0 3.6.25.xlsx,Entry- Site SPOF Data,49,159,162,Valid
NAS04,2.0699999999999985,Yes,X,,Flex Asset EOL and Site Risk Evaluation Tool Ver 3.0 3.6.25.xlsx,Entry- Site SPOF Data,49,163,166,Valid
NAS05,2.0699999999999985,Yes,X,,Flex Asset EOL and Site Risk Evaluation Tool Ver 3.0 3.6.25.xlsx,Entry- Site SPOF Data,49,167,170,Valid
NAS06,2.0699999999999985,Yes,X,,Flex Asset EOL and Site Risk Evaluation Tool Ver 3.0 3.6.25.xlsx,Entry- Site SPOF Data,49,171,174,Valid
PDX01.01,2.0699999999999985,Yes,X,,Flex Asset EOL and Site Risk Evaluation Tool Ver 3.0 3.6.25.xlsx,Entry- Site SPOF Data,49,175,178,Valid
PDX01.02,2.0699999999999985,Yes,X,,Flex Asset EOL and Site Risk Evaluation Tool Ver 3.0 3.6.25.xlsx,Entry- Site SPOF Data,49,179,182,Valid
PDX02,2.0699999999999985,Yes,X,,Flex Asset EOL and Site Risk Evaluation Tool Ver 3.0 3.6.25.xlsx,Entry- Site SPOF Data,49,183,186,Valid
PDX03,2.0699999999999985,Yes,X,,Flex Asset EOL and Site Risk Evaluation Tool Ver 3.0 3.6.25.xlsx,Entry- Site SPOF Data,49,187,190,Valid
PDX04,2.0699999999999985,Yes,X,,Flex Asset EOL and Site Risk Evaluation Tool Ver 3.0 3.6.25.xlsx,Entry- Site SPOF Data,49,191,194,Valid
PHL01,2.0699999999999985,Yes,X,,Flex Asset EOL and Site Risk Evaluation Tool Ver 3.0 3.6.25.xlsx,Entry- Site SPOF Data,49,195,198,Valid
PHX01,2.0699999999999985,Yes,X,,Flex Asset EOL and Site Risk Evaluation Tool Ver 3.0 3.6.25.xlsx,Entry- Site SPOF Data,49,199,202,Valid
RAL01,2.0699999999999985,Yes,X,,Flex Asset EOL and Site Risk Evaluation Tool Ver 3.0 3.6.25.xlsx,Entry- Site SPOF Data,49,203,206,Valid
RAL02,2.0699999999999985,Yes,X,,Flex Asset EOL and Site Risk Evaluation Tool Ver 3.0 3.6.25.xlsx,Entry- Site SPOF Data,49,207,210,Valid
RAL03,2.0699999999999985,Yes,X,,Flex Asset EOL and Site Risk Evaluation Tool Ver 3.0 3.6.25.xlsx,Entry- Site SPOF Data,49,211,214,Valid
RCH01,2.0699999999999985,Yes,x,,Flex Asset EOL and Site Risk Evaluation Tool Ver 3.0 3.6.25.xlsx,Entry- Site SPOF Data,49,215,218,Valid
RIC01,2.0699999999999985,Yes,x,,Flex Asset EOL and Site Risk Evaluation Tool Ver 3.0 3.6.25.xlsx,Entry- Site SPOF Data,49,219,222,Valid
RIC02,2.0699999999999985,Yes,x,,Flex Asset EOL and Site Risk Evaluation Tool Ver 3.0 3.6.25.xlsx,Entry- Site SPOF Data,49,223,226,Valid
SLC03,2.0699999999999985,Yes,X,They work. This system could use grooming but has shown effective isolation of potential battery faults.,Flex Asset EOL and Site Risk Evaluation Tool Ver 3.0 3.6.25.xlsx,Entry- Site SPOF Data,49,227,230,Valid
SLC04.01,2.0699999999999985,Yes,X,,Flex Asset EOL and Site Risk Evaluation Tool Ver 3.0 3.6.25.xlsx,Entry- Site SPOF Data,49,231,234,Valid
SLC04.02,2.0699999999999985,Yes,X,,Flex Asset EOL and Site Risk Evaluation Tool Ver 3.0 3.6.25.xlsx,Entry- Site SPOF Data,49,235,238,Valid
SLC04.03,2.0699999999999985,Yes,X,,Flex Asset EOL and Site Risk Evaluation Tool Ver 3.0 3.6.25.xlsx,Entry- Site SPOF Data,49,239,242,Valid
SLC07,2.0699999999999985,Yes,X,,Flex Asset EOL and Site Risk Evaluation Tool Ver 3.0 3.6.25.xlsx,Entry- Site SPOF Data,49,243,246,Valid
SLC09,2.0699999999999985,Yes,X,They work. This system could use grooming but has shown effective isolation of potential battery faults.,Flex Asset EOL and Site Risk Evaluation Tool Ver 3.0 3.6.25.xlsx,Entry- Site SPOF Data,49,247,250,Valid
SLC10,2.0699999999999985,Yes,X,They work. This system could use grooming but has shown effective isolation of potential battery faults.,Flex Asset EOL and Site Risk Evaluation Tool Ver 3.0 3.6.25.xlsx,Entry- Site SPOF Data,49,251,254,Valid
TPA01,2.0699999999999985,Yes,X,,Flex Asset EOL and Site Risk Evaluation Tool Ver 3.0 3.6.25.xlsx,Entry- Site SPOF Data,49,255,258,Valid
TPA02,2.0699999999999985,Yes,X,,Flex Asset EOL and Site Risk Evaluation Tool Ver 3.0 3.6.25.xlsx,Entry- Site SPOF Data,49,259,262,Valid
TPA03,2.0699999999999985,Yes,X,,Flex Asset EOL and Site Risk Evaluation Tool Ver 3.0 3.6.25.xlsx,Entry- Site SPOF Data,49,263,266,Valid
TPA04,2.0699999999999985,Yes,X,,Flex Asset EOL and Site Risk Evaluation Tool Ver 3.0 3.6.25.xlsx,Entry- Site SPOF Data,49,267,270,Valid
ABE01,3,Blank,,,Flex Asset EOL and Site Risk Evaluation Tool Ver 3.0 3.6.25.xlsx,Entry- Site SPOF Data,50,7,10,Blank
ATL01,3,Blank,,,Flex Asset EOL and Site Risk Evaluation Tool Ver 3.0 3.6.25.xlsx,Entry- Site SPOF Data,50,11,14,Blank
ATL02,3,Blank,,,Flex Asset EOL and Site Risk Evaluation Tool Ver 3.0 3.6.25.xlsx,Entry- Site SPOF Data,50,15,18,Blank
ATL03,3,Blank,,,Flex Asset EOL and Site Risk Evaluation Tool Ver 3.0 3.6.25.xlsx,Entry- Site SPOF Data,50,19,22,Blank
ATL04,3,Blank,,,Flex Asset EOL and Site Risk Evaluation Tool Ver 3.0 3.6.25.xlsx,Entry- Site SPOF Data,50,23,26,Blank
ATL05,3,Blank,,,Flex Asset EOL and Site Risk Evaluation Tool Ver 3.0 3.6.25.xlsx,Entry- Site SPOF Data,50,27,30,Blank
CIN01,3,Blank,,,Flex Asset EOL and Site Risk Evaluation Tool Ver 3.0 3.6.25.xlsx,Entry- Site SPOF Data,50,31,34,Blank
CIN02,3,Blank,,,Flex Asset EOL and Site Risk Evaluation Tool Ver 3.0 3.6.25.xlsx,Entry- Site SPOF Data,50,35,38,Blank
CLT01,3,Blank,,,Flex Asset EOL and Site Risk Evaluation Tool Ver 3.0 3.6.25.xlsx,Entry- Site SPOF Data,50,39,42,Blank
CLT02,3,Blank,,,Flex Asset EOL and Site Risk Evaluation Tool Ver 3.0 3.6.25.xlsx,Entry- Site SPOF Data,50,43,46,Blank
CLT03,3,Blank,,,Flex Asset EOL and Site Risk Evaluation Tool Ver 3.0 3.6.25.xlsx,Entry- Site SPOF Data,50,47,50,Blank
CLT04,3,Blank,,,Flex Asset EOL and Site Risk Evaluation Tool Ver 3.0 3.6.25.xlsx,Entry- Site SPOF Data,50,51,54,Blank
CLT05,3,Blank,,,Flex Asset EOL and Site Risk Evaluation Tool Ver 3.0 3.6.25.xlsx,Entry- Site SPOF Data,50,55,58,Blank
DAL01,3,Blank,,,Flex Asset EOL and Site Risk Evaluation Tool Ver 3.0 3.6.25.xlsx,Entry- Site SPOF Data,50,59,62,Blank
DAL02,3,Blank,,,Flex Asset EOL and Site Risk Evaluation Tool Ver 3.0 3.6.25.xlsx,Entry- Site SPOF Data,50,63,66,Blank
DAL03,3,Blank,,,Flex Asset EOL and Site Risk Evaluation Tool Ver 3.0 3.6.25.xlsx,Entry- Site SPOF Data,50,67,70,Blank
DAL04,3,Blank,,,Flex Asset EOL and Site Risk Evaluation Tool Ver 3.0 3.6.25.xlsx,Entry- Site SPOF Data,50,71,74,Blank
DAL05,3,Blank,,,Flex Asset EOL and Site Risk Evaluation Tool Ver 3.0 3.6.25.xlsx,Entry- Site SPOF Data,50,75,78,Blank
DEN02,3,Blank,,,Flex Asset EOL and Site Risk Evaluation Tool Ver 3.0 3.6.25.xlsx,Entry- Site SPOF Data,50,79,82,Blank
DEN03,3,Blank,,,Flex Asset EOL and Site Risk Evaluation Tool Ver 3.0 3.6.25.xlsx,Entry- Site SPOF Data,50,83,86,Blank
DEN05.01,3,Blank,,,Flex Asset EOL and Site Risk Evaluation Tool Ver 3.0 3.6.25.xlsx,Entry- Site SPOF Data,50,87,90,Blank
DEN05.02,3,Blank,,,Flex Asset EOL and Site Risk Evaluation Tool Ver 3.0 3.6.25.xlsx,Entry- Site SPOF Data,50,91,94,Blank
DEN11,3,Blank,,,Flex Asset EOL and Site Risk Evaluation Tool Ver 3.0 3.6.25.xlsx,Entry- Site SPOF Data,50,95,98,Blank
DFW01,3,Blank,,,Flex Asset EOL and Site Risk Evaluation Tool Ver 3.0 3.6.25.xlsx,Entry- Site SPOF Data,50,99,102,Blank
FLL01,3,Blank,,,Flex Asset EOL and Site Risk Evaluation Tool Ver 3.0 3.6.25.xlsx,Entry- Site SPOF Data,50,103,106,Blank
FLL02,3,Blank,,,Flex Asset EOL and Site Risk Evaluation Tool Ver 3.0 3.6.25.xlsx,Entry- Site SPOF Data,50,107,110,Blank
JAX01,3,Blank,,,Flex Asset EOL and Site Risk Evaluation Tool Ver 3.0 3.6.25.xlsx,Entry- Site SPOF Data,50,111,114,Blank
JAX02,3,Blank,,,Flex Asset EOL and Site Risk Evaluation Tool Ver 3.0 3.6.25.xlsx,Entry- Site SPOF Data,50,115,118,Blank
LAS03,3,Blank,,,Flex Asset EOL and Site Risk Evaluation Tool Ver 3.0 3.6.25.xlsx,Entry- Site SPOF Data,50,119,122,Blank
LAS04,3,Blank,,,Flex Asset EOL and Site Risk Evaluation Tool Ver 3.0 3.6.25.xlsx,Entry- Site SPOF Data,50,123,126,Blank
LAS05,3,Blank,,,Flex Asset EOL and Site Risk Evaluation Tool Ver 3.0 3.6.25.xlsx,Entry- Site SPOF Data,50,127,130,Blank
LOU02,3,Blank,,,Flex Asset EOL and Site Risk Evaluation Tool Ver 3.0 3.6.25.xlsx,Entry- Site SPOF Data,50,131,134,Blank
LOU03,3,Blank,,,Flex Asset EOL and Site Risk Evaluation Tool Ver 3.0 3.6.25.xlsx,Entry- Site SPOF Data,50,135,138,Blank
LOU04,3,Blank,,,Flex Asset EOL and Site Risk Evaluation Tool Ver 3.0 3.6.25.xlsx,Entry- Site SPOF Data,50,139,142,Blank
LOU05,3,Blank,,,Flex Asset EOL and Site Risk Evaluation Tool Ver 3.0 3.6.25.xlsx,Entry- Site SPOF Data,50,143,146,Blank
MSP01,3,Blank,,,Flex Asset EOL and Site Risk Evaluation Tool Ver 3.0 3.6.25.xlsx,Entry- Site SPOF Data,50,147,150,Blank
NAS01,3,Blank,,,Flex Asset EOL and Site Risk Evaluation Tool Ver 3.0 3.6.25.xlsx,Entry- Site SPOF Data,50,151,154,Blank
NAS02,3,Blank,,,Flex Asset EOL and Site Risk Evaluation Tool Ver 3.0 3.6.25.xlsx,Entry- Site SPOF Data,50,155,158,Blank
NAS03,3,Blank,,,Flex Asset EOL and Site Risk Evaluation Tool Ver 3.0 3.6.25.xlsx,Entry- Site SPOF Data,50,159,162,Blank
NAS04,3,Blank,,,Flex Asset EOL and Site Risk Evaluation Tool Ver 3.0 3.6.25.xlsx,Entry- Site SPOF Data,50,163,166,Blank
NAS05,3,Blank,,,Flex Asset EOL and Site Risk Evaluation Tool Ver 3.0 3.6.25.xlsx,Entry- Site SPOF Data,50,167,170,Blank
NAS06,3,Blank,,,Flex Asset EOL and Site Risk Evaluation Tool Ver 3.0 3.6.25.xlsx,Entry- Site SPOF Data,50,171,174,Blank
PDX01.01,3,Blank,,,Flex Asset EOL and Site Risk Evaluation Tool Ver 3.0 3.6.25.xlsx,Entry- Site SPOF Data,50,175,178,Blank
PDX01.02,3,Blank,,,Flex Asset EOL and Site Risk Evaluation Tool Ver 3.0 3.6.25.xlsx,Entry- Site SPOF Data,50,179,182,Blank
PDX02,3,Blank,,,Flex Asset EOL and Site Risk Evaluation Tool Ver 3.0 3.6.25.xlsx,Entry- Site SPOF Data,50,183,186,Blank
PDX03,3,Blank,,,Flex Asset EOL and Site Risk Evaluation Tool Ver 3.0 3.6.25.xlsx,Entry- Site SPOF Data,50,187,190,Blank
PDX04,3,Blank,,,Flex Asset EOL and Site Risk Evaluation Tool Ver 3.0 3.6.25.xlsx,Entry- Site SPOF Data,50,191,194,Blank
PHL01,3,Blank,,,Flex Asset EOL and Site Risk Evaluation Tool Ver 3.0 3.6.25.xlsx,Entry- Site SPOF Data,50,195,198,Blank
PHX01,3,Blank,,,Flex Asset EOL and Site Risk Evaluation Tool Ver 3.0 3.6.25.xlsx,Entry- Site SPOF Data,50,199,202,Blank
RAL01,3,Blank,,,Flex Asset EOL and Site Risk Evaluation Tool Ver 3.0 3.6.25.xlsx,Entry- Site SPOF Data,50,203,206,Blank
RAL02,3,Blank,,,Flex Asset EOL and Site Risk Evaluation Tool Ver 3.0 3.6.25.xlsx,Entry- Site SPOF Data,50,207,210,Blank
RAL03,3,Blank,,,Flex Asset EOL and Site Risk Evaluation Tool Ver 3.0 3.6.25.xlsx,Entry- Site SPOF Data,50,211,214,Blank
RCH01,3,Blank,,,Flex Asset EOL and Site Risk Evaluation Tool Ver 3.0 3.6.25.xlsx,Entry- Site SPOF Data,50,215,218,Blank
RIC01,3,Blank,,,Flex Asset EOL and Site Risk Evaluation Tool Ver 3.0 3.6.25.xlsx,Entry- Site SPOF Data,50,219,222,Blank
RIC02,3,Blank,,,Flex Asset EOL and Site Risk Evaluation Tool Ver 3.0 3.6.25.xlsx,Entry- Site SPOF Data,50,223,226,Blank
SLC03,3,Blank,,,Flex Asset EOL and Site Risk Evaluation Tool Ver 3.0 3.6.25.xlsx,Entry- Site SPOF Data,50,227,230,Blank
SLC04.01,3,Blank,,,Flex Asset EOL and Site Risk Evaluation Tool Ver 3.0 3.6.25.xlsx,Entry- Site SPOF Data,50,231,234,Blank
SLC04.02,3,Blank,,,Flex Asset EOL and Site Risk Evaluation Tool Ver 3.0 3.6.25.xlsx,Entry- Site SPOF Data,50,235,238,Blank
SLC04.03,3,Blank,,,Flex Asset EOL and Site Risk Evaluation Tool Ver 3.0 3.6.25.xlsx,Entry- Site SPOF Data,50,239,242,Blank
SLC07,3,Blank,,,Flex Asset EOL and Site Risk Evaluation Tool Ver 3.0 3.6.25.xlsx,Entry- Site SPOF Data,50,243,246,Blank
SLC09,3,Blank,,,Flex Asset EOL and Site Risk Evaluation Tool Ver 3.0 3.6.25.xlsx,Entry- Site SPOF Data,50,247,250,Blank
SLC10,3,Blank,,,Flex Asset EOL and Site Risk Evaluation Tool Ver 3.0 3.6.25.xlsx,Entry- Site SPOF Data,50,251,254,Blank
TPA01,3,Blank,,,Flex Asset EOL and Site Risk Evaluation Tool Ver 3.0 3.6.25.xlsx,Entry- Site SPOF Data,50,255,258,Blank
TPA02,3,Blank,,,Flex Asset EOL and Site Risk Evaluation Tool Ver 3.0 3.6.25.xlsx,Entry- Site SPOF Data,50,259,262,Blank
TPA03,3,Blank,,,Flex Asset EOL and Site Risk Evaluation Tool Ver 3.0 3.6.25.xlsx,Entry- Site SPOF Data,50,263,266,Blank
TPA04,3,Blank,,,Flex Asset EOL and Site Risk Evaluation Tool Ver 3.0 3.6.25.xlsx,Entry- Site SPOF Data,50,267,270,Blank
ABE01,3.01,No,x,,Flex Asset EOL and Site Risk Evaluation Tool Ver 3.0 3.6.25.xlsx,Entry- Site SPOF Data,51,7,10,Valid
ATL01,3.01,No,X,,Flex Asset EOL and Site Risk Evaluation Tool Ver 3.0 3.6.25.xlsx,Entry- Site SPOF Data,51,11,14,Valid
ATL02,3.01,No,X,,Flex Asset EOL and Site Risk Evaluation Tool Ver 3.0 3.6.25.xlsx,Entry- Site SPOF Data,51,15,18,Valid
ATL03,3.01,Yes,x,,Flex Asset EOL and Site Risk Evaluation Tool Ver 3.0 3.6.25.xlsx,Entry- Site SPOF Data,51,19,22,Valid
ATL04,3.01,Yes,x,,Flex Asset EOL and Site Risk Evaluation Tool Ver 3.0 3.6.25.xlsx,Entry- Site SPOF Data,51,23,26,Valid
ATL05,3.01,No,X,,Flex Asset EOL and Site Risk Evaluation Tool Ver 3.0 3.6.25.xlsx,Entry- Site SPOF Data,51,27,30,Valid
CIN01,3.01,No,X,,Flex Asset EOL and Site Risk Evaluation Tool Ver 3.0 3.6.25.xlsx,Entry- Site SPOF Data,51,31,34,Valid
CIN02,3.01,No,X,,Flex Asset EOL and Site Risk Evaluation Tool Ver 3.0 3.6.25.xlsx,Entry- Site SPOF Data,51,35,38,Valid
CLT01,3.01,No,x,,Flex Asset EOL and Site Risk Evaluation Tool Ver 3.0 3.6.25.xlsx,Entry- Site SPOF Data,51,39,42,Valid
CLT02,3.01,No,x,,Flex Asset EOL and Site Risk Evaluation Tool Ver 3.0 3.6.25.xlsx,Entry- Site SPOF Data,51,43,46,Valid
CLT03,3.01,No,x,,Flex Asset EOL and Site Risk Evaluation Tool Ver 3.0 3.6.25.xlsx,Entry- Site SPOF Data,51,47,50,Valid
CLT04,3.01,Yes,x,CLT4 switchgear is feed from a Duke Energy owned transfer switch that has 2 sub stations,Flex Asset EOL and Site Risk Evaluation Tool Ver 3.0 3.6.25.xlsx,Entry- Site SPOF Data,51,51,54,Valid
CLT05,3.01,Yes,x,,Flex Asset EOL and Site Risk Evaluation Tool Ver 3.0 3.6.25.xlsx,Entry- Site SPOF Data,51,55,58,Valid
DAL01,3.01,No,X,Oncor has a vista switch in their vault they can switch to another source.,Flex Asset EOL and Site Risk Evaluation Tool Ver 3.0 3.6.25.xlsx,Entry- Site SPOF Data,51,59,62,Valid
DAL02,3.01,No,X,Oncor has a vista switch in their vault they can switch to another source.,Flex Asset EOL and Site Risk Evaluation Tool Ver 3.0 3.6.25.xlsx,Entry- Site SPOF Data,51,63,66,Valid
DAL03,3.01,No,X,Oncor has a vista switch in their vault they can switch to another source.,Flex Asset EOL and Site Risk Evaluation Tool Ver 3.0 3.6.25.xlsx,Entry- Site SPOF Data,51,67,70,Valid
DAL04,3.01,Yes,X,,Flex Asset EOL and Site Risk Evaluation Tool Ver 3.0 3.6.25.xlsx,Entry- Site SPOF Data,51,71,74,Valid
DAL05,3.01,Yes,X,,Flex Asset EOL and Site Risk Evaluation Tool Ver 3.0 3.6.25.xlsx,Entry- Site SPOF Data,51,75,78,Valid
DEN02,3.01,No,X,,Flex Asset EOL and Site Risk Evaluation Tool Ver 3.0 3.6.25.xlsx,Entry- Site SPOF Data,51,79,82,Valid
DEN03,3.01,Yes,X,,Flex Asset EOL and Site Risk Evaluation Tool Ver 3.0 3.6.25.xlsx,Entry- Site SPOF Data,51,83,86,Valid
DEN05.01,3.01,No,X,,Flex Asset EOL and Site Risk Evaluation Tool Ver 3.0 3.6.25.xlsx,Entry- Site SPOF Data,51,87,90,Valid
DEN05.02,3.01,No,X,,Flex Asset EOL and Site Risk Evaluation Tool Ver 3.0 3.6.25.xlsx,Entry- Site SPOF Data,51,91,94,Valid
DEN11,3.01,Yes,x,,Flex Asset EOL and Site Risk Evaluation Tool Ver 3.0 3.6.25.xlsx,Entry- Site SPOF Data,51,95,98,Valid
DFW01,3.01,Yes,X,,Flex Asset EOL and Site Risk Evaluation Tool Ver 3.0 3.6.25.xlsx,Entry- Site SPOF Data,51,99,102,Valid
FLL01,3.01,Yes,X,,Flex Asset EOL and Site Risk Evaluation Tool Ver 3.0 3.6.25.xlsx,Entry- Site SPOF Data,51,103,106,Valid
FLL02,3.01,Yes,X,,Flex Asset EOL and Site Risk Evaluation Tool Ver 3.0 3.6.25.xlsx,Entry- Site SPOF Data,51,107,110,Valid
JAX01,3.01,No,X,,Flex Asset EOL and Site Risk Evaluation Tool Ver 3.0 3.6.25.xlsx,Entry- Site SPOF Data,51,111,114,Valid
JAX02,3.01,No,X,,Flex Asset EOL and Site Risk Evaluation Tool Ver 3.0 3.6.25.xlsx,Entry- Site SPOF Data,51,115,118,Valid
LAS03,3.01,No,X,,Flex Asset EOL and Site Risk Evaluation Tool Ver 3.0 3.6.25.xlsx,Entry- Site SPOF Data,51,119,122,Valid
LAS04,3.01,Yes,X,,Flex Asset EOL and Site Risk Evaluation Tool Ver 3.0 3.6.25.xlsx,Entry- Site SPOF Data,51,123,126,Valid
LAS05,3.01,No,X,,Flex Asset EOL and Site Risk Evaluation Tool Ver 3.0 3.6.25.xlsx,Entry- Site SPOF Data,51,127,130,Valid
LOU02,3.01,No,X,,Flex Asset EOL and Site Risk Evaluation Tool Ver 3.0 3.6.25.xlsx,Entry- Site SPOF Data,51,131,134,Valid
LOU03,3.01,No,X,,Flex Asset EOL and Site Risk Evaluation Tool Ver 3.0 3.6.25.xlsx,Entry- Site SPOF Data,51,135,138,Valid
LOU04,3.01,Yes,X,Fed from LOU2 and LOU3,Flex Asset EOL and Site Risk Evaluation Tool Ver 3.0 3.6.25.xlsx,Entry- Site SPOF Data,51,139,142,Valid
LOU05,3.01,No,X,,Flex Asset EOL and Site Risk Evaluation Tool Ver 3.0 3.6.25.xlsx,Entry- Site SPOF Data,51,143,146,Valid
MSP01,3.01,Yes,X,,Flex Asset EOL and Site Risk Evaluation Tool Ver 3.0 3.6.25.xlsx,Entry- Site SPOF Data,51,147,150,Valid
NAS01,3.01,Yes,X,,Flex Asset EOL and Site Risk Evaluation Tool Ver 3.0 3.6.25.xlsx,Entry- Site SPOF Data,51,151,154,Valid
NAS02,3.01,No,x,,Flex Asset EOL and Site Risk Evaluation Tool Ver 3.0 3.6.25.xlsx,Entry- Site SPOF Data,51,155,158,Valid
NAS03,3.01,No,X,,Flex Asset EOL and Site Risk Evaluation Tool Ver 3.0 3.6.25.xlsx,Entry- Site SPOF Data,51,159,162,Valid
NAS04,3.01,Yes,X,,Flex Asset EOL and Site Risk Evaluation Tool Ver 3.0 3.6.25.xlsx,Entry- Site SPOF Data,51,163,166,Valid
NAS05,3.01,Yes,X,,Flex Asset EOL and Site Risk Evaluation Tool Ver 3.0 3.6.25.xlsx,Entry- Site SPOF Data,51,167,170,Valid
NAS06,3.01,Yes,X,,Flex Asset EOL and Site Risk Evaluation Tool Ver 3.0 3.6.25.xlsx,Entry- Site SPOF Data,51,171,174,Valid
PDX01.01,3.01,Yes,X,,Flex Asset EOL and Site Risk Evaluation Tool Ver 3.0 3.6.25.xlsx,Entry- Site SPOF Data,51,175,178,Valid
PDX01.02,3.01,Yes,X,,Flex Asset EOL and Site Risk Evaluation Tool Ver 3.0 3.6.25.xlsx,Entry- Site SPOF Data,51,179,182,Valid
PDX02,3.01,Yes,X,,Flex Asset EOL and Site Risk Evaluation Tool Ver 3.0 3.6.25.xlsx,Entry- Site SPOF Data,51,183,186,Valid
PDX03,3.01,Yes,X,,Flex Asset EOL and Site Risk Evaluation Tool Ver 3.0 3.6.25.xlsx,Entry- Site SPOF Data,51,187,190,Valid
PDX04,3.01,No,X,,Flex Asset EOL and Site Risk Evaluation Tool Ver 3.0 3.6.25.xlsx,Entry- Site SPOF Data,51,191,194,Valid
PHL01,3.01,Yes,X,,Flex Asset EOL and Site Risk Evaluation Tool Ver 3.0 3.6.25.xlsx,Entry- Site SPOF Data,51,195,198,Valid
PHX01,3.01,Yes,X,,Flex Asset EOL and Site Risk Evaluation Tool Ver 3.0 3.6.25.xlsx,Entry- Site SPOF Data,51,199,202,Valid
RAL01,3.01,Yes,X,,Flex Asset EOL and Site Risk Evaluation Tool Ver 3.0 3.6.25.xlsx,Entry- Site SPOF Data,51,203,206,Valid
RAL02,3.01,Yes,X,,Flex Asset EOL and Site Risk Evaluation Tool Ver 3.0 3.6.25.xlsx,Entry- Site SPOF Data,51,207,210,Valid
RAL03,3.01,Yes,X,,Flex Asset EOL and Site Risk Evaluation Tool Ver 3.0 3.6.25.xlsx,Entry- Site SPOF Data,51,211,214,Valid
RCH01,3.01,No,x,,Flex Asset EOL and Site Risk Evaluation Tool Ver 3.0 3.6.25.xlsx,Entry- Site SPOF Data,51,215,218,Valid
RIC01,3.01,Yes,x,,Flex Asset EOL and Site Risk Evaluation Tool Ver 3.0 3.6.25.xlsx,Entry- Site SPOF Data,51,219,222,Valid
RIC02,3.01,No,x,,Flex Asset EOL and Site Risk Evaluation Tool Ver 3.0 3.6.25.xlsx,Entry- Site SPOF Data,51,223,226,Valid
SLC03,3.01,No,X,,Flex Asset EOL and Site Risk Evaluation Tool Ver 3.0 3.6.25.xlsx,Entry- Site SPOF Data,51,227,230,Valid
SLC04.01,3.01,No,X,Single utility feed,Flex Asset EOL and Site Risk Evaluation Tool Ver 3.0 3.6.25.xlsx,Entry- Site SPOF Data,51,231,234,Valid
SLC04.02,3.01,No,X,Single utility feed,Flex Asset EOL and Site Risk Evaluation Tool Ver 3.0 3.6.25.xlsx,Entry- Site SPOF Data,51,235,238,Valid
SLC04.03,3.01,No,X,Single utility feed,Flex Asset EOL and Site Risk Evaluation Tool Ver 3.0 3.6.25.xlsx,Entry- Site SPOF Data,51,239,242,Valid
SLC07,3.01,No,X,,Flex Asset EOL and Site Risk Evaluation Tool Ver 3.0 3.6.25.xlsx,Entry- Site SPOF Data,51,243,246,Valid
SLC09,3.01,No,X,,Flex Asset EOL and Site Risk Evaluation Tool Ver 3.0 3.6.25.xlsx,Entry- Site SPOF Data,51,247,250,Valid
SLC10,3.01,Yes,X,"Utility company controls the feeds,.We have 2 utility feeds each with 3000Amps 3 phase which converts to about 2.5 MW's. With our < 1 MW of total building load we are N+1 for utility feeds.",Flex Asset EOL and Site Risk Evaluation Tool Ver 3.0 3.6.25.xlsx,Entry- Site SPOF Data,51,251,254,Valid
TPA01,3.01,No,X,,Flex Asset EOL and Site Risk Evaluation Tool Ver 3.0 3.6.25.xlsx,Entry- Site SPOF Data,51,255,258,Valid
TPA02,3.01,No,X,,Flex Asset EOL and Site Risk Evaluation Tool Ver 3.0 3.6.25.xlsx,Entry- Site SPOF Data,51,259,262,Valid
TPA03,3.01,No,X,,Flex Asset EOL and Site Risk Evaluation Tool Ver 3.0 3.6.25.xlsx,Entry- Site SPOF Data,51,263,266,Valid
TPA04,3.01,No,X,,Flex Asset EOL and Site Risk Evaluation Tool Ver 3.0 3.6.25.xlsx,Entry- Site SPOF Data,51,267,270,Valid
ABE01,3.0199999999999996,No,x,,Flex Asset EOL and Site Risk Evaluation Tool Ver 3.0 3.6.25.xlsx,Entry- Site SPOF Data,52,7,10,Valid
ATL01,3.0199999999999996,No,X,,Flex Asset EOL and Site Risk Evaluation Tool Ver 3.0 3.6.25.xlsx,Entry- Site SPOF Data,52,11,14,Valid
ATL02,3.0199999999999996,No,X,,Flex Asset EOL and Site Risk Evaluation Tool Ver 3.0 3.6.25.xlsx,Entry- Site SPOF Data,52,15,18,Valid
ATL03,3.0199999999999996,No,x,,Flex Asset EOL and Site Risk Evaluation Tool Ver 3.0 3.6.25.xlsx,Entry- Site SPOF Data,52,19,22,Valid
ATL04,3.0199999999999996,No,x,,Flex Asset EOL and Site Risk Evaluation Tool Ver 3.0 3.6.25.xlsx,Entry- Site SPOF Data,52,23,26,Valid
ATL05,3.0199999999999996,No,X,,Flex Asset EOL and Site Risk Evaluation Tool Ver 3.0 3.6.25.xlsx,Entry- Site SPOF Data,52,27,30,Valid
CIN01,3.0199999999999996,No,X,Closed Loop,Flex Asset EOL and Site Risk Evaluation Tool Ver 3.0 3.6.25.xlsx,Entry- Site SPOF Data,52,31,34,Valid
CIN02,3.0199999999999996,No,X,Closed Loop,Flex Asset EOL and Site Risk Evaluation Tool Ver 3.0 3.6.25.xlsx,Entry- Site SPOF Data,52,35,38,Valid
CLT01,3.0199999999999996,No,x,No water needed. DX units,Flex Asset EOL and Site Risk Evaluation Tool Ver 3.0 3.6.25.xlsx,Entry- Site SPOF Data,52,39,42,Valid
CLT02,3.0199999999999996,No,x,,Flex Asset EOL and Site Risk Evaluation Tool Ver 3.0 3.6.25.xlsx,Entry- Site SPOF Data,52,43,46,Valid
CLT03,3.0199999999999996,No,x,,Flex Asset EOL and Site Risk Evaluation Tool Ver 3.0 3.6.25.xlsx,Entry- Site SPOF Data,52,47,50,Valid
CLT04,3.0199999999999996,No,x,,Flex Asset EOL and Site Risk Evaluation Tool Ver 3.0 3.6.25.xlsx,Entry- Site SPOF Data,52,51,54,Valid
CLT05,3.0199999999999996,No,x,,Flex Asset EOL and Site Risk Evaluation Tool Ver 3.0 3.6.25.xlsx,Entry- Site SPOF Data,52,55,58,Valid
DAL01,3.0199999999999996,No,X,,Flex Asset EOL and Site Risk Evaluation Tool Ver 3.0 3.6.25.xlsx,Entry- Site SPOF Data,52,59,62,Valid
DAL02,3.0199999999999996,No,X,,Flex Asset EOL and Site Risk Evaluation Tool Ver 3.0 3.6.25.xlsx,Entry- Site SPOF Data,52,63,66,Valid
DAL03,3.0199999999999996,No,X,,Flex Asset EOL and Site Risk Evaluation Tool Ver 3.0 3.6.25.xlsx,Entry- Site SPOF Data,52,67,70,Valid
DAL04,3.0199999999999996,No,X,,Flex Asset EOL and Site Risk Evaluation Tool Ver 3.0 3.6.25.xlsx,Entry- Site SPOF Data,52,71,74,Valid
DAL05,3.0199999999999996,No,X,,Flex Asset EOL and Site Risk Evaluation Tool Ver 3.0 3.6.25.xlsx,Entry- Site SPOF Data,52,75,78,Valid
DEN02,3.0199999999999996,No,X,,Flex Asset EOL and Site Risk Evaluation Tool Ver 3.0 3.6.25.xlsx,Entry- Site SPOF Data,52,79,82,Valid
DEN03,3.0199999999999996,Yes,X,,Flex Asset EOL and Site Risk Evaluation Tool Ver 3.0 3.6.25.xlsx,Entry- Site SPOF Data,52,83,86,Valid
DEN05.01,3.0199999999999996,No,X,,Flex Asset EOL and Site Risk Evaluation Tool Ver 3.0 3.6.25.xlsx,Entry- Site SPOF Data,52,87,90,Valid
DEN05.02,3.0199999999999996,No,X,,Flex Asset EOL and Site Risk Evaluation Tool Ver 3.0 3.6.25.xlsx,Entry- Site SPOF Data,52,91,94,Valid
DEN11,3.0199999999999996,Yes,x,,Flex Asset EOL and Site Risk Evaluation Tool Ver 3.0 3.6.25.xlsx,Entry- Site SPOF Data,52,95,98,Valid
DFW01,3.0199999999999996,No,X,,Flex Asset EOL and Site Risk Evaluation Tool Ver 3.0 3.6.25.xlsx,Entry- Site SPOF Data,52,99,102,Valid
FLL01,3.0199999999999996,Yes,X,,Flex Asset EOL and Site Risk Evaluation Tool Ver 3.0 3.6.25.xlsx,Entry- Site SPOF Data,52,103,106,Valid
FLL02,3.0199999999999996,Yes,X,,Flex Asset EOL and Site Risk Evaluation Tool Ver 3.0 3.6.25.xlsx,Entry- Site SPOF Data,52,107,110,Valid
JAX01,3.0199999999999996,No,X,,Flex Asset EOL and Site Risk Evaluation Tool Ver 3.0 3.6.25.xlsx,Entry- Site SPOF Data,52,111,114,Valid
JAX02,3.0199999999999996,No,X,,Flex Asset EOL and Site Risk Evaluation Tool Ver 3.0 3.6.25.xlsx,Entry- Site SPOF Data,52,115,118,Valid
LAS03,3.0199999999999996,No,X,,Flex Asset EOL and Site Risk Evaluation Tool Ver 3.0 3.6.25.xlsx,Entry- Site SPOF Data,52,119,122,Valid
LAS04,3.0199999999999996,No,X,,Flex Asset EOL and Site Risk Evaluation Tool Ver 3.0 3.6.25.xlsx,Entry- Site SPOF Data,52,123,126,Valid
LAS05,3.0199999999999996,No,X,,Flex Asset EOL and Site Risk Evaluation Tool Ver 3.0 3.6.25.xlsx,Entry- Site SPOF Data,52,127,130,Valid
LOU02,3.0199999999999996,N/A,X,,Flex Asset EOL and Site Risk Evaluation Tool Ver 3.0 3.6.25.xlsx,Entry- Site SPOF Data,52,131,134,Valid
LOU03,3.0199999999999996,No,X,Closed Loop,Flex Asset EOL and Site Risk Evaluation Tool Ver 3.0 3.6.25.xlsx,Entry- Site SPOF Data,52,135,138,Valid
LOU04,3.0199999999999996,Yes,X,Fed from LOU2 and LOU3,Flex Asset EOL and Site Risk Evaluation Tool Ver 3.0 3.6.25.xlsx,Entry- Site SPOF Data,52,139,142,Valid
LOU05,3.0199999999999996,No,X,,Flex Asset EOL and Site Risk Evaluation Tool Ver 3.0 3.6.25.xlsx,Entry- Site SPOF Data,52,143,146,Valid
MSP01,3.0199999999999996,No|N/A,X|X,"2 feeds onto property in a ring pattern, one feed into the building.",Flex Asset EOL and Site Risk Evaluation Tool Ver 3.0 3.6.25.xlsx,Entry- Site SPOF Data,52,147,150,MultipleAnswers
NAS01,3.0199999999999996,No,x,,Flex Asset EOL and Site Risk Evaluation Tool Ver 3.0 3.6.25.xlsx,Entry- Site SPOF Data,52,151,154,Valid
NAS02,3.0199999999999996,No,x,,Flex Asset EOL and Site Risk Evaluation Tool Ver 3.0 3.6.25.xlsx,Entry- Site SPOF Data,52,155,158,Valid
NAS03,3.0199999999999996,No,x,,Flex Asset EOL and Site Risk Evaluation Tool Ver 3.0 3.6.25.xlsx,Entry- Site SPOF Data,52,159,162,Valid
NAS04,3.0199999999999996,No,x,,Flex Asset EOL and Site Risk Evaluation Tool Ver 3.0 3.6.25.xlsx,Entry- Site SPOF Data,52,163,166,Valid
NAS05,3.0199999999999996,No,x,,Flex Asset EOL and Site Risk Evaluation Tool Ver 3.0 3.6.25.xlsx,Entry- Site SPOF Data,52,167,170,Valid
NAS06,3.0199999999999996,No,x,,Flex Asset EOL and Site Risk Evaluation Tool Ver 3.0 3.6.25.xlsx,Entry- Site SPOF Data,52,171,174,Valid
PDX01.01,3.0199999999999996,Yes,x,,Flex Asset EOL and Site Risk Evaluation Tool Ver 3.0 3.6.25.xlsx,Entry- Site SPOF Data,52,175,178,Valid
PDX01.02,3.0199999999999996,Yes,x,,Flex Asset EOL and Site Risk Evaluation Tool Ver 3.0 3.6.25.xlsx,Entry- Site SPOF Data,52,179,182,Valid
PDX02,3.0199999999999996,No,X,Single source to CT's,Flex Asset EOL and Site Risk Evaluation Tool Ver 3.0 3.6.25.xlsx,Entry- Site SPOF Data,52,183,186,Valid
PDX03,3.0199999999999996,No,X,,Flex Asset EOL and Site Risk Evaluation Tool Ver 3.0 3.6.25.xlsx,Entry- Site SPOF Data,52,187,190,Valid
PDX04,3.0199999999999996,No,X,,Flex Asset EOL and Site Risk Evaluation Tool Ver 3.0 3.6.25.xlsx,Entry- Site SPOF Data,52,191,194,Valid
PHL01,3.0199999999999996,No,X,Single feed for domestic and single feed for Fire Suppression,Flex Asset EOL and Site Risk Evaluation Tool Ver 3.0 3.6.25.xlsx,Entry- Site SPOF Data,52,195,198,Valid
PHX01,3.0199999999999996,Yes,X,,Flex Asset EOL and Site Risk Evaluation Tool Ver 3.0 3.6.25.xlsx,Entry- Site SPOF Data,52,199,202,Valid
RAL01,3.0199999999999996,No,X,,Flex Asset EOL and Site Risk Evaluation Tool Ver 3.0 3.6.25.xlsx,Entry- Site SPOF Data,52,203,206,Valid
RAL02,3.0199999999999996,No,X,,Flex Asset EOL and Site Risk Evaluation Tool Ver 3.0 3.6.25.xlsx,Entry- Site SPOF Data,52,207,210,Valid
RAL03,3.0199999999999996,No,X,,Flex Asset EOL and Site Risk Evaluation Tool Ver 3.0 3.6.25.xlsx,Entry- Site SPOF Data,52,211,214,Valid
RCH01,3.0199999999999996,No,x,,Flex Asset EOL and Site Risk Evaluation Tool Ver 3.0 3.6.25.xlsx,Entry- Site SPOF Data,52,215,218,Valid
RIC01,3.0199999999999996,No,x,,Flex Asset EOL and Site Risk Evaluation Tool Ver 3.0 3.6.25.xlsx,Entry- Site SPOF Data,52,219,222,Valid
RIC02,3.0199999999999996,No,x,,Flex Asset EOL and Site Risk Evaluation Tool Ver 3.0 3.6.25.xlsx,Entry- Site SPOF Data,52,223,226,Valid
SLC03,3.0199999999999996,N/A,X,,Flex Asset EOL and Site Risk Evaluation Tool Ver 3.0 3.6.25.xlsx,Entry- Site SPOF Data,52,227,230,Valid
SLC04.01,3.0199999999999996,No,X,"City water comes in at multiple points, but comes from the same supply trunk.",Flex Asset EOL and Site Risk Evaluation Tool Ver 3.0 3.6.25.xlsx,Entry- Site SPOF Data,52,231,234,Valid
SLC04.02,3.0199999999999996,N/A,X,,Flex Asset EOL and Site Risk Evaluation Tool Ver 3.0 3.6.25.xlsx,Entry- Site SPOF Data,52,235,238,Valid
SLC04.03,3.0199999999999996,No,X,"City water comes in at multiple points, but comes from the same supply trunk.",Flex Asset EOL and Site Risk Evaluation Tool Ver 3.0 3.6.25.xlsx,Entry- Site SPOF Data,52,239,242,Valid
SLC07,3.0199999999999996,N/A,X,,Flex Asset EOL and Site Risk Evaluation Tool Ver 3.0 3.6.25.xlsx,Entry- Site SPOF Data,52,243,246,Valid
SLC09,3.0199999999999996,No,X,,Flex Asset EOL and Site Risk Evaluation Tool Ver 3.0 3.6.25.xlsx,Entry- Site SPOF Data,52,247,250,Valid
SLC10,3.0199999999999996,No,X,We do have onsite water storage so we have City supply plus enough to last at least 24 hrs. N+1,Flex Asset EOL and Site Risk Evaluation Tool Ver 3.0 3.6.25.xlsx,Entry- Site SPOF Data,52,251,254,Valid
TPA01,3.0199999999999996,No,X,,Flex Asset EOL and Site Risk Evaluation Tool Ver 3.0 3.6.25.xlsx,Entry- Site SPOF Data,52,255,258,Valid
TPA02,3.0199999999999996,No,X,,Flex Asset EOL and Site Risk Evaluation Tool Ver 3.0 3.6.25.xlsx,Entry- Site SPOF Data,52,259,262,Valid
TPA03,3.0199999999999996,No,X,,Flex Asset EOL and Site Risk Evaluation Tool Ver 3.0 3.6.25.xlsx,Entry- Site SPOF Data,52,263,266,Valid
TPA04,3.0199999999999996,No,X,,Flex Asset EOL and Site Risk Evaluation Tool Ver 3.0 3.6.25.xlsx,Entry- Site SPOF Data,52,267,270,Valid
ABE01,3.0299999999999994,N/A,x,,Flex Asset EOL and Site Risk Evaluation Tool Ver 3.0 3.6.25.xlsx,Entry- Site SPOF Data,53,7,10,Valid
ATL01,3.0299999999999994,No,X,,Flex Asset EOL and Site Risk Evaluation Tool Ver 3.0 3.6.25.xlsx,Entry- Site SPOF Data,53,11,14,Valid
ATL02,3.0299999999999994,Yes,X,,Flex Asset EOL and Site Risk Evaluation Tool Ver 3.0 3.6.25.xlsx,Entry- Site SPOF Data,53,15,18,Valid
ATL03,3.0299999999999994,Yes,x,,Flex Asset EOL and Site Risk Evaluation Tool Ver 3.0 3.6.25.xlsx,Entry- Site SPOF Data,53,19,22,Valid
ATL04,3.0299999999999994,Yes,x,,Flex Asset EOL and Site Risk Evaluation Tool Ver 3.0 3.6.25.xlsx,Entry- Site SPOF Data,53,23,26,Valid
ATL05,3.0299999999999994,N/A,X,,Flex Asset EOL and Site Risk Evaluation Tool Ver 3.0 3.6.25.xlsx,Entry- Site SPOF Data,53,27,30,Valid
CIN01,3.0299999999999994,No,X,,Flex Asset EOL and Site Risk Evaluation Tool Ver 3.0 3.6.25.xlsx,Entry- Site SPOF Data,53,31,34,Valid
CIN02,3.0299999999999994,No,X,,Flex Asset EOL and Site Risk Evaluation Tool Ver 3.0 3.6.25.xlsx,Entry- Site SPOF Data,53,35,38,Valid
CLT01,3.0299999999999994,N/A,x,,Flex Asset EOL and Site Risk Evaluation Tool Ver 3.0 3.6.25.xlsx,Entry- Site SPOF Data,53,39,42,Valid
CLT02,3.0299999999999994,N/A,x,Closed loop condenser water loop,Flex Asset EOL and Site Risk Evaluation Tool Ver 3.0 3.6.25.xlsx,Entry- Site SPOF Data,53,43,46,Valid
CLT03,3.0299999999999994,N/A,x,Closed loop CW,Flex Asset EOL and Site Risk Evaluation Tool Ver 3.0 3.6.25.xlsx,Entry- Site SPOF Data,53,47,50,Valid
CLT04,3.0299999999999994,N/A,x,,Flex Asset EOL and Site Risk Evaluation Tool Ver 3.0 3.6.25.xlsx,Entry- Site SPOF Data,53,51,54,Valid
CLT05,3.0299999999999994,N/A,x,Closed CW Loop,Flex Asset EOL and Site Risk Evaluation Tool Ver 3.0 3.6.25.xlsx,Entry- Site SPOF Data,53,55,58,Valid
DAL01,3.0299999999999994,No,X,,Flex Asset EOL and Site Risk Evaluation Tool Ver 3.0 3.6.25.xlsx,Entry- Site SPOF Data,53,59,62,Valid
DAL02,3.0299999999999994,No,X,,Flex Asset EOL and Site Risk Evaluation Tool Ver 3.0 3.6.25.xlsx,Entry- Site SPOF Data,53,63,66,Valid
DAL03,3.0299999999999994,No,X,,Flex Asset EOL and Site Risk Evaluation Tool Ver 3.0 3.6.25.xlsx,Entry- Site SPOF Data,53,67,70,Valid
DAL04,3.0299999999999994,No,X,,Flex Asset EOL and Site Risk Evaluation Tool Ver 3.0 3.6.25.xlsx,Entry- Site SPOF Data,53,71,74,Valid
DAL05,3.0299999999999994,No,X,,Flex Asset EOL and Site Risk Evaluation Tool Ver 3.0 3.6.25.xlsx,Entry- Site SPOF Data,53,75,78,Valid
DEN02,3.0299999999999994,Yes,X,,Flex Asset EOL and Site Risk Evaluation Tool Ver 3.0 3.6.25.xlsx,Entry- Site SPOF Data,53,79,82,Valid
DEN03,3.0299999999999994,No,X,,Flex Asset EOL and Site Risk Evaluation Tool Ver 3.0 3.6.25.xlsx,Entry- Site SPOF Data,53,83,86,Valid
DEN05.01,3.0299999999999994,N/A,X,,Flex Asset EOL and Site Risk Evaluation Tool Ver 3.0 3.6.25.xlsx,Entry- Site SPOF Data,53,87,90,Valid
DEN05.02,3.0299999999999994,N/A,X,,Flex Asset EOL and Site Risk Evaluation Tool Ver 3.0 3.6.25.xlsx,Entry- Site SPOF Data,53,91,94,Valid
DEN11,3.0299999999999994,N/A,x,,Flex Asset EOL and Site Risk Evaluation Tool Ver 3.0 3.6.25.xlsx,Entry- Site SPOF Data,53,95,98,Valid
DFW01,3.0299999999999994,N/A,X,,Flex Asset EOL and Site Risk Evaluation Tool Ver 3.0 3.6.25.xlsx,Entry- Site SPOF Data,53,99,102,Valid
FLL01,3.0299999999999994,Yes,X,,Flex Asset EOL and Site Risk Evaluation Tool Ver 3.0 3.6.25.xlsx,Entry- Site SPOF Data,53,103,106,Valid
FLL02,3.0299999999999994,Yes,X,,Flex Asset EOL and Site Risk Evaluation Tool Ver 3.0 3.6.25.xlsx,Entry- Site SPOF Data,53,107,110,Valid
JAX01,3.0299999999999994,N/A,X,,Flex Asset EOL and Site Risk Evaluation Tool Ver 3.0 3.6.25.xlsx,Entry- Site SPOF Data,53,111,114,Valid
JAX02,3.0299999999999994,N/A,X,,Flex Asset EOL and Site Risk Evaluation Tool Ver 3.0 3.6.25.xlsx,Entry- Site SPOF Data,53,115,118,Valid
LAS03,3.0299999999999994,No,X,,Flex Asset EOL and Site Risk Evaluation Tool Ver 3.0 3.6.25.xlsx,Entry- Site SPOF Data,53,119,122,Valid
LAS04,3.0299999999999994,No,X,,Flex Asset EOL and Site Risk Evaluation Tool Ver 3.0 3.6.25.xlsx,Entry- Site SPOF Data,53,123,126,Valid
LAS05,3.0299999999999994,No,X,,Flex Asset EOL and Site Risk Evaluation Tool Ver 3.0 3.6.25.xlsx,Entry- Site SPOF Data,53,127,130,Valid
LOU02,3.0299999999999994,No,X,,Flex Asset EOL and Site Risk Evaluation Tool Ver 3.0 3.6.25.xlsx,Entry- Site SPOF Data,53,131,134,Valid
LOU03,3.0299999999999994,N/A,X,,Flex Asset EOL and Site Risk Evaluation Tool Ver 3.0 3.6.25.xlsx,Entry- Site SPOF Data,53,135,138,Valid
LOU04,3.0299999999999994,N/A,X,,Flex Asset EOL and Site Risk Evaluation Tool Ver 3.0 3.6.25.xlsx,Entry- Site SPOF Data,53,139,142,Valid
LOU05,3.0299999999999994,N/A,X,,Flex Asset EOL and Site Risk Evaluation Tool Ver 3.0 3.6.25.xlsx,Entry- Site SPOF Data,53,143,146,Valid
MSP01,3.0299999999999994,N/A,X,Water is not utilized for DC operations,Flex Asset EOL and Site Risk Evaluation Tool Ver 3.0 3.6.25.xlsx,Entry- Site SPOF Data,53,147,150,Valid
NAS01,3.0299999999999994,No,x,,Flex Asset EOL and Site Risk Evaluation Tool Ver 3.0 3.6.25.xlsx,Entry- Site SPOF Data,53,151,154,Valid
NAS02,3.0299999999999994,Yes,x,,Flex Asset EOL and Site Risk Evaluation Tool Ver 3.0 3.6.25.xlsx,Entry- Site SPOF Data,53,155,158,Valid
NAS03,3.0299999999999994,Yes,x,,Flex Asset EOL and Site Risk Evaluation Tool Ver 3.0 3.6.25.xlsx,Entry- Site SPOF Data,53,159,162,Valid
NAS04,3.0299999999999994,No,x,,Flex Asset EOL and Site Risk Evaluation Tool Ver 3.0 3.6.25.xlsx,Entry- Site SPOF Data,53,163,166,Valid
NAS05,3.0299999999999994,Yes,x,,Flex Asset EOL and Site Risk Evaluation Tool Ver 3.0 3.6.25.xlsx,Entry- Site SPOF Data,53,167,170,Valid
NAS06,3.0299999999999994,Yes,x,,Flex Asset EOL and Site Risk Evaluation Tool Ver 3.0 3.6.25.xlsx,Entry- Site SPOF Data,53,171,174,Valid
PDX01.01,3.0299999999999994,No,x,,Flex Asset EOL and Site Risk Evaluation Tool Ver 3.0 3.6.25.xlsx,Entry- Site SPOF Data,53,175,178,Valid
PDX01.02,3.0299999999999994,No,x,,Flex Asset EOL and Site Risk Evaluation Tool Ver 3.0 3.6.25.xlsx,Entry- Site SPOF Data,53,179,182,Valid
PDX02,3.0299999999999994,N/A,X,CT's not required for site operation,Flex Asset EOL and Site Risk Evaluation Tool Ver 3.0 3.6.25.xlsx,Entry- Site SPOF Data,53,183,186,Valid
PDX03,3.0299999999999994,N/A,X,Water is not necessary for critical equipment.,Flex Asset EOL and Site Risk Evaluation Tool Ver 3.0 3.6.25.xlsx,Entry- Site SPOF Data,53,187,190,Valid
PDX04,3.0299999999999994,N/A,X,,Flex Asset EOL and Site Risk Evaluation Tool Ver 3.0 3.6.25.xlsx,Entry- Site SPOF Data,53,191,194,Valid
PHL01,3.0299999999999994,No,X,,Flex Asset EOL and Site Risk Evaluation Tool Ver 3.0 3.6.25.xlsx,Entry- Site SPOF Data,53,195,198,Valid
PHX01,3.0299999999999994,Yes,X,,Flex Asset EOL and Site Risk Evaluation Tool Ver 3.0 3.6.25.xlsx,Entry- Site SPOF Data,53,199,202,Valid
RAL01,3.0299999999999994,Yes,X,,Flex Asset EOL and Site Risk Evaluation Tool Ver 3.0 3.6.25.xlsx,Entry- Site SPOF Data,53,203,206,Valid
RAL02,3.0299999999999994,Yes,X,,Flex Asset EOL and Site Risk Evaluation Tool Ver 3.0 3.6.25.xlsx,Entry- Site SPOF Data,53,207,210,Valid
RAL03,3.0299999999999994,Yes,X,,Flex Asset EOL and Site Risk Evaluation Tool Ver 3.0 3.6.25.xlsx,Entry- Site SPOF Data,53,211,214,Valid
RCH01,3.0299999999999994,Yes,X,"Site is equipped with 28,000 gallon make up water tank for cooling towers only if loss of single water feed",Flex Asset EOL and Site Risk Evaluation Tool Ver 3.0 3.6.25.xlsx,Entry- Site SPOF Data,53,215,218,Valid
RIC01,3.0299999999999994,Yes,x,,Flex Asset EOL and Site Risk Evaluation Tool Ver 3.0 3.6.25.xlsx,Entry- Site SPOF Data,53,219,222,Valid
RIC02,3.0299999999999994,Yes,x,,Flex Asset EOL and Site Risk Evaluation Tool Ver 3.0 3.6.25.xlsx,Entry- Site SPOF Data,53,223,226,Valid
SLC03,3.0299999999999994,N/A,X,,Flex Asset EOL and Site Risk Evaluation Tool Ver 3.0 3.6.25.xlsx,Entry- Site SPOF Data,53,227,230,Valid
SLC04.01,3.0299999999999994,Yes,X,,Flex Asset EOL and Site Risk Evaluation Tool Ver 3.0 3.6.25.xlsx,Entry- Site SPOF Data,53,231,234,Valid
SLC04.02,3.0299999999999994,N/A,X,,Flex Asset EOL and Site Risk Evaluation Tool Ver 3.0 3.6.25.xlsx,Entry- Site SPOF Data,53,235,238,Valid
SLC04.03,3.0299999999999994,Yes,X,,Flex Asset EOL and Site Risk Evaluation Tool Ver 3.0 3.6.25.xlsx,Entry- Site SPOF Data,53,239,242,Valid
SLC07,3.0299999999999994,N/A,X,,Flex Asset EOL and Site Risk Evaluation Tool Ver 3.0 3.6.25.xlsx,Entry- Site SPOF Data,53,243,246,Valid
SLC09,3.0299999999999994,N/A,X,,Flex Asset EOL and Site Risk Evaluation Tool Ver 3.0 3.6.25.xlsx,Entry- Site SPOF Data,53,247,250,Valid
SLC10,3.0299999999999994,Yes,X,,Flex Asset EOL and Site Risk Evaluation Tool Ver 3.0 3.6.25.xlsx,Entry- Site SPOF Data,53,251,254,Valid
TPA01,3.0299999999999994,N/A,X,,Flex Asset EOL and Site Risk Evaluation Tool Ver 3.0 3.6.25.xlsx,Entry- Site SPOF Data,53,255,258,Valid
TPA02,3.0299999999999994,N/A,X,,Flex Asset EOL and Site Risk Evaluation Tool Ver 3.0 3.6.25.xlsx,Entry- Site SPOF Data,53,259,262,Valid
TPA03,3.0299999999999994,N/A,X,,Flex Asset EOL and Site Risk Evaluation Tool Ver 3.0 3.6.25.xlsx,Entry- Site SPOF Data,53,263,266,Valid
TPA04,3.0299999999999994,N/A,X,,Flex Asset EOL and Site Risk Evaluation Tool Ver 3.0 3.6.25.xlsx,Entry- Site SPOF Data,53,267,270,Valid
ABE01,3.0399999999999991,N/A,x,,Flex Asset EOL and Site Risk Evaluation Tool Ver 3.0 3.6.25.xlsx,Entry- Site SPOF Data,54,7,10,Valid
ATL01,3.0399999999999991,N/A,X,,Flex Asset EOL and Site Risk Evaluation Tool Ver 3.0 3.6.25.xlsx,Entry- Site SPOF Data,54,11,14,Valid
ATL02,3.0399999999999991,N/A,X,,Flex Asset EOL and Site Risk Evaluation Tool Ver 3.0 3.6.25.xlsx,Entry- Site SPOF Data,54,15,18,Valid
ATL03,3.0399999999999991,Yes,x,,Flex Asset EOL and Site Risk Evaluation Tool Ver 3.0 3.6.25.xlsx,Entry- Site SPOF Data,54,19,22,Valid
ATL04,3.0399999999999991,Yes,x,,Flex Asset EOL and Site Risk Evaluation Tool Ver 3.0 3.6.25.xlsx,Entry- Site SPOF Data,54,23,26,Valid
ATL05,3.0399999999999991,Yes,X,,Flex Asset EOL and Site Risk Evaluation Tool Ver 3.0 3.6.25.xlsx,Entry- Site SPOF Data,54,27,30,Valid
CIN01,3.0399999999999991,N/A,X,,Flex Asset EOL and Site Risk Evaluation Tool Ver 3.0 3.6.25.xlsx,Entry- Site SPOF Data,54,31,34,Valid
CIN02,3.0399999999999991,N/A,X,,Flex Asset EOL and Site Risk Evaluation Tool Ver 3.0 3.6.25.xlsx,Entry- Site SPOF Data,54,35,38,Valid
CLT01,3.0399999999999991,No,x,,Flex Asset EOL and Site Risk Evaluation Tool Ver 3.0 3.6.25.xlsx,Entry- Site SPOF Data,54,39,42,Valid
CLT02,3.0399999999999991,No,x,,Flex Asset EOL and Site Risk Evaluation Tool Ver 3.0 3.6.25.xlsx,Entry- Site SPOF Data,54,43,46,Valid
CLT03,3.0399999999999991,N/A,x,,Flex Asset EOL and Site Risk Evaluation Tool Ver 3.0 3.6.25.xlsx,Entry- Site SPOF Data,54,47,50,Valid
CLT04,3.0399999999999991,Yes,x,This facility has an ATO owned by Duke.  We do not pay to have the ATO.  This makes it a manual transfer that duke has to come do.,Flex Asset EOL and Site Risk Evaluation Tool Ver 3.0 3.6.25.xlsx,Entry- Site SPOF Data,54,51,54,Valid
CLT05,3.0399999999999991,Yes,x,A/B system each separated all the way to 2 separate substations.,Flex Asset EOL and Site Risk Evaluation Tool Ver 3.0 3.6.25.xlsx,Entry- Site SPOF Data,54,55,58,Valid
DAL01,3.0399999999999991,No,X,,Flex Asset EOL and Site Risk Evaluation Tool Ver 3.0 3.6.25.xlsx,Entry- Site SPOF Data,54,59,62,Valid
DAL02,3.0399999999999991,No,X,,Flex Asset EOL and Site Risk Evaluation Tool Ver 3.0 3.6.25.xlsx,Entry- Site SPOF Data,54,63,66,Valid
DAL03,3.0399999999999991,No,X,,Flex Asset EOL and Site Risk Evaluation Tool Ver 3.0 3.6.25.xlsx,Entry- Site SPOF Data,54,67,70,Valid
DAL04,3.0399999999999991,Yes,X,,Flex Asset EOL and Site Risk Evaluation Tool Ver 3.0 3.6.25.xlsx,Entry- Site SPOF Data,54,71,74,Valid
DAL05,3.0399999999999991,Yes,X,,Flex Asset EOL and Site Risk Evaluation Tool Ver 3.0 3.6.25.xlsx,Entry- Site SPOF Data,54,75,78,Valid
DEN02,3.0399999999999991,N/A,X,,Flex Asset EOL and Site Risk Evaluation Tool Ver 3.0 3.6.25.xlsx,Entry- Site SPOF Data,54,79,82,Valid
DEN03,3.0399999999999991,Yes,X,,Flex Asset EOL and Site Risk Evaluation Tool Ver 3.0 3.6.25.xlsx,Entry- Site SPOF Data,54,83,86,Valid
DEN05.01,3.0399999999999991,N/A,X,,Flex Asset EOL and Site Risk Evaluation Tool Ver 3.0 3.6.25.xlsx,Entry- Site SPOF Data,54,87,90,Valid
DEN05.02,3.0399999999999991,N/A,X,,Flex Asset EOL and Site Risk Evaluation Tool Ver 3.0 3.6.25.xlsx,Entry- Site SPOF Data,54,91,94,Valid
DEN11,3.0399999999999991,No,x,ATO is disabled due to load,Flex Asset EOL and Site Risk Evaluation Tool Ver 3.0 3.6.25.xlsx,Entry- Site SPOF Data,54,95,98,Valid
DFW01,3.0399999999999991,Yes,X,,Flex Asset EOL and Site Risk Evaluation Tool Ver 3.0 3.6.25.xlsx,Entry- Site SPOF Data,54,99,102,Valid
FLL01,3.0399999999999991,No,X,,Flex Asset EOL and Site Risk Evaluation Tool Ver 3.0 3.6.25.xlsx,Entry- Site SPOF Data,54,103,106,Valid
FLL02,3.0399999999999991,No,X,,Flex Asset EOL and Site Risk Evaluation Tool Ver 3.0 3.6.25.xlsx,Entry- Site SPOF Data,54,107,110,Valid
JAX01,3.0399999999999991,N/A,X,,Flex Asset EOL and Site Risk Evaluation Tool Ver 3.0 3.6.25.xlsx,Entry- Site SPOF Data,54,111,114,Valid
JAX02,3.0399999999999991,N/A,X,,Flex Asset EOL and Site Risk Evaluation Tool Ver 3.0 3.6.25.xlsx,Entry- Site SPOF Data,54,115,118,Valid
LAS03,3.0399999999999991,N/A,X,,Flex Asset EOL and Site Risk Evaluation Tool Ver 3.0 3.6.25.xlsx,Entry- Site SPOF Data,54,119,122,Valid
LAS04,3.0399999999999991,Yes,X,,Flex Asset EOL and Site Risk Evaluation Tool Ver 3.0 3.6.25.xlsx,Entry- Site SPOF Data,54,123,126,Valid
LAS05,3.0399999999999991,No,X,,Flex Asset EOL and Site Risk Evaluation Tool Ver 3.0 3.6.25.xlsx,Entry- Site SPOF Data,54,127,130,Valid
LOU02,3.0399999999999991,N/A,X,,Flex Asset EOL and Site Risk Evaluation Tool Ver 3.0 3.6.25.xlsx,Entry- Site SPOF Data,54,131,134,Valid
LOU03,3.0399999999999991,N/A,X,,Flex Asset EOL and Site Risk Evaluation Tool Ver 3.0 3.6.25.xlsx,Entry- Site SPOF Data,54,135,138,Valid
LOU04,3.0399999999999991,No,X,,Flex Asset EOL and Site Risk Evaluation Tool Ver 3.0 3.6.25.xlsx,Entry- Site SPOF Data,54,139,142,Valid
LOU05,3.0399999999999991,No,x,,Flex Asset EOL and Site Risk Evaluation Tool Ver 3.0 3.6.25.xlsx,Entry- Site SPOF Data,54,143,146,Valid
MSP01,3.0399999999999991,Yes,X,Until load reaches point where cross tie needs to be disabled. (480A),Flex Asset EOL and Site Risk Evaluation Tool Ver 3.0 3.6.25.xlsx,Entry- Site SPOF Data,54,147,150,Valid
NAS01,3.0399999999999991,No,x,Utility company takes care of the ATO,Flex Asset EOL and Site Risk Evaluation Tool Ver 3.0 3.6.25.xlsx,Entry- Site SPOF Data,54,151,154,Valid
NAS02,3.0399999999999991,N/A,x,,Flex Asset EOL and Site Risk Evaluation Tool Ver 3.0 3.6.25.xlsx,Entry- Site SPOF Data,54,155,158,Valid
NAS03,3.0399999999999991,N/A,x,,Flex Asset EOL and Site Risk Evaluation Tool Ver 3.0 3.6.25.xlsx,Entry- Site SPOF Data,54,159,162,Valid
NAS04,3.0399999999999991,No,x,Utility company takes care of the ATO,Flex Asset EOL and Site Risk Evaluation Tool Ver 3.0 3.6.25.xlsx,Entry- Site SPOF Data,54,163,166,Valid
NAS05,3.0399999999999991,Yes,x,ATO utility company services,Flex Asset EOL and Site Risk Evaluation Tool Ver 3.0 3.6.25.xlsx,Entry- Site SPOF Data,54,167,170,Valid
NAS06,3.0399999999999991,Yes,x,ATO utility company services,Flex Asset EOL and Site Risk Evaluation Tool Ver 3.0 3.6.25.xlsx,Entry- Site SPOF Data,54,171,174,Valid
PDX01.01,3.0399999999999991,Yes,x,,Flex Asset EOL and Site Risk Evaluation Tool Ver 3.0 3.6.25.xlsx,Entry- Site SPOF Data,54,175,178,Valid
PDX01.02,3.0399999999999991,Yes,x,,Flex Asset EOL and Site Risk Evaluation Tool Ver 3.0 3.6.25.xlsx,Entry- Site SPOF Data,54,179,182,Valid
PDX02,3.0399999999999991,No,X,Retired in place (undersized),Flex Asset EOL and Site Risk Evaluation Tool Ver 3.0 3.6.25.xlsx,Entry- Site SPOF Data,54,183,186,Valid
PDX03,3.0399999999999991,Yes,X,,Flex Asset EOL and Site Risk Evaluation Tool Ver 3.0 3.6.25.xlsx,Entry- Site SPOF Data,54,187,190,Valid
PDX04,3.0399999999999991,N/A,X,,Flex Asset EOL and Site Risk Evaluation Tool Ver 3.0 3.6.25.xlsx,Entry- Site SPOF Data,54,191,194,Valid
PHL01,3.0399999999999991,Yes,X,,Flex Asset EOL and Site Risk Evaluation Tool Ver 3.0 3.6.25.xlsx,Entry- Site SPOF Data,54,195,198,Valid
PHX01,3.0399999999999991,Yes,X,,Flex Asset EOL and Site Risk Evaluation Tool Ver 3.0 3.6.25.xlsx,Entry- Site SPOF Data,54,199,202,Valid
RAL01,3.0399999999999991,No,X,,Flex Asset EOL and Site Risk Evaluation Tool Ver 3.0 3.6.25.xlsx,Entry- Site SPOF Data,54,203,206,Valid
RAL02,3.0399999999999991,No,X,,Flex Asset EOL and Site Risk Evaluation Tool Ver 3.0 3.6.25.xlsx,Entry- Site SPOF Data,54,207,210,Valid
RAL03,3.0399999999999991,No,X,,Flex Asset EOL and Site Risk Evaluation Tool Ver 3.0 3.6.25.xlsx,Entry- Site SPOF Data,54,211,214,Valid
RCH01,3.0399999999999991,No,x,,Flex Asset EOL and Site Risk Evaluation Tool Ver 3.0 3.6.25.xlsx,Entry- Site SPOF Data,54,215,218,Valid
RIC01,3.0399999999999991,N/A,x,,Flex Asset EOL and Site Risk Evaluation Tool Ver 3.0 3.6.25.xlsx,Entry- Site SPOF Data,54,219,222,Valid
RIC02,3.0399999999999991,N/A,x,,Flex Asset EOL and Site Risk Evaluation Tool Ver 3.0 3.6.25.xlsx,Entry- Site SPOF Data,54,223,226,Valid
SLC03,3.0399999999999991,N/A,X,,Flex Asset EOL and Site Risk Evaluation Tool Ver 3.0 3.6.25.xlsx,Entry- Site SPOF Data,54,227,230,Valid
SLC04.01,3.0399999999999991,No,X,Single utility feed.,Flex Asset EOL and Site Risk Evaluation Tool Ver 3.0 3.6.25.xlsx,Entry- Site SPOF Data,54,231,234,Valid
SLC04.02,3.0399999999999991,No,X,Single utility feed.,Flex Asset EOL and Site Risk Evaluation Tool Ver 3.0 3.6.25.xlsx,Entry- Site SPOF Data,54,235,238,Valid
SLC04.03,3.0399999999999991,Yes,X,Colo 3 has two utility transformers with a tie breaker.,Flex Asset EOL and Site Risk Evaluation Tool Ver 3.0 3.6.25.xlsx,Entry- Site SPOF Data,54,239,242,Valid
SLC07,3.0399999999999991,N/A,X,,Flex Asset EOL and Site Risk Evaluation Tool Ver 3.0 3.6.25.xlsx,Entry- Site SPOF Data,54,243,246,Valid
SLC09,3.0399999999999991,N/A,X,,Flex Asset EOL and Site Risk Evaluation Tool Ver 3.0 3.6.25.xlsx,Entry- Site SPOF Data,54,247,250,Valid
SLC10,3.0399999999999991,Yes,X,"We have multiple feeds to our building but not to each line. We do have tie breakers so we can connect each line to it's sister. We do not have appropriate metering in place currently or procedure, so we would need to do so very deliberate. We also have not operated these breakers and disconnects with the exception of the ATS 1 and 2 connection",Flex Asset EOL and Site Risk Evaluation Tool Ver 3.0 3.6.25.xlsx,Entry- Site SPOF Data,54,251,254,Valid
TPA01,3.0399999999999991,N/A,X,,Flex Asset EOL and Site Risk Evaluation Tool Ver 3.0 3.6.25.xlsx,Entry- Site SPOF Data,54,255,258,Valid
TPA02,3.0399999999999991,N/A,X,,Flex Asset EOL and Site Risk Evaluation Tool Ver 3.0 3.6.25.xlsx,Entry- Site SPOF Data,54,259,262,Valid
TPA03,3.0399999999999991,N/A,X,,Flex Asset EOL and Site Risk Evaluation Tool Ver 3.0 3.6.25.xlsx,Entry- Site SPOF Data,54,263,266,Valid
TPA04,3.0399999999999991,N/A,X,,Flex Asset EOL and Site Risk Evaluation Tool Ver 3.0 3.6.25.xlsx,Entry- Site SPOF Data,54,267,270,Valid
ABE01,3.0499999999999989,Yes,x,,Flex Asset EOL and Site Risk Evaluation Tool Ver 3.0 3.6.25.xlsx,Entry- Site SPOF Data,55,7,10,Valid
ATL01,3.0499999999999989,Yes,X,,Flex Asset EOL and Site Risk Evaluation Tool Ver 3.0 3.6.25.xlsx,Entry- Site SPOF Data,55,11,14,Valid
ATL02,3.0499999999999989,Yes,X,,Flex Asset EOL and Site Risk Evaluation Tool Ver 3.0 3.6.25.xlsx,Entry- Site SPOF Data,55,15,18,Valid
ATL03,3.0499999999999989,Yes,x,,Flex Asset EOL and Site Risk Evaluation Tool Ver 3.0 3.6.25.xlsx,Entry- Site SPOF Data,55,19,22,Valid
ATL04,3.0499999999999989,Yes,x,,Flex Asset EOL and Site Risk Evaluation Tool Ver 3.0 3.6.25.xlsx,Entry- Site SPOF Data,55,23,26,Valid
ATL05,3.0499999999999989,Yes,X,,Flex Asset EOL and Site Risk Evaluation Tool Ver 3.0 3.6.25.xlsx,Entry- Site SPOF Data,55,27,30,Valid
CIN01,3.0499999999999989,Yes,X,,Flex Asset EOL and Site Risk Evaluation Tool Ver 3.0 3.6.25.xlsx,Entry- Site SPOF Data,55,31,34,Valid
CIN02,3.0499999999999989,Yes,X,,Flex Asset EOL and Site Risk Evaluation Tool Ver 3.0 3.6.25.xlsx,Entry- Site SPOF Data,55,35,38,Valid
CLT01,3.0499999999999989,Yes,x,,Flex Asset EOL and Site Risk Evaluation Tool Ver 3.0 3.6.25.xlsx,Entry- Site SPOF Data,55,39,42,Valid
CLT02,3.0499999999999989,Yes,x,,Flex Asset EOL and Site Risk Evaluation Tool Ver 3.0 3.6.25.xlsx,Entry- Site SPOF Data,55,43,46,Valid
CLT03,3.0499999999999989,Yes,x,,Flex Asset EOL and Site Risk Evaluation Tool Ver 3.0 3.6.25.xlsx,Entry- Site SPOF Data,55,47,50,Valid
CLT04,3.0499999999999989,Yes,x,,Flex Asset EOL and Site Risk Evaluation Tool Ver 3.0 3.6.25.xlsx,Entry- Site SPOF Data,55,51,54,Valid
CLT05,3.0499999999999989,Yes,x,,Flex Asset EOL and Site Risk Evaluation Tool Ver 3.0 3.6.25.xlsx,Entry- Site SPOF Data,55,55,58,Valid
DAL01,3.0499999999999989,Yes,X,,Flex Asset EOL and Site Risk Evaluation Tool Ver 3.0 3.6.25.xlsx,Entry- Site SPOF Data,55,59,62,Valid
DAL02,3.0499999999999989,No,X,,Flex Asset EOL and Site Risk Evaluation Tool Ver 3.0 3.6.25.xlsx,Entry- Site SPOF Data,55,63,66,Valid
DAL03,3.0499999999999989,No,X,,Flex Asset EOL and Site Risk Evaluation Tool Ver 3.0 3.6.25.xlsx,Entry- Site SPOF Data,55,67,70,Valid
DAL04,3.0499999999999989,No,X,,Flex Asset EOL and Site Risk Evaluation Tool Ver 3.0 3.6.25.xlsx,Entry- Site SPOF Data,55,71,74,Valid
DAL05,3.0499999999999989,No,X,,Flex Asset EOL and Site Risk Evaluation Tool Ver 3.0 3.6.25.xlsx,Entry- Site SPOF Data,55,75,78,Valid
DEN02,3.0499999999999989,No,X,,Flex Asset EOL and Site Risk Evaluation Tool Ver 3.0 3.6.25.xlsx,Entry- Site SPOF Data,55,79,82,Valid
DEN03,3.0499999999999989,No,X,,Flex Asset EOL and Site Risk Evaluation Tool Ver 3.0 3.6.25.xlsx,Entry- Site SPOF Data,55,83,86,Valid
DEN05.01,3.0499999999999989,No,X,,Flex Asset EOL and Site Risk Evaluation Tool Ver 3.0 3.6.25.xlsx,Entry- Site SPOF Data,55,87,90,Valid
DEN05.02,3.0499999999999989,No,X,,Flex Asset EOL and Site Risk Evaluation Tool Ver 3.0 3.6.25.xlsx,Entry- Site SPOF Data,55,91,94,Valid
DEN11,3.0499999999999989,No,x,,Flex Asset EOL and Site Risk Evaluation Tool Ver 3.0 3.6.25.xlsx,Entry- Site SPOF Data,55,95,98,Valid
DFW01,3.0499999999999989,No,X,,Flex Asset EOL and Site Risk Evaluation Tool Ver 3.0 3.6.25.xlsx,Entry- Site SPOF Data,55,99,102,Valid
FLL01,3.0499999999999989,Yes,X,Out in the yard.,Flex Asset EOL and Site Risk Evaluation Tool Ver 3.0 3.6.25.xlsx,Entry- Site SPOF Data,55,103,106,Valid
FLL02,3.0499999999999989,Yes,X,Out in the yard.,Flex Asset EOL and Site Risk Evaluation Tool Ver 3.0 3.6.25.xlsx,Entry- Site SPOF Data,55,107,110,Valid
JAX01,3.0499999999999989,Yes,X,Owned by Utility company (JEA),Flex Asset EOL and Site Risk Evaluation Tool Ver 3.0 3.6.25.xlsx,Entry- Site SPOF Data,55,111,114,Valid
JAX02,3.0499999999999989,Yes,X,Owned by Utility company (JEA),Flex Asset EOL and Site Risk Evaluation Tool Ver 3.0 3.6.25.xlsx,Entry- Site SPOF Data,55,115,118,Valid
LAS03,3.0499999999999989,Yes,X,Only Utility feed has oil filled transformer owned by utility provider,Flex Asset EOL and Site Risk Evaluation Tool Ver 3.0 3.6.25.xlsx,Entry- Site SPOF Data,55,119,122,Valid
LAS04,3.0499999999999989,Yes,X,Utility feed transformer only,Flex Asset EOL and Site Risk Evaluation Tool Ver 3.0 3.6.25.xlsx,Entry- Site SPOF Data,55,123,126,Valid
LAS05,3.0499999999999989,Yes,X,Only Utility feed has oil filled transformer owned by utility provider,Flex Asset EOL and Site Risk Evaluation Tool Ver 3.0 3.6.25.xlsx,Entry- Site SPOF Data,55,127,130,Valid
LOU02,3.0499999999999989,Yes,X,Utility owned transformer in equipment yard,Flex Asset EOL and Site Risk Evaluation Tool Ver 3.0 3.6.25.xlsx,Entry- Site SPOF Data,55,131,134,Valid
LOU03,3.0499999999999989,Yes,X,Oil filled transformer in the equipment yard owned by utility company,Flex Asset EOL and Site Risk Evaluation Tool Ver 3.0 3.6.25.xlsx,Entry- Site SPOF Data,55,135,138,Valid
LOU04,3.0499999999999989,Yes,X,Oil filled transformer in the equipment yard owned by utility company,Flex Asset EOL and Site Risk Evaluation Tool Ver 3.0 3.6.25.xlsx,Entry- Site SPOF Data,55,139,142,Valid
LOU05,3.0499999999999989,Yes,X,Oil filled transformer in the equipment yard owned by Flexential,Flex Asset EOL and Site Risk Evaluation Tool Ver 3.0 3.6.25.xlsx,Entry- Site SPOF Data,55,143,146,Valid
MSP01,3.0499999999999989,Yes,X,"Gen 1 step up xfmr, not part of utility system though.",Flex Asset EOL and Site Risk Evaluation Tool Ver 3.0 3.6.25.xlsx,Entry- Site SPOF Data,55,147,150,Valid
NAS01,3.0499999999999989,No,X,,Flex Asset EOL and Site Risk Evaluation Tool Ver 3.0 3.6.25.xlsx,Entry- Site SPOF Data,55,151,154,Valid
NAS02,3.0499999999999989,No,x,,Flex Asset EOL and Site Risk Evaluation Tool Ver 3.0 3.6.25.xlsx,Entry- Site SPOF Data,55,155,158,Valid
NAS03,3.0499999999999989,No,X,,Flex Asset EOL and Site Risk Evaluation Tool Ver 3.0 3.6.25.xlsx,Entry- Site SPOF Data,55,159,162,Valid
NAS04,3.0499999999999989,No,X,,Flex Asset EOL and Site Risk Evaluation Tool Ver 3.0 3.6.25.xlsx,Entry- Site SPOF Data,55,163,166,Valid
NAS05,3.0499999999999989,No,X,,Flex Asset EOL and Site Risk Evaluation Tool Ver 3.0 3.6.25.xlsx,Entry- Site SPOF Data,55,167,170,Valid
NAS06,3.0499999999999989,No,X,,Flex Asset EOL and Site Risk Evaluation Tool Ver 3.0 3.6.25.xlsx,Entry- Site SPOF Data,55,171,174,Valid
PDX01.01,3.0499999999999989,No,X,,Flex Asset EOL and Site Risk Evaluation Tool Ver 3.0 3.6.25.xlsx,Entry- Site SPOF Data,55,175,178,Valid
PDX01.02,3.0499999999999989,No,X,,Flex Asset EOL and Site Risk Evaluation Tool Ver 3.0 3.6.25.xlsx,Entry- Site SPOF Data,55,179,182,Valid
PDX02,3.0499999999999989,No,X,,Flex Asset EOL and Site Risk Evaluation Tool Ver 3.0 3.6.25.xlsx,Entry- Site SPOF Data,55,183,186,Valid
PDX03,3.0499999999999989,Yes,X,,Flex Asset EOL and Site Risk Evaluation Tool Ver 3.0 3.6.25.xlsx,Entry- Site SPOF Data,55,187,190,Valid
PDX04,3.0499999999999989,Yes,X,,Flex Asset EOL and Site Risk Evaluation Tool Ver 3.0 3.6.25.xlsx,Entry- Site SPOF Data,55,191,194,Valid
PHL01,3.0499999999999989,Yes,X,,Flex Asset EOL and Site Risk Evaluation Tool Ver 3.0 3.6.25.xlsx,Entry- Site SPOF Data,55,195,198,Valid
PHX01,3.0499999999999989,Yes,X,,Flex Asset EOL and Site Risk Evaluation Tool Ver 3.0 3.6.25.xlsx,Entry- Site SPOF Data,55,199,202,Valid
RAL01,3.0499999999999989,Yes,X,,Flex Asset EOL and Site Risk Evaluation Tool Ver 3.0 3.6.25.xlsx,Entry- Site SPOF Data,55,203,206,Valid
RAL02,3.0499999999999989,Yes,X,,Flex Asset EOL and Site Risk Evaluation Tool Ver 3.0 3.6.25.xlsx,Entry- Site SPOF Data,55,207,210,Valid
RAL03,3.0499999999999989,Yes,X,,Flex Asset EOL and Site Risk Evaluation Tool Ver 3.0 3.6.25.xlsx,Entry- Site SPOF Data,55,211,214,Valid
RCH01,3.0499999999999989,Yes,x,,Flex Asset EOL and Site Risk Evaluation Tool Ver 3.0 3.6.25.xlsx,Entry- Site SPOF Data,55,215,218,Valid
RIC01,3.0499999999999989,Yes,x,,Flex Asset EOL and Site Risk Evaluation Tool Ver 3.0 3.6.25.xlsx,Entry- Site SPOF Data,55,219,222,Valid
RIC02,3.0499999999999989,Yes,x,,Flex Asset EOL and Site Risk Evaluation Tool Ver 3.0 3.6.25.xlsx,Entry- Site SPOF Data,55,223,226,Valid
SLC03,3.0499999999999989,Yes,X,These are under the landlords control.,Flex Asset EOL and Site Risk Evaluation Tool Ver 3.0 3.6.25.xlsx,Entry- Site SPOF Data,55,227,230,Valid
SLC04.01,3.0499999999999989,Yes,X,,Flex Asset EOL and Site Risk Evaluation Tool Ver 3.0 3.6.25.xlsx,Entry- Site SPOF Data,55,231,234,Valid
SLC04.02,3.0499999999999989,Yes,X,,Flex Asset EOL and Site Risk Evaluation Tool Ver 3.0 3.6.25.xlsx,Entry- Site SPOF Data,55,235,238,Valid
SLC04.03,3.0499999999999989,Yes,X,,Flex Asset EOL and Site Risk Evaluation Tool Ver 3.0 3.6.25.xlsx,Entry- Site SPOF Data,55,239,242,Valid
SLC07,3.0499999999999989,Yes,X,,Flex Asset EOL and Site Risk Evaluation Tool Ver 3.0 3.6.25.xlsx,Entry- Site SPOF Data,55,243,246,Valid
SLC09,3.0499999999999989,Yes,X,,Flex Asset EOL and Site Risk Evaluation Tool Ver 3.0 3.6.25.xlsx,Entry- Site SPOF Data,55,247,250,Valid
SLC10,3.0499999999999989,Yes,X,,Flex Asset EOL and Site Risk Evaluation Tool Ver 3.0 3.6.25.xlsx,Entry- Site SPOF Data,55,251,254,Valid
TPA01,3.0499999999999989,Yes,X,,Flex Asset EOL and Site Risk Evaluation Tool Ver 3.0 3.6.25.xlsx,Entry- Site SPOF Data,55,255,258,Valid
TPA02,3.0499999999999989,Yes,X,,Flex Asset EOL and Site Risk Evaluation Tool Ver 3.0 3.6.25.xlsx,Entry- Site SPOF Data,55,259,262,Valid
TPA03,3.0499999999999989,Yes,X,,Flex Asset EOL and Site Risk Evaluation Tool Ver 3.0 3.6.25.xlsx,Entry- Site SPOF Data,55,263,266,Valid
TPA04,3.0499999999999989,Yes,X,,Flex Asset EOL and Site Risk Evaluation Tool Ver 3.0 3.6.25.xlsx,Entry- Site SPOF Data,55,267,270,Valid
ABE01,3.0599999999999987,No,x,,Flex Asset EOL and Site Risk Evaluation Tool Ver 3.0 3.6.25.xlsx,Entry- Site SPOF Data,56,7,10,Valid
ATL01,3.0599999999999987,Yes,X,,Flex Asset EOL and Site Risk Evaluation Tool Ver 3.0 3.6.25.xlsx,Entry- Site SPOF Data,56,11,14,Valid
ATL02,3.0599999999999987,Yes,X,,Flex Asset EOL and Site Risk Evaluation Tool Ver 3.0 3.6.25.xlsx,Entry- Site SPOF Data,56,15,18,Valid
ATL03,3.0599999999999987,Yes,x,,Flex Asset EOL and Site Risk Evaluation Tool Ver 3.0 3.6.25.xlsx,Entry- Site SPOF Data,56,19,22,Valid
ATL04,3.0599999999999987,Yes,x,,Flex Asset EOL and Site Risk Evaluation Tool Ver 3.0 3.6.25.xlsx,Entry- Site SPOF Data,56,23,26,Valid
ATL05,3.0599999999999987,Yes,X,,Flex Asset EOL and Site Risk Evaluation Tool Ver 3.0 3.6.25.xlsx,Entry- Site SPOF Data,56,27,30,Valid
CIN01,3.0599999999999987,Yes,X,,Flex Asset EOL and Site Risk Evaluation Tool Ver 3.0 3.6.25.xlsx,Entry- Site SPOF Data,56,31,34,Valid
CIN02,3.0599999999999987,Yes,X,,Flex Asset EOL and Site Risk Evaluation Tool Ver 3.0 3.6.25.xlsx,Entry- Site SPOF Data,56,35,38,Valid
CLT01,3.0599999999999987,Yes,x,,Flex Asset EOL and Site Risk Evaluation Tool Ver 3.0 3.6.25.xlsx,Entry- Site SPOF Data,56,39,42,Valid
CLT02,3.0599999999999987,Yes,x,,Flex Asset EOL and Site Risk Evaluation Tool Ver 3.0 3.6.25.xlsx,Entry- Site SPOF Data,56,43,46,Valid
CLT03,3.0599999999999987,Yes,x,,Flex Asset EOL and Site Risk Evaluation Tool Ver 3.0 3.6.25.xlsx,Entry- Site SPOF Data,56,47,50,Valid
CLT04,3.0599999999999987,Yes,x,,Flex Asset EOL and Site Risk Evaluation Tool Ver 3.0 3.6.25.xlsx,Entry- Site SPOF Data,56,51,54,Valid
CLT05,3.0599999999999987,Yes,x,,Flex Asset EOL and Site Risk Evaluation Tool Ver 3.0 3.6.25.xlsx,Entry- Site SPOF Data,56,55,58,Valid
DAL01,3.0599999999999987,N/A,X,,Flex Asset EOL and Site Risk Evaluation Tool Ver 3.0 3.6.25.xlsx,Entry- Site SPOF Data,56,59,62,Valid
DAL02,3.0599999999999987,N/A,X,,Flex Asset EOL and Site Risk Evaluation Tool Ver 3.0 3.6.25.xlsx,Entry- Site SPOF Data,56,63,66,Valid
DAL03,3.0599999999999987,N/A,X,,Flex Asset EOL and Site Risk Evaluation Tool Ver 3.0 3.6.25.xlsx,Entry- Site SPOF Data,56,67,70,Valid
DAL04,3.0599999999999987,N/A,X,,Flex Asset EOL and Site Risk Evaluation Tool Ver 3.0 3.6.25.xlsx,Entry- Site SPOF Data,56,71,74,Valid
DAL05,3.0599999999999987,No,X,,Flex Asset EOL and Site Risk Evaluation Tool Ver 3.0 3.6.25.xlsx,Entry- Site SPOF Data,56,75,78,Valid
DEN02,3.0599999999999987,Yes,X,,Flex Asset EOL and Site Risk Evaluation Tool Ver 3.0 3.6.25.xlsx,Entry- Site SPOF Data,56,79,82,Valid
DEN03,3.0599999999999987,Yes,X,,Flex Asset EOL and Site Risk Evaluation Tool Ver 3.0 3.6.25.xlsx,Entry- Site SPOF Data,56,83,86,Valid
DEN05.01,3.0599999999999987,Yes,X,,Flex Asset EOL and Site Risk Evaluation Tool Ver 3.0 3.6.25.xlsx,Entry- Site SPOF Data,56,87,90,Valid
DEN05.02,3.0599999999999987,Yes,X,,Flex Asset EOL and Site Risk Evaluation Tool Ver 3.0 3.6.25.xlsx,Entry- Site SPOF Data,56,91,94,Valid
DEN11,3.0599999999999987,Yes,x,,Flex Asset EOL and Site Risk Evaluation Tool Ver 3.0 3.6.25.xlsx,Entry- Site SPOF Data,56,95,98,Valid
DFW01,3.0599999999999987,Yes,X,,Flex Asset EOL and Site Risk Evaluation Tool Ver 3.0 3.6.25.xlsx,Entry- Site SPOF Data,56,99,102,Valid
FLL01,3.0599999999999987,No,x,,Flex Asset EOL and Site Risk Evaluation Tool Ver 3.0 3.6.25.xlsx,Entry- Site SPOF Data,56,103,106,Valid
FLL02,3.0599999999999987,No,x,,Flex Asset EOL and Site Risk Evaluation Tool Ver 3.0 3.6.25.xlsx,Entry- Site SPOF Data,56,107,110,Valid
JAX01,3.0599999999999987,No,X,,Flex Asset EOL and Site Risk Evaluation Tool Ver 3.0 3.6.25.xlsx,Entry- Site SPOF Data,56,111,114,Valid
JAX02,3.0599999999999987,No,X,,Flex Asset EOL and Site Risk Evaluation Tool Ver 3.0 3.6.25.xlsx,Entry- Site SPOF Data,56,115,118,Valid
LAS03,3.0599999999999987,No,X,,Flex Asset EOL and Site Risk Evaluation Tool Ver 3.0 3.6.25.xlsx,Entry- Site SPOF Data,56,119,122,Valid
LAS04,3.0599999999999987,Yes,X,,Flex Asset EOL and Site Risk Evaluation Tool Ver 3.0 3.6.25.xlsx,Entry- Site SPOF Data,56,123,126,Valid
LAS05,3.0599999999999987,No,X,,Flex Asset EOL and Site Risk Evaluation Tool Ver 3.0 3.6.25.xlsx,Entry- Site SPOF Data,56,127,130,Valid
LOU02,3.0599999999999987,Yes,X,,Flex Asset EOL and Site Risk Evaluation Tool Ver 3.0 3.6.25.xlsx,Entry- Site SPOF Data,56,131,134,Valid
LOU03,3.0599999999999987,Yes,X,,Flex Asset EOL and Site Risk Evaluation Tool Ver 3.0 3.6.25.xlsx,Entry- Site SPOF Data,56,135,138,Valid
LOU04,3.0599999999999987,Yes,X,,Flex Asset EOL and Site Risk Evaluation Tool Ver 3.0 3.6.25.xlsx,Entry- Site SPOF Data,56,139,142,Valid
LOU05,3.0599999999999987,N/A,X,,Flex Asset EOL and Site Risk Evaluation Tool Ver 3.0 3.6.25.xlsx,Entry- Site SPOF Data,56,143,146,Valid
MSP01,3.0599999999999987,Yes|No,X|X,All exterior are heat traced except lines used for coil cleaning that we drain in the fall.,Flex Asset EOL and Site Risk Evaluation Tool Ver 3.0 3.6.25.xlsx,Entry- Site SPOF Data,56,147,150,MultipleAnswers
NAS01,3.0599999999999987,Yes,x,Insulated,Flex Asset EOL and Site Risk Evaluation Tool Ver 3.0 3.6.25.xlsx,Entry- Site SPOF Data,56,151,154,Valid
NAS02,3.0599999999999987,Yes,x,,Flex Asset EOL and Site Risk Evaluation Tool Ver 3.0 3.6.25.xlsx,Entry- Site SPOF Data,56,155,158,Valid
NAS03,3.0599999999999987,Yes,x,,Flex Asset EOL and Site Risk Evaluation Tool Ver 3.0 3.6.25.xlsx,Entry- Site SPOF Data,56,159,162,Valid
NAS04,3.0599999999999987,Yes,x,Insulated,Flex Asset EOL and Site Risk Evaluation Tool Ver 3.0 3.6.25.xlsx,Entry- Site SPOF Data,56,163,166,Valid
NAS05,3.0599999999999987,Yes,x,insulated,Flex Asset EOL and Site Risk Evaluation Tool Ver 3.0 3.6.25.xlsx,Entry- Site SPOF Data,56,167,170,Valid
NAS06,3.0599999999999987,Yes,x,insulated,Flex Asset EOL and Site Risk Evaluation Tool Ver 3.0 3.6.25.xlsx,Entry- Site SPOF Data,56,171,174,Valid
PDX01.01,3.0599999999999987,No,x,,Flex Asset EOL and Site Risk Evaluation Tool Ver 3.0 3.6.25.xlsx,Entry- Site SPOF Data,56,175,178,Valid
PDX01.02,3.0599999999999987,No,x,,Flex Asset EOL and Site Risk Evaluation Tool Ver 3.0 3.6.25.xlsx,Entry- Site SPOF Data,56,179,182,Valid
PDX02,3.0599999999999987,Yes,X,,Flex Asset EOL and Site Risk Evaluation Tool Ver 3.0 3.6.25.xlsx,Entry- Site SPOF Data,56,183,186,Valid
PDX03,3.0599999999999987,No,X,,Flex Asset EOL and Site Risk Evaluation Tool Ver 3.0 3.6.25.xlsx,Entry- Site SPOF Data,56,187,190,Valid
PDX04,3.0599999999999987,N/A,X,,Flex Asset EOL and Site Risk Evaluation Tool Ver 3.0 3.6.25.xlsx,Entry- Site SPOF Data,56,191,194,Valid
PHL01,3.0599999999999987,Yes,X,,Flex Asset EOL and Site Risk Evaluation Tool Ver 3.0 3.6.25.xlsx,Entry- Site SPOF Data,56,195,198,Valid
PHX01,3.0599999999999987,N/A,X,,Flex Asset EOL and Site Risk Evaluation Tool Ver 3.0 3.6.25.xlsx,Entry- Site SPOF Data,56,199,202,Valid
RAL01,3.0599999999999987,Yes,X,,Flex Asset EOL and Site Risk Evaluation Tool Ver 3.0 3.6.25.xlsx,Entry- Site SPOF Data,56,203,206,Valid
RAL02,3.0599999999999987,Yes,X,,Flex Asset EOL and Site Risk Evaluation Tool Ver 3.0 3.6.25.xlsx,Entry- Site SPOF Data,56,207,210,Valid
RAL03,3.0599999999999987,Yes,X,,Flex Asset EOL and Site Risk Evaluation Tool Ver 3.0 3.6.25.xlsx,Entry- Site SPOF Data,56,211,214,Valid
RCH01,3.0599999999999987,Yes,x,,Flex Asset EOL and Site Risk Evaluation Tool Ver 3.0 3.6.25.xlsx,Entry- Site SPOF Data,56,215,218,Valid
RIC01,3.0599999999999987,Yes,x,,Flex Asset EOL and Site Risk Evaluation Tool Ver 3.0 3.6.25.xlsx,Entry- Site SPOF Data,56,219,222,Valid
RIC02,3.0599999999999987,Yes,x,,Flex Asset EOL and Site Risk Evaluation Tool Ver 3.0 3.6.25.xlsx,Entry- Site SPOF Data,56,223,226,Valid
SLC03,3.0599999999999987,N/A,X,,Flex Asset EOL and Site Risk Evaluation Tool Ver 3.0 3.6.25.xlsx,Entry- Site SPOF Data,56,227,230,Valid
SLC04.01,3.0599999999999987,No,X,Water lines for colo 1 cooling towers are not heat traced and insulated. Towers get winterized each year.,Flex Asset EOL and Site Risk Evaluation Tool Ver 3.0 3.6.25.xlsx,Entry- Site SPOF Data,56,231,234,Valid
SLC04.02,3.0599999999999987,N/A,X,,Flex Asset EOL and Site Risk Evaluation Tool Ver 3.0 3.6.25.xlsx,Entry- Site SPOF Data,56,235,238,Valid
SLC04.03,3.0599999999999987,No,X,Water lines for colo 1 cooling towers are not heat traced and insulated. Towers get winterized each year.,Flex Asset EOL and Site Risk Evaluation Tool Ver 3.0 3.6.25.xlsx,Entry- Site SPOF Data,56,239,242,Valid
SLC07,3.0599999999999987,No,X,Insulated but not heat traced. Water is not used for cooling.,Flex Asset EOL and Site Risk Evaluation Tool Ver 3.0 3.6.25.xlsx,Entry- Site SPOF Data,56,243,246,Valid
SLC09,3.0599999999999987,Yes,X,,Flex Asset EOL and Site Risk Evaluation Tool Ver 3.0 3.6.25.xlsx,Entry- Site SPOF Data,56,247,250,Valid
SLC10,3.0599999999999987,Yes,X,,Flex Asset EOL and Site Risk Evaluation Tool Ver 3.0 3.6.25.xlsx,Entry- Site SPOF Data,56,251,254,Valid
TPA01,3.0599999999999987,No,X,,Flex Asset EOL and Site Risk Evaluation Tool Ver 3.0 3.6.25.xlsx,Entry- Site SPOF Data,56,255,258,Valid
TPA02,3.0599999999999987,No,X,,Flex Asset EOL and Site Risk Evaluation Tool Ver 3.0 3.6.25.xlsx,Entry- Site SPOF Data,56,259,262,Valid
TPA03,3.0599999999999987,No,X,,Flex Asset EOL and Site Risk Evaluation Tool Ver 3.0 3.6.25.xlsx,Entry- Site SPOF Data,56,263,266,Valid
TPA04,3.0599999999999987,No,X,,Flex Asset EOL and Site Risk Evaluation Tool Ver 3.0 3.6.25.xlsx,Entry- Site SPOF Data,56,267,270,Valid
ABE01,4,Blank,,,Flex Asset EOL and Site Risk Evaluation Tool Ver 3.0 3.6.25.xlsx,Entry- Site SPOF Data,57,7,10,Blank
ATL01,4,Blank,,,Flex Asset EOL and Site Risk Evaluation Tool Ver 3.0 3.6.25.xlsx,Entry- Site SPOF Data,57,11,14,Blank
ATL02,4,Blank,,,Flex Asset EOL and Site Risk Evaluation Tool Ver 3.0 3.6.25.xlsx,Entry- Site SPOF Data,57,15,18,Blank
ATL03,4,Blank,,,Flex Asset EOL and Site Risk Evaluation Tool Ver 3.0 3.6.25.xlsx,Entry- Site SPOF Data,57,19,22,Blank
ATL04,4,Blank,,,Flex Asset EOL and Site Risk Evaluation Tool Ver 3.0 3.6.25.xlsx,Entry- Site SPOF Data,57,23,26,Blank
ATL05,4,Blank,,,Flex Asset EOL and Site Risk Evaluation Tool Ver 3.0 3.6.25.xlsx,Entry- Site SPOF Data,57,27,30,Blank
CIN01,4,Blank,,,Flex Asset EOL and Site Risk Evaluation Tool Ver 3.0 3.6.25.xlsx,Entry- Site SPOF Data,57,31,34,Blank
CIN02,4,Blank,,,Flex Asset EOL and Site Risk Evaluation Tool Ver 3.0 3.6.25.xlsx,Entry- Site SPOF Data,57,35,38,Blank
CLT01,4,Blank,,,Flex Asset EOL and Site Risk Evaluation Tool Ver 3.0 3.6.25.xlsx,Entry- Site SPOF Data,57,39,42,Blank
CLT02,4,Blank,,,Flex Asset EOL and Site Risk Evaluation Tool Ver 3.0 3.6.25.xlsx,Entry- Site SPOF Data,57,43,46,Blank
CLT03,4,Blank,,,Flex Asset EOL and Site Risk Evaluation Tool Ver 3.0 3.6.25.xlsx,Entry- Site SPOF Data,57,47,50,Blank
CLT04,4,Blank,,,Flex Asset EOL and Site Risk Evaluation Tool Ver 3.0 3.6.25.xlsx,Entry- Site SPOF Data,57,51,54,Blank
CLT05,4,Blank,,,Flex Asset EOL and Site Risk Evaluation Tool Ver 3.0 3.6.25.xlsx,Entry- Site SPOF Data,57,55,58,Blank
DAL01,4,Blank,,,Flex Asset EOL and Site Risk Evaluation Tool Ver 3.0 3.6.25.xlsx,Entry- Site SPOF Data,57,59,62,Blank
DAL02,4,Blank,,,Flex Asset EOL and Site Risk Evaluation Tool Ver 3.0 3.6.25.xlsx,Entry- Site SPOF Data,57,63,66,Blank
DAL03,4,Blank,,,Flex Asset EOL and Site Risk Evaluation Tool Ver 3.0 3.6.25.xlsx,Entry- Site SPOF Data,57,67,70,Blank
DAL04,4,Blank,,,Flex Asset EOL and Site Risk Evaluation Tool Ver 3.0 3.6.25.xlsx,Entry- Site SPOF Data,57,71,74,Blank
DAL05,4,Blank,,,Flex Asset EOL and Site Risk Evaluation Tool Ver 3.0 3.6.25.xlsx,Entry- Site SPOF Data,57,75,78,Blank
DEN02,4,Blank,,,Flex Asset EOL and Site Risk Evaluation Tool Ver 3.0 3.6.25.xlsx,Entry- Site SPOF Data,57,79,82,Blank
DEN03,4,Blank,,,Flex Asset EOL and Site Risk Evaluation Tool Ver 3.0 3.6.25.xlsx,Entry- Site SPOF Data,57,83,86,Blank
DEN05.01,4,Blank,,,Flex Asset EOL and Site Risk Evaluation Tool Ver 3.0 3.6.25.xlsx,Entry- Site SPOF Data,57,87,90,Blank
DEN05.02,4,Blank,,,Flex Asset EOL and Site Risk Evaluation Tool Ver 3.0 3.6.25.xlsx,Entry- Site SPOF Data,57,91,94,Blank
DEN11,4,Blank,,,Flex Asset EOL and Site Risk Evaluation Tool Ver 3.0 3.6.25.xlsx,Entry- Site SPOF Data,57,95,98,Blank
DFW01,4,Blank,,,Flex Asset EOL and Site Risk Evaluation Tool Ver 3.0 3.6.25.xlsx,Entry- Site SPOF Data,57,99,102,Blank
FLL01,4,Blank,,,Flex Asset EOL and Site Risk Evaluation Tool Ver 3.0 3.6.25.xlsx,Entry- Site SPOF Data,57,103,106,Blank
FLL02,4,Blank,,,Flex Asset EOL and Site Risk Evaluation Tool Ver 3.0 3.6.25.xlsx,Entry- Site SPOF Data,57,107,110,Blank
JAX01,4,Blank,,,Flex Asset EOL and Site Risk Evaluation Tool Ver 3.0 3.6.25.xlsx,Entry- Site SPOF Data,57,111,114,Blank
JAX02,4,Blank,,,Flex Asset EOL and Site Risk Evaluation Tool Ver 3.0 3.6.25.xlsx,Entry- Site SPOF Data,57,115,118,Blank
LAS03,4,Blank,,,Flex Asset EOL and Site Risk Evaluation Tool Ver 3.0 3.6.25.xlsx,Entry- Site SPOF Data,57,119,122,Blank
LAS04,4,Blank,,,Flex Asset EOL and Site Risk Evaluation Tool Ver 3.0 3.6.25.xlsx,Entry- Site SPOF Data,57,123,126,Blank
LAS05,4,Blank,,,Flex Asset EOL and Site Risk Evaluation Tool Ver 3.0 3.6.25.xlsx,Entry- Site SPOF Data,57,127,130,Blank
LOU02,4,Blank,,,Flex Asset EOL and Site Risk Evaluation Tool Ver 3.0 3.6.25.xlsx,Entry- Site SPOF Data,57,131,134,Blank
LOU03,4,Blank,,,Flex Asset EOL and Site Risk Evaluation Tool Ver 3.0 3.6.25.xlsx,Entry- Site SPOF Data,57,135,138,Blank
LOU04,4,Blank,,,Flex Asset EOL and Site Risk Evaluation Tool Ver 3.0 3.6.25.xlsx,Entry- Site SPOF Data,57,139,142,Blank
LOU05,4,Blank,,,Flex Asset EOL and Site Risk Evaluation Tool Ver 3.0 3.6.25.xlsx,Entry- Site SPOF Data,57,143,146,Blank
MSP01,4,Blank,,,Flex Asset EOL and Site Risk Evaluation Tool Ver 3.0 3.6.25.xlsx,Entry- Site SPOF Data,57,147,150,Blank
NAS01,4,Blank,,,Flex Asset EOL and Site Risk Evaluation Tool Ver 3.0 3.6.25.xlsx,Entry- Site SPOF Data,57,151,154,Blank
NAS02,4,Blank,,,Flex Asset EOL and Site Risk Evaluation Tool Ver 3.0 3.6.25.xlsx,Entry- Site SPOF Data,57,155,158,Blank
NAS03,4,Blank,,,Flex Asset EOL and Site Risk Evaluation Tool Ver 3.0 3.6.25.xlsx,Entry- Site SPOF Data,57,159,162,Blank
NAS04,4,Blank,,,Flex Asset EOL and Site Risk Evaluation Tool Ver 3.0 3.6.25.xlsx,Entry- Site SPOF Data,57,163,166,Blank
NAS05,4,Blank,,,Flex Asset EOL and Site Risk Evaluation Tool Ver 3.0 3.6.25.xlsx,Entry- Site SPOF Data,57,167,170,Blank
NAS06,4,Blank,,,Flex Asset EOL and Site Risk Evaluation Tool Ver 3.0 3.6.25.xlsx,Entry- Site SPOF Data,57,171,174,Blank
PDX01.01,4,Blank,,,Flex Asset EOL and Site Risk Evaluation Tool Ver 3.0 3.6.25.xlsx,Entry- Site SPOF Data,57,175,178,Blank
PDX01.02,4,Blank,,,Flex Asset EOL and Site Risk Evaluation Tool Ver 3.0 3.6.25.xlsx,Entry- Site SPOF Data,57,179,182,Blank
PDX02,4,Blank,,,Flex Asset EOL and Site Risk Evaluation Tool Ver 3.0 3.6.25.xlsx,Entry- Site SPOF Data,57,183,186,Blank
PDX03,4,Blank,,,Flex Asset EOL and Site Risk Evaluation Tool Ver 3.0 3.6.25.xlsx,Entry- Site SPOF Data,57,187,190,Blank
PDX04,4,Blank,,,Flex Asset EOL and Site Risk Evaluation Tool Ver 3.0 3.6.25.xlsx,Entry- Site SPOF Data,57,191,194,Blank
PHL01,4,Blank,,,Flex Asset EOL and Site Risk Evaluation Tool Ver 3.0 3.6.25.xlsx,Entry- Site SPOF Data,57,195,198,Blank
PHX01,4,Blank,,,Flex Asset EOL and Site Risk Evaluation Tool Ver 3.0 3.6.25.xlsx,Entry- Site SPOF Data,57,199,202,Blank
RAL01,4,Blank,,,Flex Asset EOL and Site Risk Evaluation Tool Ver 3.0 3.6.25.xlsx,Entry- Site SPOF Data,57,203,206,Blank
RAL02,4,Blank,,,Flex Asset EOL and Site Risk Evaluation Tool Ver 3.0 3.6.25.xlsx,Entry- Site SPOF Data,57,207,210,Blank
RAL03,4,Blank,,,Flex Asset EOL and Site Risk Evaluation Tool Ver 3.0 3.6.25.xlsx,Entry- Site SPOF Data,57,211,214,Blank
RCH01,4,Blank,,,Flex Asset EOL and Site Risk Evaluation Tool Ver 3.0 3.6.25.xlsx,Entry- Site SPOF Data,57,215,218,Blank
RIC01,4,Blank,,,Flex Asset EOL and Site Risk Evaluation Tool Ver 3.0 3.6.25.xlsx,Entry- Site SPOF Data,57,219,222,Blank
RIC02,4,Blank,,,Flex Asset EOL and Site Risk Evaluation Tool Ver 3.0 3.6.25.xlsx,Entry- Site SPOF Data,57,223,226,Blank
SLC03,4,Blank,,,Flex Asset EOL and Site Risk Evaluation Tool Ver 3.0 3.6.25.xlsx,Entry- Site SPOF Data,57,227,230,Blank
SLC04.01,4,Blank,,,Flex Asset EOL and Site Risk Evaluation Tool Ver 3.0 3.6.25.xlsx,Entry- Site SPOF Data,57,231,234,Blank
SLC04.02,4,Blank,,,Flex Asset EOL and Site Risk Evaluation Tool Ver 3.0 3.6.25.xlsx,Entry- Site SPOF Data,57,235,238,Blank
SLC04.03,4,Blank,,,Flex Asset EOL and Site Risk Evaluation Tool Ver 3.0 3.6.25.xlsx,Entry- Site SPOF Data,57,239,242,Blank
SLC07,4,Blank,,,Flex Asset EOL and Site Risk Evaluation Tool Ver 3.0 3.6.25.xlsx,Entry- Site SPOF Data,57,243,246,Blank
SLC09,4,Blank,,,Flex Asset EOL and Site Risk Evaluation Tool Ver 3.0 3.6.25.xlsx,Entry- Site SPOF Data,57,247,250,Blank
SLC10,4,Blank,,,Flex Asset EOL and Site Risk Evaluation Tool Ver 3.0 3.6.25.xlsx,Entry- Site SPOF Data,57,251,254,Blank
TPA01,4,Blank,,,Flex Asset EOL and Site Risk Evaluation Tool Ver 3.0 3.6.25.xlsx,Entry- Site SPOF Data,57,255,258,Blank
TPA02,4,Blank,,,Flex Asset EOL and Site Risk Evaluation Tool Ver 3.0 3.6.25.xlsx,Entry- Site SPOF Data,57,259,262,Blank
TPA03,4,Blank,,,Flex Asset EOL and Site Risk Evaluation Tool Ver 3.0 3.6.25.xlsx,Entry- Site SPOF Data,57,263,266,Blank
TPA04,4,Blank,,,Flex Asset EOL and Site Risk Evaluation Tool Ver 3.0 3.6.25.xlsx,Entry- Site SPOF Data,57,267,270,Blank
ABE01,4.01,N/A,x,DX cooling,Flex Asset EOL and Site Risk Evaluation Tool Ver 3.0 3.6.25.xlsx,Entry- Site SPOF Data,58,7,10,Valid
ATL01,4.01,Yes,X,,Flex Asset EOL and Site Risk Evaluation Tool Ver 3.0 3.6.25.xlsx,Entry- Site SPOF Data,58,11,14,Valid
ATL02,4.01,Yes,X,,Flex Asset EOL and Site Risk Evaluation Tool Ver 3.0 3.6.25.xlsx,Entry- Site SPOF Data,58,15,18,Valid
ATL03,4.01,Yes,x,,Flex Asset EOL and Site Risk Evaluation Tool Ver 3.0 3.6.25.xlsx,Entry- Site SPOF Data,58,19,22,Valid
ATL04,4.01,Yes,x,,Flex Asset EOL and Site Risk Evaluation Tool Ver 3.0 3.6.25.xlsx,Entry- Site SPOF Data,58,23,26,Valid
ATL05,4.01,Yes,X,,Flex Asset EOL and Site Risk Evaluation Tool Ver 3.0 3.6.25.xlsx,Entry- Site SPOF Data,58,27,30,Valid
CIN01,4.01,Yes,X,,Flex Asset EOL and Site Risk Evaluation Tool Ver 3.0 3.6.25.xlsx,Entry- Site SPOF Data,58,31,34,Valid
CIN02,4.01,Yes,X,,Flex Asset EOL and Site Risk Evaluation Tool Ver 3.0 3.6.25.xlsx,Entry- Site SPOF Data,58,35,38,Valid
CLT01,4.01,N/A,x,,Flex Asset EOL and Site Risk Evaluation Tool Ver 3.0 3.6.25.xlsx,Entry- Site SPOF Data,58,39,42,Valid
CLT02,4.01,N/A,x,,Flex Asset EOL and Site Risk Evaluation Tool Ver 3.0 3.6.25.xlsx,Entry- Site SPOF Data,58,43,46,Valid
CLT03,4.01,Yes,x,,Flex Asset EOL and Site Risk Evaluation Tool Ver 3.0 3.6.25.xlsx,Entry- Site SPOF Data,58,47,50,Valid
CLT04,4.01,Yes,x,,Flex Asset EOL and Site Risk Evaluation Tool Ver 3.0 3.6.25.xlsx,Entry- Site SPOF Data,58,51,54,Valid
CLT05,4.01,Yes,x,,Flex Asset EOL and Site Risk Evaluation Tool Ver 3.0 3.6.25.xlsx,Entry- Site SPOF Data,58,55,58,Valid
DAL01,4.01,N/A,X,,Flex Asset EOL and Site Risk Evaluation Tool Ver 3.0 3.6.25.xlsx,Entry- Site SPOF Data,58,59,62,Valid
DAL02,4.01,Yes,X,"Drycoolers are Flex owned, only used when outside air is below 55.",Flex Asset EOL and Site Risk Evaluation Tool Ver 3.0 3.6.25.xlsx,Entry- Site SPOF Data,58,63,66,Valid
DAL03,4.01,N/A,X,,Flex Asset EOL and Site Risk Evaluation Tool Ver 3.0 3.6.25.xlsx,Entry- Site SPOF Data,58,67,70,Valid
DAL04,4.01,Yes,X,,Flex Asset EOL and Site Risk Evaluation Tool Ver 3.0 3.6.25.xlsx,Entry- Site SPOF Data,58,71,74,Valid
DAL05,4.01,Yes,X,,Flex Asset EOL and Site Risk Evaluation Tool Ver 3.0 3.6.25.xlsx,Entry- Site SPOF Data,58,75,78,Valid
DEN02,4.01,N/A,X,,Flex Asset EOL and Site Risk Evaluation Tool Ver 3.0 3.6.25.xlsx,Entry- Site SPOF Data,58,79,82,Valid
DEN03,4.01,Yes,X,,Flex Asset EOL and Site Risk Evaluation Tool Ver 3.0 3.6.25.xlsx,Entry- Site SPOF Data,58,83,86,Valid
DEN05.01,4.01,N/A,X,,Flex Asset EOL and Site Risk Evaluation Tool Ver 3.0 3.6.25.xlsx,Entry- Site SPOF Data,58,87,90,Valid
DEN05.02,4.01,N/A,X,,Flex Asset EOL and Site Risk Evaluation Tool Ver 3.0 3.6.25.xlsx,Entry- Site SPOF Data,58,91,94,Valid
DEN11,4.01,Yes,x,,Flex Asset EOL and Site Risk Evaluation Tool Ver 3.0 3.6.25.xlsx,Entry- Site SPOF Data,58,95,98,Valid
DFW01,4.01,Yes,X,,Flex Asset EOL and Site Risk Evaluation Tool Ver 3.0 3.6.25.xlsx,Entry- Site SPOF Data,58,99,102,Valid
FLL01,4.01,Yes,X,,Flex Asset EOL and Site Risk Evaluation Tool Ver 3.0 3.6.25.xlsx,Entry- Site SPOF Data,58,103,106,Valid
FLL02,4.01,Yes,X,,Flex Asset EOL and Site Risk Evaluation Tool Ver 3.0 3.6.25.xlsx,Entry- Site SPOF Data,58,107,110,Valid
JAX01,4.01,N/A,X,DX,Flex Asset EOL and Site Risk Evaluation Tool Ver 3.0 3.6.25.xlsx,Entry- Site SPOF Data,58,111,114,Valid
JAX02,4.01,Yes,X,N+1,Flex Asset EOL and Site Risk Evaluation Tool Ver 3.0 3.6.25.xlsx,Entry- Site SPOF Data,58,115,118,Valid
LAS03,4.01,N/A,X,,Flex Asset EOL and Site Risk Evaluation Tool Ver 3.0 3.6.25.xlsx,Entry- Site SPOF Data,58,119,122,Valid
LAS04,4.01,Yes,X,,Flex Asset EOL and Site Risk Evaluation Tool Ver 3.0 3.6.25.xlsx,Entry- Site SPOF Data,58,123,126,Valid
LAS05,4.01,N/A,X,,Flex Asset EOL and Site Risk Evaluation Tool Ver 3.0 3.6.25.xlsx,Entry- Site SPOF Data,58,127,130,Valid
LOU02,4.01,Yes,X,,Flex Asset EOL and Site Risk Evaluation Tool Ver 3.0 3.6.25.xlsx,Entry- Site SPOF Data,58,131,134,Valid
LOU03,4.01,Yes,X,,Flex Asset EOL and Site Risk Evaluation Tool Ver 3.0 3.6.25.xlsx,Entry- Site SPOF Data,58,135,138,Valid
LOU04,4.01,Yes,X,,Flex Asset EOL and Site Risk Evaluation Tool Ver 3.0 3.6.25.xlsx,Entry- Site SPOF Data,58,139,142,Valid
LOU05,4.01,N/A,X,,Flex Asset EOL and Site Risk Evaluation Tool Ver 3.0 3.6.25.xlsx,Entry- Site SPOF Data,58,143,146,Valid
MSP01,4.01,N/A,X,,Flex Asset EOL and Site Risk Evaluation Tool Ver 3.0 3.6.25.xlsx,Entry- Site SPOF Data,58,147,150,Valid
NAS01,4.01,No,x,Drycoolers,Flex Asset EOL and Site Risk Evaluation Tool Ver 3.0 3.6.25.xlsx,Entry- Site SPOF Data,58,151,154,Valid
NAS02,4.01,Yes,x,3 chillers,Flex Asset EOL and Site Risk Evaluation Tool Ver 3.0 3.6.25.xlsx,Entry- Site SPOF Data,58,155,158,Valid
NAS03,4.01,Yes,x,3 chillers,Flex Asset EOL and Site Risk Evaluation Tool Ver 3.0 3.6.25.xlsx,Entry- Site SPOF Data,58,159,162,Valid
NAS04,4.01,Yes,x,Drycoolers,Flex Asset EOL and Site Risk Evaluation Tool Ver 3.0 3.6.25.xlsx,Entry- Site SPOF Data,58,163,166,Valid
NAS05,4.01,Yes,x,2 chillers,Flex Asset EOL and Site Risk Evaluation Tool Ver 3.0 3.6.25.xlsx,Entry- Site SPOF Data,58,167,170,Valid
NAS06,4.01,Yes,x,4 chillers,Flex Asset EOL and Site Risk Evaluation Tool Ver 3.0 3.6.25.xlsx,Entry- Site SPOF Data,58,171,174,Valid
PDX01.01,4.01,Yes,x,,Flex Asset EOL and Site Risk Evaluation Tool Ver 3.0 3.6.25.xlsx,Entry- Site SPOF Data,58,175,178,Valid
PDX01.02,4.01,Yes,x,,Flex Asset EOL and Site Risk Evaluation Tool Ver 3.0 3.6.25.xlsx,Entry- Site SPOF Data,58,179,182,Valid
PDX02,4.01,Yes,X,,Flex Asset EOL and Site Risk Evaluation Tool Ver 3.0 3.6.25.xlsx,Entry- Site SPOF Data,58,183,186,Valid
PDX03,4.01,N/A,X,No Chillers at PDX03,Flex Asset EOL and Site Risk Evaluation Tool Ver 3.0 3.6.25.xlsx,Entry- Site SPOF Data,58,187,190,Valid
PDX04,4.01,Yes,X,,Flex Asset EOL and Site Risk Evaluation Tool Ver 3.0 3.6.25.xlsx,Entry- Site SPOF Data,58,191,194,Valid
PHL01,4.01,Yes,X,,Flex Asset EOL and Site Risk Evaluation Tool Ver 3.0 3.6.25.xlsx,Entry- Site SPOF Data,58,195,198,Valid
PHX01,4.01,Yes,X,,Flex Asset EOL and Site Risk Evaluation Tool Ver 3.0 3.6.25.xlsx,Entry- Site SPOF Data,58,199,202,Valid
RAL01,4.01,Yes,X,,Flex Asset EOL and Site Risk Evaluation Tool Ver 3.0 3.6.25.xlsx,Entry- Site SPOF Data,58,203,206,Valid
RAL02,4.01,Yes,X,,Flex Asset EOL and Site Risk Evaluation Tool Ver 3.0 3.6.25.xlsx,Entry- Site SPOF Data,58,207,210,Valid
RAL03,4.01,Yes,X,,Flex Asset EOL and Site Risk Evaluation Tool Ver 3.0 3.6.25.xlsx,Entry- Site SPOF Data,58,211,214,Valid
RCH01,4.01,Yes,x,,Flex Asset EOL and Site Risk Evaluation Tool Ver 3.0 3.6.25.xlsx,Entry- Site SPOF Data,58,215,218,Valid
RIC01,4.01,Yes,x,,Flex Asset EOL and Site Risk Evaluation Tool Ver 3.0 3.6.25.xlsx,Entry- Site SPOF Data,58,219,222,Valid
RIC02,4.01,Yes,x,,Flex Asset EOL and Site Risk Evaluation Tool Ver 3.0 3.6.25.xlsx,Entry- Site SPOF Data,58,223,226,Valid
SLC03,4.01,N/A,X,,Flex Asset EOL and Site Risk Evaluation Tool Ver 3.0 3.6.25.xlsx,Entry- Site SPOF Data,58,227,230,Valid
SLC04.01,4.01,Yes,X,,Flex Asset EOL and Site Risk Evaluation Tool Ver 3.0 3.6.25.xlsx,Entry- Site SPOF Data,58,231,234,Valid
SLC04.02,4.01,N/A,X,,Flex Asset EOL and Site Risk Evaluation Tool Ver 3.0 3.6.25.xlsx,Entry- Site SPOF Data,58,235,238,Valid
SLC04.03,4.01,Yes,X,,Flex Asset EOL and Site Risk Evaluation Tool Ver 3.0 3.6.25.xlsx,Entry- Site SPOF Data,58,239,242,Valid
SLC07,4.01,N/A,X,,Flex Asset EOL and Site Risk Evaluation Tool Ver 3.0 3.6.25.xlsx,Entry- Site SPOF Data,58,243,246,Valid
SLC09,4.01,N/A,X,,Flex Asset EOL and Site Risk Evaluation Tool Ver 3.0 3.6.25.xlsx,Entry- Site SPOF Data,58,247,250,Valid
SLC10,4.01,Yes,X,,Flex Asset EOL and Site Risk Evaluation Tool Ver 3.0 3.6.25.xlsx,Entry- Site SPOF Data,58,251,254,Valid
TPA01,4.01,Yes,X,,Flex Asset EOL and Site Risk Evaluation Tool Ver 3.0 3.6.25.xlsx,Entry- Site SPOF Data,58,255,258,Valid
TPA02,4.01,Yes,X,,Flex Asset EOL and Site Risk Evaluation Tool Ver 3.0 3.6.25.xlsx,Entry- Site SPOF Data,58,259,262,Valid
TPA03,4.01,Yes,X,,Flex Asset EOL and Site Risk Evaluation Tool Ver 3.0 3.6.25.xlsx,Entry- Site SPOF Data,58,263,266,Valid
TPA04,4.01,Yes,X,,Flex Asset EOL and Site Risk Evaluation Tool Ver 3.0 3.6.25.xlsx,Entry- Site SPOF Data,58,267,270,Valid
ABE01,4.0199999999999996,N/A,x,DX cooling,Flex Asset EOL and Site Risk Evaluation Tool Ver 3.0 3.6.25.xlsx,Entry- Site SPOF Data,59,7,10,Valid
ATL01,4.0199999999999996,No,X,,Flex Asset EOL and Site Risk Evaluation Tool Ver 3.0 3.6.25.xlsx,Entry- Site SPOF Data,59,11,14,Valid
ATL02,4.0199999999999996,No,X,,Flex Asset EOL and Site Risk Evaluation Tool Ver 3.0 3.6.25.xlsx,Entry- Site SPOF Data,59,15,18,Valid
ATL03,4.0199999999999996,Yes,x,,Flex Asset EOL and Site Risk Evaluation Tool Ver 3.0 3.6.25.xlsx,Entry- Site SPOF Data,59,19,22,Valid
ATL04,4.0199999999999996,Yes,x,,Flex Asset EOL and Site Risk Evaluation Tool Ver 3.0 3.6.25.xlsx,Entry- Site SPOF Data,59,23,26,Valid
ATL05,4.0199999999999996,Yes,X,,Flex Asset EOL and Site Risk Evaluation Tool Ver 3.0 3.6.25.xlsx,Entry- Site SPOF Data,59,27,30,Valid
CIN01,4.0199999999999996,Yes,X,Different input breakers on main switchboard,Flex Asset EOL and Site Risk Evaluation Tool Ver 3.0 3.6.25.xlsx,Entry- Site SPOF Data,59,31,34,Valid
CIN02,4.0199999999999996,Yes,X,Different input breakers on main switchboard,Flex Asset EOL and Site Risk Evaluation Tool Ver 3.0 3.6.25.xlsx,Entry- Site SPOF Data,59,35,38,Valid
CLT01,4.0199999999999996,N/A,x,,Flex Asset EOL and Site Risk Evaluation Tool Ver 3.0 3.6.25.xlsx,Entry- Site SPOF Data,59,39,42,Valid
CLT02,4.0199999999999996,N/A,x,,Flex Asset EOL and Site Risk Evaluation Tool Ver 3.0 3.6.25.xlsx,Entry- Site SPOF Data,59,43,46,Valid
CLT03,4.0199999999999996,No,x,,Flex Asset EOL and Site Risk Evaluation Tool Ver 3.0 3.6.25.xlsx,Entry- Site SPOF Data,59,47,50,Valid
CLT04,4.0199999999999996,No,x,,Flex Asset EOL and Site Risk Evaluation Tool Ver 3.0 3.6.25.xlsx,Entry- Site SPOF Data,59,51,54,Valid
CLT05,4.0199999999999996,Yes,x,,Flex Asset EOL and Site Risk Evaluation Tool Ver 3.0 3.6.25.xlsx,Entry- Site SPOF Data,59,55,58,Valid
DAL01,4.0199999999999996,N/A,X,,Flex Asset EOL and Site Risk Evaluation Tool Ver 3.0 3.6.25.xlsx,Entry- Site SPOF Data,59,59,62,Valid
DAL02,4.0199999999999996,N/A,X,,Flex Asset EOL and Site Risk Evaluation Tool Ver 3.0 3.6.25.xlsx,Entry- Site SPOF Data,59,63,66,Valid
DAL03,4.0199999999999996,N/A,X,,Flex Asset EOL and Site Risk Evaluation Tool Ver 3.0 3.6.25.xlsx,Entry- Site SPOF Data,59,67,70,Valid
DAL04,4.0199999999999996,Yes,X,,Flex Asset EOL and Site Risk Evaluation Tool Ver 3.0 3.6.25.xlsx,Entry- Site SPOF Data,59,71,74,Valid
DAL05,4.0199999999999996,Yes,X,,Flex Asset EOL and Site Risk Evaluation Tool Ver 3.0 3.6.25.xlsx,Entry- Site SPOF Data,59,75,78,Valid
DEN02,4.0199999999999996,N/A,X,,Flex Asset EOL and Site Risk Evaluation Tool Ver 3.0 3.6.25.xlsx,Entry- Site SPOF Data,59,79,82,Valid
DEN03,4.0199999999999996,Yes,X,,Flex Asset EOL and Site Risk Evaluation Tool Ver 3.0 3.6.25.xlsx,Entry- Site SPOF Data,59,83,86,Valid
DEN05.01,4.0199999999999996,N/A,X,,Flex Asset EOL and Site Risk Evaluation Tool Ver 3.0 3.6.25.xlsx,Entry- Site SPOF Data,59,87,90,Valid
DEN05.02,4.0199999999999996,N/A,X,,Flex Asset EOL and Site Risk Evaluation Tool Ver 3.0 3.6.25.xlsx,Entry- Site SPOF Data,59,91,94,Valid
DEN11,4.0199999999999996,Yes,x,,Flex Asset EOL and Site Risk Evaluation Tool Ver 3.0 3.6.25.xlsx,Entry- Site SPOF Data,59,95,98,Valid
DFW01,4.0199999999999996,Yes,X,,Flex Asset EOL and Site Risk Evaluation Tool Ver 3.0 3.6.25.xlsx,Entry- Site SPOF Data,59,99,102,Valid
FLL01,4.0199999999999996,Yes,X,,Flex Asset EOL and Site Risk Evaluation Tool Ver 3.0 3.6.25.xlsx,Entry- Site SPOF Data,59,103,106,Valid
FLL02,4.0199999999999996,Yes,X,,Flex Asset EOL and Site Risk Evaluation Tool Ver 3.0 3.6.25.xlsx,Entry- Site SPOF Data,59,107,110,Valid
JAX01,4.0199999999999996,N/A,X,DX,Flex Asset EOL and Site Risk Evaluation Tool Ver 3.0 3.6.25.xlsx,Entry- Site SPOF Data,59,111,114,Valid
JAX02,4.0199999999999996,No,X,,Flex Asset EOL and Site Risk Evaluation Tool Ver 3.0 3.6.25.xlsx,Entry- Site SPOF Data,59,115,118,Valid
LAS03,4.0199999999999996,N/A,X,,Flex Asset EOL and Site Risk Evaluation Tool Ver 3.0 3.6.25.xlsx,Entry- Site SPOF Data,59,119,122,Valid
LAS04,4.0199999999999996,Yes,X,,Flex Asset EOL and Site Risk Evaluation Tool Ver 3.0 3.6.25.xlsx,Entry- Site SPOF Data,59,123,126,Valid
LAS05,4.0199999999999996,N/A,X,,Flex Asset EOL and Site Risk Evaluation Tool Ver 3.0 3.6.25.xlsx,Entry- Site SPOF Data,59,127,130,Valid
LOU02,4.0199999999999996,Yes,X,,Flex Asset EOL and Site Risk Evaluation Tool Ver 3.0 3.6.25.xlsx,Entry- Site SPOF Data,59,131,134,Valid
LOU03,4.0199999999999996,Yes,X,,Flex Asset EOL and Site Risk Evaluation Tool Ver 3.0 3.6.25.xlsx,Entry- Site SPOF Data,59,135,138,Valid
LOU04,4.0199999999999996,Yes,X,,Flex Asset EOL and Site Risk Evaluation Tool Ver 3.0 3.6.25.xlsx,Entry- Site SPOF Data,59,139,142,Valid
LOU05,4.0199999999999996,N/A,X,,Flex Asset EOL and Site Risk Evaluation Tool Ver 3.0 3.6.25.xlsx,Entry- Site SPOF Data,59,143,146,Valid
MSP01,4.0199999999999996,N/A,X,,Flex Asset EOL and Site Risk Evaluation Tool Ver 3.0 3.6.25.xlsx,Entry- Site SPOF Data,59,147,150,Valid
NAS01,4.0199999999999996,No,X,Site has drycoolers,Flex Asset EOL and Site Risk Evaluation Tool Ver 3.0 3.6.25.xlsx,Entry- Site SPOF Data,59,151,154,Valid
NAS02,4.0199999999999996,No,x,Single source,Flex Asset EOL and Site Risk Evaluation Tool Ver 3.0 3.6.25.xlsx,Entry- Site SPOF Data,59,155,158,Valid
NAS03,4.0199999999999996,No,x,Single source,Flex Asset EOL and Site Risk Evaluation Tool Ver 3.0 3.6.25.xlsx,Entry- Site SPOF Data,59,159,162,Valid
NAS04,4.0199999999999996,N/A,x,Site has drycoolers,Flex Asset EOL and Site Risk Evaluation Tool Ver 3.0 3.6.25.xlsx,Entry- Site SPOF Data,59,163,166,Valid
NAS05,4.0199999999999996,Yes,x,Duel Utilitys,Flex Asset EOL and Site Risk Evaluation Tool Ver 3.0 3.6.25.xlsx,Entry- Site SPOF Data,59,167,170,Valid
NAS06,4.0199999999999996,Yes,x,Duel Utilitys,Flex Asset EOL and Site Risk Evaluation Tool Ver 3.0 3.6.25.xlsx,Entry- Site SPOF Data,59,171,174,Valid
PDX01.01,4.0199999999999996,Yes,x,,Flex Asset EOL and Site Risk Evaluation Tool Ver 3.0 3.6.25.xlsx,Entry- Site SPOF Data,59,175,178,Valid
PDX01.02,4.0199999999999996,Yes,x,,Flex Asset EOL and Site Risk Evaluation Tool Ver 3.0 3.6.25.xlsx,Entry- Site SPOF Data,59,179,182,Valid
PDX02,4.0199999999999996,Yes,X,,Flex Asset EOL and Site Risk Evaluation Tool Ver 3.0 3.6.25.xlsx,Entry- Site SPOF Data,59,183,186,Valid
PDX03,4.0199999999999996,N/A,X,,Flex Asset EOL and Site Risk Evaluation Tool Ver 3.0 3.6.25.xlsx,Entry- Site SPOF Data,59,187,190,Valid
PDX04,4.0199999999999996,Yes,X,,Flex Asset EOL and Site Risk Evaluation Tool Ver 3.0 3.6.25.xlsx,Entry- Site SPOF Data,59,191,194,Valid
PHL01,4.0199999999999996,Yes,X,,Flex Asset EOL and Site Risk Evaluation Tool Ver 3.0 3.6.25.xlsx,Entry- Site SPOF Data,59,195,198,Valid
PHX01,4.0199999999999996,Yes,X,"ATS AT EACH CHILER LINE WITH DUAL FEEDS, TRANSFORMERS FEEDING EACH CHILLER LINE ALSO HAS ATS",Flex Asset EOL and Site Risk Evaluation Tool Ver 3.0 3.6.25.xlsx,Entry- Site SPOF Data,59,199,202,Valid
RAL01,4.0199999999999996,N/A,X,,Flex Asset EOL and Site Risk Evaluation Tool Ver 3.0 3.6.25.xlsx,Entry- Site SPOF Data,59,203,206,Valid
RAL02,4.0199999999999996,Yes,X,,Flex Asset EOL and Site Risk Evaluation Tool Ver 3.0 3.6.25.xlsx,Entry- Site SPOF Data,59,207,210,Valid
RAL03,4.0199999999999996,Yes,X,,Flex Asset EOL and Site Risk Evaluation Tool Ver 3.0 3.6.25.xlsx,Entry- Site SPOF Data,59,211,214,Valid
RCH01,4.0199999999999996,Yes,x,Ch-1 fed from swgr with Main tie Main configuration Ch-3 Fed from ATS 3 dual fed from MDSA and MDSB,Flex Asset EOL and Site Risk Evaluation Tool Ver 3.0 3.6.25.xlsx,Entry- Site SPOF Data,59,215,218,Valid
RIC01,4.0199999999999996,Yes,x,,Flex Asset EOL and Site Risk Evaluation Tool Ver 3.0 3.6.25.xlsx,Entry- Site SPOF Data,59,219,222,Valid
RIC02,4.0199999999999996,Yes,x,,Flex Asset EOL and Site Risk Evaluation Tool Ver 3.0 3.6.25.xlsx,Entry- Site SPOF Data,59,223,226,Valid
SLC03,4.0199999999999996,N/A,X,,Flex Asset EOL and Site Risk Evaluation Tool Ver 3.0 3.6.25.xlsx,Entry- Site SPOF Data,59,227,230,Valid
SLC04.01,4.0199999999999996,N/A,X,,Flex Asset EOL and Site Risk Evaluation Tool Ver 3.0 3.6.25.xlsx,Entry- Site SPOF Data,59,231,234,Valid
SLC04.02,4.0199999999999996,N/A,X,,Flex Asset EOL and Site Risk Evaluation Tool Ver 3.0 3.6.25.xlsx,Entry- Site SPOF Data,59,235,238,Valid
SLC04.03,4.0199999999999996,Yes,X,"In colo 3, HVAC is split between ""A"" and ""B"" sides of switchgear with diverse paths but single utility feed.",Flex Asset EOL and Site Risk Evaluation Tool Ver 3.0 3.6.25.xlsx,Entry- Site SPOF Data,59,239,242,Valid
SLC07,4.0199999999999996,N/A,X,,Flex Asset EOL and Site Risk Evaluation Tool Ver 3.0 3.6.25.xlsx,Entry- Site SPOF Data,59,243,246,Valid
SLC09,4.0199999999999996,N/A,X,,Flex Asset EOL and Site Risk Evaluation Tool Ver 3.0 3.6.25.xlsx,Entry- Site SPOF Data,59,247,250,Valid
SLC10,4.0199999999999996,Yes,X,,Flex Asset EOL and Site Risk Evaluation Tool Ver 3.0 3.6.25.xlsx,Entry- Site SPOF Data,59,251,254,Valid
TPA01,4.0199999999999996,Yes,X,,Flex Asset EOL and Site Risk Evaluation Tool Ver 3.0 3.6.25.xlsx,Entry- Site SPOF Data,59,255,258,Valid
TPA02,4.0199999999999996,Yes,X,,Flex Asset EOL and Site Risk Evaluation Tool Ver 3.0 3.6.25.xlsx,Entry- Site SPOF Data,59,259,262,Valid
TPA03,4.0199999999999996,Yes,X,,Flex Asset EOL and Site Risk Evaluation Tool Ver 3.0 3.6.25.xlsx,Entry- Site SPOF Data,59,263,266,Valid
TPA04,4.0199999999999996,Yes,X,,Flex Asset EOL and Site Risk Evaluation Tool Ver 3.0 3.6.25.xlsx,Entry- Site SPOF Data,59,267,270,Valid
ABE01,4.0299999999999994,Yes,x,,Flex Asset EOL and Site Risk Evaluation Tool Ver 3.0 3.6.25.xlsx,Entry- Site SPOF Data,60,7,10,Valid
ATL01,4.0299999999999994,Yes,X,,Flex Asset EOL and Site Risk Evaluation Tool Ver 3.0 3.6.25.xlsx,Entry- Site SPOF Data,60,11,14,Valid
ATL02,4.0299999999999994,Yes,X,,Flex Asset EOL and Site Risk Evaluation Tool Ver 3.0 3.6.25.xlsx,Entry- Site SPOF Data,60,15,18,Valid
ATL03,4.0299999999999994,Yes,x,,Flex Asset EOL and Site Risk Evaluation Tool Ver 3.0 3.6.25.xlsx,Entry- Site SPOF Data,60,19,22,Valid
ATL04,4.0299999999999994,Yes,x,,Flex Asset EOL and Site Risk Evaluation Tool Ver 3.0 3.6.25.xlsx,Entry- Site SPOF Data,60,23,26,Valid
ATL05,4.0299999999999994,Yes,X,,Flex Asset EOL and Site Risk Evaluation Tool Ver 3.0 3.6.25.xlsx,Entry- Site SPOF Data,60,27,30,Valid
CIN01,4.0299999999999994,Yes,X,,Flex Asset EOL and Site Risk Evaluation Tool Ver 3.0 3.6.25.xlsx,Entry- Site SPOF Data,60,31,34,Valid
CIN02,4.0299999999999994,Yes,X,,Flex Asset EOL and Site Risk Evaluation Tool Ver 3.0 3.6.25.xlsx,Entry- Site SPOF Data,60,35,38,Valid
CLT01,4.0299999999999994,Yes,x,,Flex Asset EOL and Site Risk Evaluation Tool Ver 3.0 3.6.25.xlsx,Entry- Site SPOF Data,60,39,42,Valid
CLT02,4.0299999999999994,Yes,x,,Flex Asset EOL and Site Risk Evaluation Tool Ver 3.0 3.6.25.xlsx,Entry- Site SPOF Data,60,43,46,Valid
CLT03,4.0299999999999994,Yes,x,,Flex Asset EOL and Site Risk Evaluation Tool Ver 3.0 3.6.25.xlsx,Entry- Site SPOF Data,60,47,50,Valid
CLT04,4.0299999999999994,Yes,x,,Flex Asset EOL and Site Risk Evaluation Tool Ver 3.0 3.6.25.xlsx,Entry- Site SPOF Data,60,51,54,Valid
CLT05,4.0299999999999994,Yes,x,,Flex Asset EOL and Site Risk Evaluation Tool Ver 3.0 3.6.25.xlsx,Entry- Site SPOF Data,60,55,58,Valid
DAL01,4.0299999999999994,Yes,X,,Flex Asset EOL and Site Risk Evaluation Tool Ver 3.0 3.6.25.xlsx,Entry- Site SPOF Data,60,59,62,Valid
DAL02,4.0299999999999994,Yes,X,,Flex Asset EOL and Site Risk Evaluation Tool Ver 3.0 3.6.25.xlsx,Entry- Site SPOF Data,60,63,66,Valid
DAL03,4.0299999999999994,Yes,X,,Flex Asset EOL and Site Risk Evaluation Tool Ver 3.0 3.6.25.xlsx,Entry- Site SPOF Data,60,67,70,Valid
DAL04,4.0299999999999994,Yes,X,,Flex Asset EOL and Site Risk Evaluation Tool Ver 3.0 3.6.25.xlsx,Entry- Site SPOF Data,60,71,74,Valid
DAL05,4.0299999999999994,Yes,X,,Flex Asset EOL and Site Risk Evaluation Tool Ver 3.0 3.6.25.xlsx,Entry- Site SPOF Data,60,75,78,Valid
DEN02,4.0299999999999994,Yes,X,,Flex Asset EOL and Site Risk Evaluation Tool Ver 3.0 3.6.25.xlsx,Entry- Site SPOF Data,60,79,82,Valid
DEN03,4.0299999999999994,Yes,X,,Flex Asset EOL and Site Risk Evaluation Tool Ver 3.0 3.6.25.xlsx,Entry- Site SPOF Data,60,83,86,Valid
DEN05.01,4.0299999999999994,Yes,X,,Flex Asset EOL and Site Risk Evaluation Tool Ver 3.0 3.6.25.xlsx,Entry- Site SPOF Data,60,87,90,Valid
DEN05.02,4.0299999999999994,Yes,X,,Flex Asset EOL and Site Risk Evaluation Tool Ver 3.0 3.6.25.xlsx,Entry- Site SPOF Data,60,91,94,Valid
DEN11,4.0299999999999994,Yes,x,,Flex Asset EOL and Site Risk Evaluation Tool Ver 3.0 3.6.25.xlsx,Entry- Site SPOF Data,60,95,98,Valid
DFW01,4.0299999999999994,Yes,X,,Flex Asset EOL and Site Risk Evaluation Tool Ver 3.0 3.6.25.xlsx,Entry- Site SPOF Data,60,99,102,Valid
FLL01,4.0299999999999994,Yes,X,,Flex Asset EOL and Site Risk Evaluation Tool Ver 3.0 3.6.25.xlsx,Entry- Site SPOF Data,60,103,106,Valid
FLL02,4.0299999999999994,Yes,X,,Flex Asset EOL and Site Risk Evaluation Tool Ver 3.0 3.6.25.xlsx,Entry- Site SPOF Data,60,107,110,Valid
JAX01,4.0299999999999994,Yes,X,,Flex Asset EOL and Site Risk Evaluation Tool Ver 3.0 3.6.25.xlsx,Entry- Site SPOF Data,60,111,114,Valid
JAX02,4.0299999999999994,Yes,X,,Flex Asset EOL and Site Risk Evaluation Tool Ver 3.0 3.6.25.xlsx,Entry- Site SPOF Data,60,115,118,Valid
LAS03,4.0299999999999994,Yes,X,,Flex Asset EOL and Site Risk Evaluation Tool Ver 3.0 3.6.25.xlsx,Entry- Site SPOF Data,60,119,122,Valid
LAS04,4.0299999999999994,Yes,X,,Flex Asset EOL and Site Risk Evaluation Tool Ver 3.0 3.6.25.xlsx,Entry- Site SPOF Data,60,123,126,Valid
LAS05,4.0299999999999994,Yes,X,,Flex Asset EOL and Site Risk Evaluation Tool Ver 3.0 3.6.25.xlsx,Entry- Site SPOF Data,60,127,130,Valid
LOU02,4.0299999999999994,Yes,X,,Flex Asset EOL and Site Risk Evaluation Tool Ver 3.0 3.6.25.xlsx,Entry- Site SPOF Data,60,131,134,Valid
LOU03,4.0299999999999994,Yes,X,,Flex Asset EOL and Site Risk Evaluation Tool Ver 3.0 3.6.25.xlsx,Entry- Site SPOF Data,60,135,138,Valid
LOU04,4.0299999999999994,Yes,X,,Flex Asset EOL and Site Risk Evaluation Tool Ver 3.0 3.6.25.xlsx,Entry- Site SPOF Data,60,139,142,Valid
LOU05,4.0299999999999994,Yes,X,,Flex Asset EOL and Site Risk Evaluation Tool Ver 3.0 3.6.25.xlsx,Entry- Site SPOF Data,60,143,146,Valid
MSP01,4.0299999999999994,Yes,X,,Flex Asset EOL and Site Risk Evaluation Tool Ver 3.0 3.6.25.xlsx,Entry- Site SPOF Data,60,147,150,Valid
NAS01,4.0299999999999994,No,X,,Flex Asset EOL and Site Risk Evaluation Tool Ver 3.0 3.6.25.xlsx,Entry- Site SPOF Data,60,151,154,Valid
NAS02,4.0299999999999994,Yes,x,,Flex Asset EOL and Site Risk Evaluation Tool Ver 3.0 3.6.25.xlsx,Entry- Site SPOF Data,60,155,158,Valid
NAS03,4.0299999999999994,Yes,X,,Flex Asset EOL and Site Risk Evaluation Tool Ver 3.0 3.6.25.xlsx,Entry- Site SPOF Data,60,159,162,Valid
NAS04,4.0299999999999994,Yes,X,,Flex Asset EOL and Site Risk Evaluation Tool Ver 3.0 3.6.25.xlsx,Entry- Site SPOF Data,60,163,166,Valid
NAS05,4.0299999999999994,Yes,X,,Flex Asset EOL and Site Risk Evaluation Tool Ver 3.0 3.6.25.xlsx,Entry- Site SPOF Data,60,167,170,Valid
NAS06,4.0299999999999994,Yes,X,,Flex Asset EOL and Site Risk Evaluation Tool Ver 3.0 3.6.25.xlsx,Entry- Site SPOF Data,60,171,174,Valid
PDX01.01,4.0299999999999994,Yes,X,,Flex Asset EOL and Site Risk Evaluation Tool Ver 3.0 3.6.25.xlsx,Entry- Site SPOF Data,60,175,178,Valid
PDX01.02,4.0299999999999994,Yes,X,,Flex Asset EOL and Site Risk Evaluation Tool Ver 3.0 3.6.25.xlsx,Entry- Site SPOF Data,60,179,182,Valid
PDX02,4.0299999999999994,Yes,X,,Flex Asset EOL and Site Risk Evaluation Tool Ver 3.0 3.6.25.xlsx,Entry- Site SPOF Data,60,183,186,Valid
PDX03,4.0299999999999994,Yes,X,,Flex Asset EOL and Site Risk Evaluation Tool Ver 3.0 3.6.25.xlsx,Entry- Site SPOF Data,60,187,190,Valid
PDX04,4.0299999999999994,Yes,X,,Flex Asset EOL and Site Risk Evaluation Tool Ver 3.0 3.6.25.xlsx,Entry- Site SPOF Data,60,191,194,Valid
PHL01,4.0299999999999994,Yes,X,,Flex Asset EOL and Site Risk Evaluation Tool Ver 3.0 3.6.25.xlsx,Entry- Site SPOF Data,60,195,198,Valid
PHX01,4.0299999999999994,Yes,X,,Flex Asset EOL and Site Risk Evaluation Tool Ver 3.0 3.6.25.xlsx,Entry- Site SPOF Data,60,199,202,Valid
RAL01,4.0299999999999994,Yes,X,,Flex Asset EOL and Site Risk Evaluation Tool Ver 3.0 3.6.25.xlsx,Entry- Site SPOF Data,60,203,206,Valid
RAL02,4.0299999999999994,Yes,X,,Flex Asset EOL and Site Risk Evaluation Tool Ver 3.0 3.6.25.xlsx,Entry- Site SPOF Data,60,207,210,Valid
RAL03,4.0299999999999994,Yes,X,,Flex Asset EOL and Site Risk Evaluation Tool Ver 3.0 3.6.25.xlsx,Entry- Site SPOF Data,60,211,214,Valid
RCH01,4.0299999999999994,Yes,x,,Flex Asset EOL and Site Risk Evaluation Tool Ver 3.0 3.6.25.xlsx,Entry- Site SPOF Data,60,215,218,Valid
RIC01,4.0299999999999994,Yes,x,,Flex Asset EOL and Site Risk Evaluation Tool Ver 3.0 3.6.25.xlsx,Entry- Site SPOF Data,60,219,222,Valid
RIC02,4.0299999999999994,Yes,x,,Flex Asset EOL and Site Risk Evaluation Tool Ver 3.0 3.6.25.xlsx,Entry- Site SPOF Data,60,223,226,Valid
SLC03,4.0299999999999994,Yes,X,,Flex Asset EOL and Site Risk Evaluation Tool Ver 3.0 3.6.25.xlsx,Entry- Site SPOF Data,60,227,230,Valid
SLC04.01,4.0299999999999994,Yes,X,,Flex Asset EOL and Site Risk Evaluation Tool Ver 3.0 3.6.25.xlsx,Entry- Site SPOF Data,60,231,234,Valid
SLC04.02,4.0299999999999994,Yes,X,,Flex Asset EOL and Site Risk Evaluation Tool Ver 3.0 3.6.25.xlsx,Entry- Site SPOF Data,60,235,238,Valid
SLC04.03,4.0299999999999994,Yes,X,,Flex Asset EOL and Site Risk Evaluation Tool Ver 3.0 3.6.25.xlsx,Entry- Site SPOF Data,60,239,242,Valid
SLC07,4.0299999999999994,Yes,X,,Flex Asset EOL and Site Risk Evaluation Tool Ver 3.0 3.6.25.xlsx,Entry- Site SPOF Data,60,243,246,Valid
SLC09,4.0299999999999994,Yes,X,,Flex Asset EOL and Site Risk Evaluation Tool Ver 3.0 3.6.25.xlsx,Entry- Site SPOF Data,60,247,250,Valid
SLC10,4.0299999999999994,Yes,X,,Flex Asset EOL and Site Risk Evaluation Tool Ver 3.0 3.6.25.xlsx,Entry- Site SPOF Data,60,251,254,Valid
TPA01,4.0299999999999994,Yes,X,,Flex Asset EOL and Site Risk Evaluation Tool Ver 3.0 3.6.25.xlsx,Entry- Site SPOF Data,60,255,258,Valid
TPA02,4.0299999999999994,Yes,X,,Flex Asset EOL and Site Risk Evaluation Tool Ver 3.0 3.6.25.xlsx,Entry- Site SPOF Data,60,259,262,Valid
TPA03,4.0299999999999994,Yes,X,,Flex Asset EOL and Site Risk Evaluation Tool Ver 3.0 3.6.25.xlsx,Entry- Site SPOF Data,60,263,266,Valid
TPA04,4.0299999999999994,Yes,X,,Flex Asset EOL and Site Risk Evaluation Tool Ver 3.0 3.6.25.xlsx,Entry- Site SPOF Data,60,267,270,Valid
ABE01,4.0399999999999991,No,x,,Flex Asset EOL and Site Risk Evaluation Tool Ver 3.0 3.6.25.xlsx,Entry- Site SPOF Data,61,7,10,Valid
ATL01,4.0399999999999991,N/A,X,,Flex Asset EOL and Site Risk Evaluation Tool Ver 3.0 3.6.25.xlsx,Entry- Site SPOF Data,61,11,14,Valid
ATL02,4.0399999999999991,Yes,X,,Flex Asset EOL and Site Risk Evaluation Tool Ver 3.0 3.6.25.xlsx,Entry- Site SPOF Data,61,15,18,Valid
ATL03,4.0399999999999991,Yes,x,,Flex Asset EOL and Site Risk Evaluation Tool Ver 3.0 3.6.25.xlsx,Entry- Site SPOF Data,61,19,22,Valid
ATL04,4.0399999999999991,Yes,x,some are dual feed,Flex Asset EOL and Site Risk Evaluation Tool Ver 3.0 3.6.25.xlsx,Entry- Site SPOF Data,61,23,26,Valid
ATL05,4.0399999999999991,Yes,X,,Flex Asset EOL and Site Risk Evaluation Tool Ver 3.0 3.6.25.xlsx,Entry- Site SPOF Data,61,27,30,Valid
CIN01,4.0399999999999991,Yes,X,,Flex Asset EOL and Site Risk Evaluation Tool Ver 3.0 3.6.25.xlsx,Entry- Site SPOF Data,61,31,34,Valid
CIN02,4.0399999999999991,Yes,X,,Flex Asset EOL and Site Risk Evaluation Tool Ver 3.0 3.6.25.xlsx,Entry- Site SPOF Data,61,35,38,Valid
CLT01,4.0399999999999991,No,x,,Flex Asset EOL and Site Risk Evaluation Tool Ver 3.0 3.6.25.xlsx,Entry- Site SPOF Data,61,39,42,Valid
CLT02,4.0399999999999991,No,x,,Flex Asset EOL and Site Risk Evaluation Tool Ver 3.0 3.6.25.xlsx,Entry- Site SPOF Data,61,43,46,Valid
CLT03,4.0399999999999991,No,x,,Flex Asset EOL and Site Risk Evaluation Tool Ver 3.0 3.6.25.xlsx,Entry- Site SPOF Data,61,47,50,Valid
CLT04,4.0399999999999991,No,x,,Flex Asset EOL and Site Risk Evaluation Tool Ver 3.0 3.6.25.xlsx,Entry- Site SPOF Data,61,51,54,Valid
CLT05,4.0399999999999991,Yes,x,,Flex Asset EOL and Site Risk Evaluation Tool Ver 3.0 3.6.25.xlsx,Entry- Site SPOF Data,61,55,58,Valid
DAL01,4.0399999999999991,No,X,,Flex Asset EOL and Site Risk Evaluation Tool Ver 3.0 3.6.25.xlsx,Entry- Site SPOF Data,61,59,62,Valid
DAL02,4.0399999999999991,No,X,,Flex Asset EOL and Site Risk Evaluation Tool Ver 3.0 3.6.25.xlsx,Entry- Site SPOF Data,61,63,66,Valid
DAL03,4.0399999999999991,No,X,,Flex Asset EOL and Site Risk Evaluation Tool Ver 3.0 3.6.25.xlsx,Entry- Site SPOF Data,61,67,70,Valid
DAL04,4.0399999999999991,Yes,X,,Flex Asset EOL and Site Risk Evaluation Tool Ver 3.0 3.6.25.xlsx,Entry- Site SPOF Data,61,71,74,Valid
DAL05,4.0399999999999991,Yes,X,,Flex Asset EOL and Site Risk Evaluation Tool Ver 3.0 3.6.25.xlsx,Entry- Site SPOF Data,61,75,78,Valid
DEN02,4.0399999999999991,Yes,X,,Flex Asset EOL and Site Risk Evaluation Tool Ver 3.0 3.6.25.xlsx,Entry- Site SPOF Data,61,79,82,Valid
DEN03,4.0399999999999991,Yes,X,,Flex Asset EOL and Site Risk Evaluation Tool Ver 3.0 3.6.25.xlsx,Entry- Site SPOF Data,61,83,86,Valid
DEN05.01,4.0399999999999991,Yes,X,,Flex Asset EOL and Site Risk Evaluation Tool Ver 3.0 3.6.25.xlsx,Entry- Site SPOF Data,61,87,90,Valid
DEN05.02,4.0399999999999991,Yes,X,,Flex Asset EOL and Site Risk Evaluation Tool Ver 3.0 3.6.25.xlsx,Entry- Site SPOF Data,61,91,94,Valid
DEN11,4.0399999999999991,Yes,x,,Flex Asset EOL and Site Risk Evaluation Tool Ver 3.0 3.6.25.xlsx,Entry- Site SPOF Data,61,95,98,Valid
DFW01,4.0399999999999991,Yes,X,,Flex Asset EOL and Site Risk Evaluation Tool Ver 3.0 3.6.25.xlsx,Entry- Site SPOF Data,61,99,102,Valid
FLL01,4.0399999999999991,Yes,X,,Flex Asset EOL and Site Risk Evaluation Tool Ver 3.0 3.6.25.xlsx,Entry- Site SPOF Data,61,103,106,Valid
FLL02,4.0399999999999991,Yes,X,,Flex Asset EOL and Site Risk Evaluation Tool Ver 3.0 3.6.25.xlsx,Entry- Site SPOF Data,61,107,110,Valid
JAX01,4.0399999999999991,No,X,,Flex Asset EOL and Site Risk Evaluation Tool Ver 3.0 3.6.25.xlsx,Entry- Site SPOF Data,61,111,114,Valid
JAX02,4.0399999999999991,No,X,,Flex Asset EOL and Site Risk Evaluation Tool Ver 3.0 3.6.25.xlsx,Entry- Site SPOF Data,61,115,118,Valid
LAS03,4.0399999999999991,No,X,,Flex Asset EOL and Site Risk Evaluation Tool Ver 3.0 3.6.25.xlsx,Entry- Site SPOF Data,61,119,122,Valid
LAS04,4.0399999999999991,Yes,X,,Flex Asset EOL and Site Risk Evaluation Tool Ver 3.0 3.6.25.xlsx,Entry- Site SPOF Data,61,123,126,Valid
LAS05,4.0399999999999991,No,X,,Flex Asset EOL and Site Risk Evaluation Tool Ver 3.0 3.6.25.xlsx,Entry- Site SPOF Data,61,127,130,Valid
LOU02,4.0399999999999991,Yes,X,,Flex Asset EOL and Site Risk Evaluation Tool Ver 3.0 3.6.25.xlsx,Entry- Site SPOF Data,61,131,134,Valid
LOU03,4.0399999999999991,Yes,X,,Flex Asset EOL and Site Risk Evaluation Tool Ver 3.0 3.6.25.xlsx,Entry- Site SPOF Data,61,135,138,Valid
LOU04,4.0399999999999991,Yes,X,,Flex Asset EOL and Site Risk Evaluation Tool Ver 3.0 3.6.25.xlsx,Entry- Site SPOF Data,61,139,142,Valid
LOU05,4.0399999999999991,Yes,X,,Flex Asset EOL and Site Risk Evaluation Tool Ver 3.0 3.6.25.xlsx,Entry- Site SPOF Data,61,143,146,Valid
MSP01,4.0399999999999991,Yes,X,"As of today yes, as of full load no. Intent to install trasnfer switched during phase 5 buildout.",Flex Asset EOL and Site Risk Evaluation Tool Ver 3.0 3.6.25.xlsx,Entry- Site SPOF Data,61,147,150,Valid
NAS01,4.0399999999999991,No,X,Utility/ Generator,Flex Asset EOL and Site Risk Evaluation Tool Ver 3.0 3.6.25.xlsx,Entry- Site SPOF Data,61,151,154,Valid
NAS02,4.0399999999999991,No,x,Single source,Flex Asset EOL and Site Risk Evaluation Tool Ver 3.0 3.6.25.xlsx,Entry- Site SPOF Data,61,155,158,Valid
NAS03,4.0399999999999991,No,X,Single source,Flex Asset EOL and Site Risk Evaluation Tool Ver 3.0 3.6.25.xlsx,Entry- Site SPOF Data,61,159,162,Valid
NAS04,4.0399999999999991,No,X,Single source,Flex Asset EOL and Site Risk Evaluation Tool Ver 3.0 3.6.25.xlsx,Entry- Site SPOF Data,61,163,166,Valid
NAS05,4.0399999999999991,Yes,X,Duel utilitys along with duel power supply on some,Flex Asset EOL and Site Risk Evaluation Tool Ver 3.0 3.6.25.xlsx,Entry- Site SPOF Data,61,167,170,Valid
NAS06,4.0399999999999991,Yes,X,Duel utilitys along with duel power supply on some,Flex Asset EOL and Site Risk Evaluation Tool Ver 3.0 3.6.25.xlsx,Entry- Site SPOF Data,61,171,174,Valid
PDX01.01,4.0399999999999991,Yes,X,,Flex Asset EOL and Site Risk Evaluation Tool Ver 3.0 3.6.25.xlsx,Entry- Site SPOF Data,61,175,178,Valid
PDX01.02,4.0399999999999991,Yes,X,,Flex Asset EOL and Site Risk Evaluation Tool Ver 3.0 3.6.25.xlsx,Entry- Site SPOF Data,61,179,182,Valid
PDX02,4.0399999999999991,Yes,X,,Flex Asset EOL and Site Risk Evaluation Tool Ver 3.0 3.6.25.xlsx,Entry- Site SPOF Data,61,183,186,Valid
PDX03,4.0399999999999991,Yes,X,,Flex Asset EOL and Site Risk Evaluation Tool Ver 3.0 3.6.25.xlsx,Entry- Site SPOF Data,61,187,190,Valid
PDX04,4.0399999999999991,Yes,X,,Flex Asset EOL and Site Risk Evaluation Tool Ver 3.0 3.6.25.xlsx,Entry- Site SPOF Data,61,191,194,Valid
PHL01,4.0399999999999991,Yes,X,,Flex Asset EOL and Site Risk Evaluation Tool Ver 3.0 3.6.25.xlsx,Entry- Site SPOF Data,61,195,198,Valid
PHX01,4.0399999999999991,Yes,X,ALL UNITS HAVE DUAL POWER,Flex Asset EOL and Site Risk Evaluation Tool Ver 3.0 3.6.25.xlsx,Entry- Site SPOF Data,61,199,202,Valid
RAL01,4.0399999999999991,Yes,X,,Flex Asset EOL and Site Risk Evaluation Tool Ver 3.0 3.6.25.xlsx,Entry- Site SPOF Data,61,203,206,Valid
RAL02,4.0399999999999991,Yes,X,,Flex Asset EOL and Site Risk Evaluation Tool Ver 3.0 3.6.25.xlsx,Entry- Site SPOF Data,61,207,210,Valid
RAL03,4.0399999999999991,Yes,X,,Flex Asset EOL and Site Risk Evaluation Tool Ver 3.0 3.6.25.xlsx,Entry- Site SPOF Data,61,211,214,Valid
RCH01,4.0399999999999991,Yes,x,,Flex Asset EOL and Site Risk Evaluation Tool Ver 3.0 3.6.25.xlsx,Entry- Site SPOF Data,61,215,218,Valid
RIC01,4.0399999999999991,Yes,x,,Flex Asset EOL and Site Risk Evaluation Tool Ver 3.0 3.6.25.xlsx,Entry- Site SPOF Data,61,219,222,Valid
RIC02,4.0399999999999991,Yes,x,,Flex Asset EOL and Site Risk Evaluation Tool Ver 3.0 3.6.25.xlsx,Entry- Site SPOF Data,61,223,226,Valid
SLC03,4.0399999999999991,Yes,X,"We power our cooling devices  equally spread out across our utility source. All of our cooling devices are grouped together per colo and powered on or close to the same power panel. Some on main boards and other on feeder boards. For the ones on the feeder boards if we lost the main breaker, we have no backup. The question is asking for N when all of the electrical connections are single path from the ATS. This means that as long as the ATS has dual sources then the devices have dual sources. I bring this up as alot of our equipment was designed to have dual sources supplied, and we do not have that infrastructue inplace.",Flex Asset EOL and Site Risk Evaluation Tool Ver 3.0 3.6.25.xlsx,Entry- Site SPOF Data,61,227,230,Valid
SLC04.01,4.0399999999999991,No,X,"HVAC is distributed through multiple distribution panels, but have the same upstream breaker.",Flex Asset EOL and Site Risk Evaluation Tool Ver 3.0 3.6.25.xlsx,Entry- Site SPOF Data,61,231,234,Valid
SLC04.02,4.0399999999999991,No,X,"HVAC is distributed through multiple distribution panels, but have the same upstream breaker.",Flex Asset EOL and Site Risk Evaluation Tool Ver 3.0 3.6.25.xlsx,Entry- Site SPOF Data,61,235,238,Valid
SLC04.03,4.0399999999999991,No,X,"In colo 3, HVAC is split between ""A"" and ""B"" sides of switchgear with diverse paths but single utility feed.",Flex Asset EOL and Site Risk Evaluation Tool Ver 3.0 3.6.25.xlsx,Entry- Site SPOF Data,61,239,242,Valid
SLC07,4.0399999999999991,No,X,,Flex Asset EOL and Site Risk Evaluation Tool Ver 3.0 3.6.25.xlsx,Entry- Site SPOF Data,61,243,246,Valid
SLC09,4.0399999999999991,Yes,X,"We power our cooling devices  equally spread out across our utility source. All of our cooling devices are grouped together per colo and powered on or close to the same power panel. Some on main boards and other on feeder boards. For the ones on the feeder boards if we lost the main breaker, we have no backup. The question asking for N when all of the electrical connections are single path from the ATS. This means that as long as the ATS has dual sources then the devices have dual sources. I bring this up as alot of our equipment was designed to have dual sources supplied, and we do not have that infrastructue inplace.",Flex Asset EOL and Site Risk Evaluation Tool Ver 3.0 3.6.25.xlsx,Entry- Site SPOF Data,61,247,250,Valid
SLC10,4.0399999999999991,Yes,X,"We power our cooling devices  equally spread out across our utility source. All of our cooling devices are grouped together per colo and powered on or close to the same power panel. Some on main boards and other on feeder boards. For the ones on the feeder boards if we lost the main breaker, we have no backup. The question is asking for N when all of the electrical connections are single path from the ATS. This means that as long as the ATS has dual sources then the devices have dual sources. I bring this up as alot of our equipment was designed to have dual sources supplied, and we do not have that infrastructue inplace.",Flex Asset EOL and Site Risk Evaluation Tool Ver 3.0 3.6.25.xlsx,Entry- Site SPOF Data,61,251,254,Valid
TPA01,4.0399999999999991,Yes,X,,Flex Asset EOL and Site Risk Evaluation Tool Ver 3.0 3.6.25.xlsx,Entry- Site SPOF Data,61,255,258,Valid
TPA02,4.0399999999999991,Yes,X,,Flex Asset EOL and Site Risk Evaluation Tool Ver 3.0 3.6.25.xlsx,Entry- Site SPOF Data,61,259,262,Valid
TPA03,4.0399999999999991,Yes,X,,Flex Asset EOL and Site Risk Evaluation Tool Ver 3.0 3.6.25.xlsx,Entry- Site SPOF Data,61,263,266,Valid
TPA04,4.0399999999999991,Yes,X,,Flex Asset EOL and Site Risk Evaluation Tool Ver 3.0 3.6.25.xlsx,Entry- Site SPOF Data,61,267,270,Valid
ABE01,4.0499999999999989,N/A,x,,Flex Asset EOL and Site Risk Evaluation Tool Ver 3.0 3.6.25.xlsx,Entry- Site SPOF Data,62,7,10,Valid
ATL01,4.0499999999999989,N/A,X,,Flex Asset EOL and Site Risk Evaluation Tool Ver 3.0 3.6.25.xlsx,Entry- Site SPOF Data,62,11,14,Valid
ATL02,4.0499999999999989,Yes,X,,Flex Asset EOL and Site Risk Evaluation Tool Ver 3.0 3.6.25.xlsx,Entry- Site SPOF Data,62,15,18,Valid
ATL03,4.0499999999999989,Yes,x,,Flex Asset EOL and Site Risk Evaluation Tool Ver 3.0 3.6.25.xlsx,Entry- Site SPOF Data,62,19,22,Valid
ATL04,4.0499999999999989,Yes,x,,Flex Asset EOL and Site Risk Evaluation Tool Ver 3.0 3.6.25.xlsx,Entry- Site SPOF Data,62,23,26,Valid
ATL05,4.0499999999999989,Yes,X,,Flex Asset EOL and Site Risk Evaluation Tool Ver 3.0 3.6.25.xlsx,Entry- Site SPOF Data,62,27,30,Valid
CIN01,4.0499999999999989,Yes,X,,Flex Asset EOL and Site Risk Evaluation Tool Ver 3.0 3.6.25.xlsx,Entry- Site SPOF Data,62,31,34,Valid
CIN02,4.0499999999999989,Yes,X,,Flex Asset EOL and Site Risk Evaluation Tool Ver 3.0 3.6.25.xlsx,Entry- Site SPOF Data,62,35,38,Valid
CLT01,4.0499999999999989,N/A,x,,Flex Asset EOL and Site Risk Evaluation Tool Ver 3.0 3.6.25.xlsx,Entry- Site SPOF Data,62,39,42,Valid
CLT02,4.0499999999999989,N/A,x,,Flex Asset EOL and Site Risk Evaluation Tool Ver 3.0 3.6.25.xlsx,Entry- Site SPOF Data,62,43,46,Valid
CLT03,4.0499999999999989,Yes,x,,Flex Asset EOL and Site Risk Evaluation Tool Ver 3.0 3.6.25.xlsx,Entry- Site SPOF Data,62,47,50,Valid
CLT04,4.0499999999999989,Yes,x,,Flex Asset EOL and Site Risk Evaluation Tool Ver 3.0 3.6.25.xlsx,Entry- Site SPOF Data,62,51,54,Valid
CLT05,4.0499999999999989,Yes,x,,Flex Asset EOL and Site Risk Evaluation Tool Ver 3.0 3.6.25.xlsx,Entry- Site SPOF Data,62,55,58,Valid
DAL01,4.0499999999999989,N/A,X,,Flex Asset EOL and Site Risk Evaluation Tool Ver 3.0 3.6.25.xlsx,Entry- Site SPOF Data,62,59,62,Valid
DAL02,4.0499999999999989,N/A,X,,Flex Asset EOL and Site Risk Evaluation Tool Ver 3.0 3.6.25.xlsx,Entry- Site SPOF Data,62,63,66,Valid
DAL03,4.0499999999999989,N/A,X,,Flex Asset EOL and Site Risk Evaluation Tool Ver 3.0 3.6.25.xlsx,Entry- Site SPOF Data,62,67,70,Valid
DAL04,4.0499999999999989,Yes,X,,Flex Asset EOL and Site Risk Evaluation Tool Ver 3.0 3.6.25.xlsx,Entry- Site SPOF Data,62,71,74,Valid
DAL05,4.0499999999999989,Yes,X,,Flex Asset EOL and Site Risk Evaluation Tool Ver 3.0 3.6.25.xlsx,Entry- Site SPOF Data,62,75,78,Valid
DEN02,4.0499999999999989,Yes,X,,Flex Asset EOL and Site Risk Evaluation Tool Ver 3.0 3.6.25.xlsx,Entry- Site SPOF Data,62,79,82,Valid
DEN03,4.0499999999999989,Yes,X,,Flex Asset EOL and Site Risk Evaluation Tool Ver 3.0 3.6.25.xlsx,Entry- Site SPOF Data,62,83,86,Valid
DEN05.01,4.0499999999999989,N/A,X,,Flex Asset EOL and Site Risk Evaluation Tool Ver 3.0 3.6.25.xlsx,Entry- Site SPOF Data,62,87,90,Valid
DEN05.02,4.0499999999999989,N/A,X,,Flex Asset EOL and Site Risk Evaluation Tool Ver 3.0 3.6.25.xlsx,Entry- Site SPOF Data,62,91,94,Valid
DEN11,4.0499999999999989,N/A,x,,Flex Asset EOL and Site Risk Evaluation Tool Ver 3.0 3.6.25.xlsx,Entry- Site SPOF Data,62,95,98,Valid
DFW01,4.0499999999999989,Yes,X,,Flex Asset EOL and Site Risk Evaluation Tool Ver 3.0 3.6.25.xlsx,Entry- Site SPOF Data,62,99,102,Valid
FLL01,4.0499999999999989,Yes,X,,Flex Asset EOL and Site Risk Evaluation Tool Ver 3.0 3.6.25.xlsx,Entry- Site SPOF Data,62,103,106,Valid
FLL02,4.0499999999999989,Yes,X,,Flex Asset EOL and Site Risk Evaluation Tool Ver 3.0 3.6.25.xlsx,Entry- Site SPOF Data,62,107,110,Valid
JAX01,4.0499999999999989,N/A,X,DX,Flex Asset EOL and Site Risk Evaluation Tool Ver 3.0 3.6.25.xlsx,Entry- Site SPOF Data,62,111,114,Valid
JAX02,4.0499999999999989,Yes,X,,Flex Asset EOL and Site Risk Evaluation Tool Ver 3.0 3.6.25.xlsx,Entry- Site SPOF Data,62,115,118,Valid
LAS03,4.0499999999999989,N/A,X,,Flex Asset EOL and Site Risk Evaluation Tool Ver 3.0 3.6.25.xlsx,Entry- Site SPOF Data,62,119,122,Valid
LAS04,4.0499999999999989,Yes,X,,Flex Asset EOL and Site Risk Evaluation Tool Ver 3.0 3.6.25.xlsx,Entry- Site SPOF Data,62,123,126,Valid
LAS05,4.0499999999999989,N/A,X,,Flex Asset EOL and Site Risk Evaluation Tool Ver 3.0 3.6.25.xlsx,Entry- Site SPOF Data,62,127,130,Valid
LOU02,4.0499999999999989,Yes,X,,Flex Asset EOL and Site Risk Evaluation Tool Ver 3.0 3.6.25.xlsx,Entry- Site SPOF Data,62,131,134,Valid
LOU03,4.0499999999999989,Yes,X,,Flex Asset EOL and Site Risk Evaluation Tool Ver 3.0 3.6.25.xlsx,Entry- Site SPOF Data,62,135,138,Valid
LOU04,4.0499999999999989,Yes,X,,Flex Asset EOL and Site Risk Evaluation Tool Ver 3.0 3.6.25.xlsx,Entry- Site SPOF Data,62,139,142,Valid
LOU05,4.0499999999999989,N/A,X,,Flex Asset EOL and Site Risk Evaluation Tool Ver 3.0 3.6.25.xlsx,Entry- Site SPOF Data,62,143,146,Valid
MSP01,4.0499999999999989,N/A,X,,Flex Asset EOL and Site Risk Evaluation Tool Ver 3.0 3.6.25.xlsx,Entry- Site SPOF Data,62,147,150,Valid
NAS01,4.0499999999999989,Yes,x,,Flex Asset EOL and Site Risk Evaluation Tool Ver 3.0 3.6.25.xlsx,Entry- Site SPOF Data,62,151,154,Valid
NAS02,4.0499999999999989,Yes,x,3 pumps,Flex Asset EOL and Site Risk Evaluation Tool Ver 3.0 3.6.25.xlsx,Entry- Site SPOF Data,62,155,158,Valid
NAS03,4.0499999999999989,Yes,x,3 pumps,Flex Asset EOL and Site Risk Evaluation Tool Ver 3.0 3.6.25.xlsx,Entry- Site SPOF Data,62,159,162,Valid
NAS04,4.0499999999999989,Yes,x,,Flex Asset EOL and Site Risk Evaluation Tool Ver 3.0 3.6.25.xlsx,Entry- Site SPOF Data,62,163,166,Valid
NAS05,4.0499999999999989,Yes,x,,Flex Asset EOL and Site Risk Evaluation Tool Ver 3.0 3.6.25.xlsx,Entry- Site SPOF Data,62,167,170,Valid
NAS06,4.0499999999999989,Yes,x,,Flex Asset EOL and Site Risk Evaluation Tool Ver 3.0 3.6.25.xlsx,Entry- Site SPOF Data,62,171,174,Valid
PDX01.01,4.0499999999999989,Yes,x,,Flex Asset EOL and Site Risk Evaluation Tool Ver 3.0 3.6.25.xlsx,Entry- Site SPOF Data,62,175,178,Valid
PDX01.02,4.0499999999999989,Yes,x,,Flex Asset EOL and Site Risk Evaluation Tool Ver 3.0 3.6.25.xlsx,Entry- Site SPOF Data,62,179,182,Valid
PDX02,4.0499999999999989,N/A,X,,Flex Asset EOL and Site Risk Evaluation Tool Ver 3.0 3.6.25.xlsx,Entry- Site SPOF Data,62,183,186,Valid
PDX03,4.0499999999999989,N/A,X,No CHWP's at PDX03,Flex Asset EOL and Site Risk Evaluation Tool Ver 3.0 3.6.25.xlsx,Entry- Site SPOF Data,62,187,190,Valid
PDX04,4.0499999999999989,Yes,X,,Flex Asset EOL and Site Risk Evaluation Tool Ver 3.0 3.6.25.xlsx,Entry- Site SPOF Data,62,191,194,Valid
PHL01,4.0499999999999989,Yes,X,,Flex Asset EOL and Site Risk Evaluation Tool Ver 3.0 3.6.25.xlsx,Entry- Site SPOF Data,62,195,198,Valid
PHX01,4.0499999999999989,Yes,X,,Flex Asset EOL and Site Risk Evaluation Tool Ver 3.0 3.6.25.xlsx,Entry- Site SPOF Data,62,199,202,Valid
RAL01,4.0499999999999989,N/A,X,,Flex Asset EOL and Site Risk Evaluation Tool Ver 3.0 3.6.25.xlsx,Entry- Site SPOF Data,62,203,206,Valid
RAL02,4.0499999999999989,Yes,X,,Flex Asset EOL and Site Risk Evaluation Tool Ver 3.0 3.6.25.xlsx,Entry- Site SPOF Data,62,207,210,Valid
RAL03,4.0499999999999989,Yes,X,,Flex Asset EOL and Site Risk Evaluation Tool Ver 3.0 3.6.25.xlsx,Entry- Site SPOF Data,62,211,214,Valid
RCH01,4.0499999999999989,Yes,x,,Flex Asset EOL and Site Risk Evaluation Tool Ver 3.0 3.6.25.xlsx,Entry- Site SPOF Data,62,215,218,Valid
RIC01,4.0499999999999989,Yes,x,,Flex Asset EOL and Site Risk Evaluation Tool Ver 3.0 3.6.25.xlsx,Entry- Site SPOF Data,62,219,222,Valid
RIC02,4.0499999999999989,Yes,x,,Flex Asset EOL and Site Risk Evaluation Tool Ver 3.0 3.6.25.xlsx,Entry- Site SPOF Data,62,223,226,Valid
SLC03,4.0499999999999989,N/A,X,,Flex Asset EOL and Site Risk Evaluation Tool Ver 3.0 3.6.25.xlsx,Entry- Site SPOF Data,62,227,230,Valid
SLC04.01,4.0499999999999989,Yes,X,,Flex Asset EOL and Site Risk Evaluation Tool Ver 3.0 3.6.25.xlsx,Entry- Site SPOF Data,62,231,234,Valid
SLC04.02,4.0499999999999989,N/A,X,,Flex Asset EOL and Site Risk Evaluation Tool Ver 3.0 3.6.25.xlsx,Entry- Site SPOF Data,62,235,238,Valid
SLC04.03,4.0499999999999989,Yes,X,,Flex Asset EOL and Site Risk Evaluation Tool Ver 3.0 3.6.25.xlsx,Entry- Site SPOF Data,62,239,242,Valid
SLC07,4.0499999999999989,N/A,X,,Flex Asset EOL and Site Risk Evaluation Tool Ver 3.0 3.6.25.xlsx,Entry- Site SPOF Data,62,243,246,Valid
SLC09,4.0499999999999989,N/A,X,,Flex Asset EOL and Site Risk Evaluation Tool Ver 3.0 3.6.25.xlsx,Entry- Site SPOF Data,62,247,250,Valid
SLC10,4.0499999999999989,Yes,X,,Flex Asset EOL and Site Risk Evaluation Tool Ver 3.0 3.6.25.xlsx,Entry- Site SPOF Data,62,251,254,Valid
TPA01,4.0499999999999989,Yes,X,,Flex Asset EOL and Site Risk Evaluation Tool Ver 3.0 3.6.25.xlsx,Entry- Site SPOF Data,62,255,258,Valid
TPA02,4.0499999999999989,Yes,X,,Flex Asset EOL and Site Risk Evaluation Tool Ver 3.0 3.6.25.xlsx,Entry- Site SPOF Data,62,259,262,Valid
TPA03,4.0499999999999989,Yes,X,,Flex Asset EOL and Site Risk Evaluation Tool Ver 3.0 3.6.25.xlsx,Entry- Site SPOF Data,62,263,266,Valid
TPA04,4.0499999999999989,Yes,X,,Flex Asset EOL and Site Risk Evaluation Tool Ver 3.0 3.6.25.xlsx,Entry- Site SPOF Data,62,267,270,Valid
ABE01,4.0599999999999987,N/A,x,,Flex Asset EOL and Site Risk Evaluation Tool Ver 3.0 3.6.25.xlsx,Entry- Site SPOF Data,63,7,10,Valid
ATL01,4.0599999999999987,N/A,X,,Flex Asset EOL and Site Risk Evaluation Tool Ver 3.0 3.6.25.xlsx,Entry- Site SPOF Data,63,11,14,Valid
ATL02,4.0599999999999987,No,X,,Flex Asset EOL and Site Risk Evaluation Tool Ver 3.0 3.6.25.xlsx,Entry- Site SPOF Data,63,15,18,Valid
ATL03,4.0599999999999987,Yes,x,,Flex Asset EOL and Site Risk Evaluation Tool Ver 3.0 3.6.25.xlsx,Entry- Site SPOF Data,63,19,22,Valid
ATL04,4.0599999999999987,Yes,x,,Flex Asset EOL and Site Risk Evaluation Tool Ver 3.0 3.6.25.xlsx,Entry- Site SPOF Data,63,23,26,Valid
ATL05,4.0599999999999987,Yes,X,,Flex Asset EOL and Site Risk Evaluation Tool Ver 3.0 3.6.25.xlsx,Entry- Site SPOF Data,63,27,30,Valid
CIN01,4.0599999999999987,Yes,X,Different input breakers on main switchboard,Flex Asset EOL and Site Risk Evaluation Tool Ver 3.0 3.6.25.xlsx,Entry- Site SPOF Data,63,31,34,Valid
CIN02,4.0599999999999987,Yes,X,Different input breakers on main switchboard,Flex Asset EOL and Site Risk Evaluation Tool Ver 3.0 3.6.25.xlsx,Entry- Site SPOF Data,63,35,38,Valid
CLT01,4.0599999999999987,N/A,x,,Flex Asset EOL and Site Risk Evaluation Tool Ver 3.0 3.6.25.xlsx,Entry- Site SPOF Data,63,39,42,Valid
CLT02,4.0599999999999987,N/A,x,,Flex Asset EOL and Site Risk Evaluation Tool Ver 3.0 3.6.25.xlsx,Entry- Site SPOF Data,63,43,46,Valid
CLT03,4.0599999999999987,No,x,,Flex Asset EOL and Site Risk Evaluation Tool Ver 3.0 3.6.25.xlsx,Entry- Site SPOF Data,63,47,50,Valid
CLT04,4.0599999999999987,No,x,,Flex Asset EOL and Site Risk Evaluation Tool Ver 3.0 3.6.25.xlsx,Entry- Site SPOF Data,63,51,54,Valid
CLT05,4.0599999999999987,Yes,x,,Flex Asset EOL and Site Risk Evaluation Tool Ver 3.0 3.6.25.xlsx,Entry- Site SPOF Data,63,55,58,Valid
DAL01,4.0599999999999987,N/A,X,,Flex Asset EOL and Site Risk Evaluation Tool Ver 3.0 3.6.25.xlsx,Entry- Site SPOF Data,63,59,62,Valid
DAL02,4.0599999999999987,N/A,X,,Flex Asset EOL and Site Risk Evaluation Tool Ver 3.0 3.6.25.xlsx,Entry- Site SPOF Data,63,63,66,Valid
DAL03,4.0599999999999987,N/A,X,,Flex Asset EOL and Site Risk Evaluation Tool Ver 3.0 3.6.25.xlsx,Entry- Site SPOF Data,63,67,70,Valid
DAL04,4.0599999999999987,Yes,X,,Flex Asset EOL and Site Risk Evaluation Tool Ver 3.0 3.6.25.xlsx,Entry- Site SPOF Data,63,71,74,Valid
DAL05,4.0599999999999987,Yes,X,,Flex Asset EOL and Site Risk Evaluation Tool Ver 3.0 3.6.25.xlsx,Entry- Site SPOF Data,63,75,78,Valid
DEN02,4.0599999999999987,Yes,X,,Flex Asset EOL and Site Risk Evaluation Tool Ver 3.0 3.6.25.xlsx,Entry- Site SPOF Data,63,79,82,Valid
DEN03,4.0599999999999987,Yes,X,,Flex Asset EOL and Site Risk Evaluation Tool Ver 3.0 3.6.25.xlsx,Entry- Site SPOF Data,63,83,86,Valid
DEN05.01,4.0599999999999987,N/A,X,,Flex Asset EOL and Site Risk Evaluation Tool Ver 3.0 3.6.25.xlsx,Entry- Site SPOF Data,63,87,90,Valid
DEN05.02,4.0599999999999987,N/A,X,,Flex Asset EOL and Site Risk Evaluation Tool Ver 3.0 3.6.25.xlsx,Entry- Site SPOF Data,63,91,94,Valid
DEN11,4.0599999999999987,N/A,x,,Flex Asset EOL and Site Risk Evaluation Tool Ver 3.0 3.6.25.xlsx,Entry- Site SPOF Data,63,95,98,Valid
DFW01,4.0599999999999987,Yes,X,,Flex Asset EOL and Site Risk Evaluation Tool Ver 3.0 3.6.25.xlsx,Entry- Site SPOF Data,63,99,102,Valid
FLL01,4.0599999999999987,Yes,X,,Flex Asset EOL and Site Risk Evaluation Tool Ver 3.0 3.6.25.xlsx,Entry- Site SPOF Data,63,103,106,Valid
FLL02,4.0599999999999987,Yes,X,,Flex Asset EOL and Site Risk Evaluation Tool Ver 3.0 3.6.25.xlsx,Entry- Site SPOF Data,63,107,110,Valid
JAX01,4.0599999999999987,N/A,X,DX,Flex Asset EOL and Site Risk Evaluation Tool Ver 3.0 3.6.25.xlsx,Entry- Site SPOF Data,63,111,114,Valid
JAX02,4.0599999999999987,No,X,,Flex Asset EOL and Site Risk Evaluation Tool Ver 3.0 3.6.25.xlsx,Entry- Site SPOF Data,63,115,118,Valid
LAS03,4.0599999999999987,N/A,X,,Flex Asset EOL and Site Risk Evaluation Tool Ver 3.0 3.6.25.xlsx,Entry- Site SPOF Data,63,119,122,Valid
LAS04,4.0599999999999987,No,X,,Flex Asset EOL and Site Risk Evaluation Tool Ver 3.0 3.6.25.xlsx,Entry- Site SPOF Data,63,123,126,Valid
LAS05,4.0599999999999987,N/A,X,,Flex Asset EOL and Site Risk Evaluation Tool Ver 3.0 3.6.25.xlsx,Entry- Site SPOF Data,63,127,130,Valid
LOU02,4.0599999999999987,Yes,X,,Flex Asset EOL and Site Risk Evaluation Tool Ver 3.0 3.6.25.xlsx,Entry- Site SPOF Data,63,131,134,Valid
LOU03,4.0599999999999987,Yes,X,,Flex Asset EOL and Site Risk Evaluation Tool Ver 3.0 3.6.25.xlsx,Entry- Site SPOF Data,63,135,138,Valid
LOU04,4.0599999999999987,Yes,X,,Flex Asset EOL and Site Risk Evaluation Tool Ver 3.0 3.6.25.xlsx,Entry- Site SPOF Data,63,139,142,Valid
LOU05,4.0599999999999987,N/A,X,,Flex Asset EOL and Site Risk Evaluation Tool Ver 3.0 3.6.25.xlsx,Entry- Site SPOF Data,63,143,146,Valid
MSP01,4.0599999999999987,N/A,X,,Flex Asset EOL and Site Risk Evaluation Tool Ver 3.0 3.6.25.xlsx,Entry- Site SPOF Data,63,147,150,Valid
NAS01,4.0599999999999987,Yes,x,Loop is shared for NAS1/4 Power for 1 pump comes from NAS1 the other from NAS4,Flex Asset EOL and Site Risk Evaluation Tool Ver 3.0 3.6.25.xlsx,Entry- Site SPOF Data,63,151,154,Valid
NAS02,4.0599999999999987,No,x,Single source,Flex Asset EOL and Site Risk Evaluation Tool Ver 3.0 3.6.25.xlsx,Entry- Site SPOF Data,63,155,158,Valid
NAS03,4.0599999999999987,Yes,X,Single source,Flex Asset EOL and Site Risk Evaluation Tool Ver 3.0 3.6.25.xlsx,Entry- Site SPOF Data,63,159,162,Valid
NAS04,4.0599999999999987,Yes,x,Loop is shared for NAS1/4 Power for 1 pump comes from NAS1 the other from NAS4,Flex Asset EOL and Site Risk Evaluation Tool Ver 3.0 3.6.25.xlsx,Entry- Site SPOF Data,63,163,166,Valid
NAS05,4.0599999999999987,Yes,x,duel utility,Flex Asset EOL and Site Risk Evaluation Tool Ver 3.0 3.6.25.xlsx,Entry- Site SPOF Data,63,167,170,Valid
NAS06,4.0599999999999987,Yes,x,duel utility,Flex Asset EOL and Site Risk Evaluation Tool Ver 3.0 3.6.25.xlsx,Entry- Site SPOF Data,63,171,174,Valid
PDX01.01,4.0599999999999987,Yes,x,,Flex Asset EOL and Site Risk Evaluation Tool Ver 3.0 3.6.25.xlsx,Entry- Site SPOF Data,63,175,178,Valid
PDX01.02,4.0599999999999987,Yes,x,,Flex Asset EOL and Site Risk Evaluation Tool Ver 3.0 3.6.25.xlsx,Entry- Site SPOF Data,63,179,182,Valid
PDX02,4.0599999999999987,N/A,X,,Flex Asset EOL and Site Risk Evaluation Tool Ver 3.0 3.6.25.xlsx,Entry- Site SPOF Data,63,183,186,Valid
PDX03,4.0599999999999987,N/A,X,,Flex Asset EOL and Site Risk Evaluation Tool Ver 3.0 3.6.25.xlsx,Entry- Site SPOF Data,63,187,190,Valid
PDX04,4.0599999999999987,Yes,X,,Flex Asset EOL and Site Risk Evaluation Tool Ver 3.0 3.6.25.xlsx,Entry- Site SPOF Data,63,191,194,Valid
PHL01,4.0599999999999987,Yes,X,,Flex Asset EOL and Site Risk Evaluation Tool Ver 3.0 3.6.25.xlsx,Entry- Site SPOF Data,63,195,198,Valid
PHX01,4.0599999999999987,Yes,X,,Flex Asset EOL and Site Risk Evaluation Tool Ver 3.0 3.6.25.xlsx,Entry- Site SPOF Data,63,199,202,Valid
RAL01,4.0599999999999987,N/A,X,,Flex Asset EOL and Site Risk Evaluation Tool Ver 3.0 3.6.25.xlsx,Entry- Site SPOF Data,63,203,206,Valid
RAL02,4.0599999999999987,Yes,X,,Flex Asset EOL and Site Risk Evaluation Tool Ver 3.0 3.6.25.xlsx,Entry- Site SPOF Data,63,207,210,Valid
RAL03,4.0599999999999987,Yes,X,,Flex Asset EOL and Site Risk Evaluation Tool Ver 3.0 3.6.25.xlsx,Entry- Site SPOF Data,63,211,214,Valid
RCH01,4.0599999999999987,Yes,x,"CHWP-1-ATS 2 fed from MDSA and MDSB, CWP-2 fed from swgr Main tie Main configuration, CWP-3- fed from ATS 3 dual fed from MDSA and MDSB",Flex Asset EOL and Site Risk Evaluation Tool Ver 3.0 3.6.25.xlsx,Entry- Site SPOF Data,63,215,218,Valid
RIC01,4.0599999999999987,Yes,x,,Flex Asset EOL and Site Risk Evaluation Tool Ver 3.0 3.6.25.xlsx,Entry- Site SPOF Data,63,219,222,Valid
RIC02,4.0599999999999987,Yes,x,,Flex Asset EOL and Site Risk Evaluation Tool Ver 3.0 3.6.25.xlsx,Entry- Site SPOF Data,63,223,226,Valid
SLC03,4.0599999999999987,N/A,X,,Flex Asset EOL and Site Risk Evaluation Tool Ver 3.0 3.6.25.xlsx,Entry- Site SPOF Data,63,227,230,Valid
SLC04.01,4.0599999999999987,No,X,Colo 1 Glycol pumps are fed from different HVAC distribution panels but have the same upstream breaker.,Flex Asset EOL and Site Risk Evaluation Tool Ver 3.0 3.6.25.xlsx,Entry- Site SPOF Data,63,231,234,Valid
SLC04.02,4.0599999999999987,N/A,X,,Flex Asset EOL and Site Risk Evaluation Tool Ver 3.0 3.6.25.xlsx,Entry- Site SPOF Data,63,235,238,Valid
SLC04.03,4.0599999999999987,No,X,Colo 3 CHWPs are fed from diverse paths at switchgear.,Flex Asset EOL and Site Risk Evaluation Tool Ver 3.0 3.6.25.xlsx,Entry- Site SPOF Data,63,239,242,Valid
SLC07,4.0599999999999987,N/A,X,,Flex Asset EOL and Site Risk Evaluation Tool Ver 3.0 3.6.25.xlsx,Entry- Site SPOF Data,63,243,246,Valid
SLC09,4.0599999999999987,N/A,X,,Flex Asset EOL and Site Risk Evaluation Tool Ver 3.0 3.6.25.xlsx,Entry- Site SPOF Data,63,247,250,Valid
SLC10,4.0599999999999987,Yes,X,,Flex Asset EOL and Site Risk Evaluation Tool Ver 3.0 3.6.25.xlsx,Entry- Site SPOF Data,63,251,254,Valid
TPA01,4.0599999999999987,Yes,X,,Flex Asset EOL and Site Risk Evaluation Tool Ver 3.0 3.6.25.xlsx,Entry- Site SPOF Data,63,255,258,Valid
TPA02,4.0599999999999987,Yes,X,,Flex Asset EOL and Site Risk Evaluation Tool Ver 3.0 3.6.25.xlsx,Entry- Site SPOF Data,63,259,262,Valid
TPA03,4.0599999999999987,Yes,X,,Flex Asset EOL and Site Risk Evaluation Tool Ver 3.0 3.6.25.xlsx,Entry- Site SPOF Data,63,263,266,Valid
TPA04,4.0599999999999987,Yes,X,,Flex Asset EOL and Site Risk Evaluation Tool Ver 3.0 3.6.25.xlsx,Entry- Site SPOF Data,63,267,270,Valid
ABE01,4.0699999999999985,N/A,x,,Flex Asset EOL and Site Risk Evaluation Tool Ver 3.0 3.6.25.xlsx,Entry- Site SPOF Data,64,7,10,Valid
ATL01,4.0699999999999985,N/A,X,,Flex Asset EOL and Site Risk Evaluation Tool Ver 3.0 3.6.25.xlsx,Entry- Site SPOF Data,64,11,14,Valid
ATL02,4.0699999999999985,Yes,X,,Flex Asset EOL and Site Risk Evaluation Tool Ver 3.0 3.6.25.xlsx,Entry- Site SPOF Data,64,15,18,Valid
ATL03,4.0699999999999985,N/A,x,,Flex Asset EOL and Site Risk Evaluation Tool Ver 3.0 3.6.25.xlsx,Entry- Site SPOF Data,64,19,22,Valid
ATL04,4.0699999999999985,N/A,x,,Flex Asset EOL and Site Risk Evaluation Tool Ver 3.0 3.6.25.xlsx,Entry- Site SPOF Data,64,23,26,Valid
ATL05,4.0699999999999985,N/A,X,,Flex Asset EOL and Site Risk Evaluation Tool Ver 3.0 3.6.25.xlsx,Entry- Site SPOF Data,64,27,30,Valid
CIN01,4.0699999999999985,Yes,X,,Flex Asset EOL and Site Risk Evaluation Tool Ver 3.0 3.6.25.xlsx,Entry- Site SPOF Data,64,31,34,Valid
CIN02,4.0699999999999985,Yes,X,,Flex Asset EOL and Site Risk Evaluation Tool Ver 3.0 3.6.25.xlsx,Entry- Site SPOF Data,64,35,38,Valid
CLT01,4.0699999999999985,N/A,x,,Flex Asset EOL and Site Risk Evaluation Tool Ver 3.0 3.6.25.xlsx,Entry- Site SPOF Data,64,39,42,Valid
CLT02,4.0699999999999985,Yes,x,,Flex Asset EOL and Site Risk Evaluation Tool Ver 3.0 3.6.25.xlsx,Entry- Site SPOF Data,64,43,46,Valid
CLT03,4.0699999999999985,N/A,x,,Flex Asset EOL and Site Risk Evaluation Tool Ver 3.0 3.6.25.xlsx,Entry- Site SPOF Data,64,47,50,Valid
CLT04,4.0699999999999985,N/A,x,,Flex Asset EOL and Site Risk Evaluation Tool Ver 3.0 3.6.25.xlsx,Entry- Site SPOF Data,64,51,54,Valid
CLT05,4.0699999999999985,N/A,x,,Flex Asset EOL and Site Risk Evaluation Tool Ver 3.0 3.6.25.xlsx,Entry- Site SPOF Data,64,55,58,Valid
DAL01,4.0699999999999985,Yes,X,Landlord owned pumps,Flex Asset EOL and Site Risk Evaluation Tool Ver 3.0 3.6.25.xlsx,Entry- Site SPOF Data,64,59,62,Valid
DAL02,4.0699999999999985,Yes,X,Landlord maintained,Flex Asset EOL and Site Risk Evaluation Tool Ver 3.0 3.6.25.xlsx,Entry- Site SPOF Data,64,63,66,Valid
DAL03,4.0699999999999985,Yes,X,Landlord maintained,Flex Asset EOL and Site Risk Evaluation Tool Ver 3.0 3.6.25.xlsx,Entry- Site SPOF Data,64,67,70,Valid
DAL04,4.0699999999999985,Yes,X,,Flex Asset EOL and Site Risk Evaluation Tool Ver 3.0 3.6.25.xlsx,Entry- Site SPOF Data,64,71,74,Valid
DAL05,4.0699999999999985,Yes,X,,Flex Asset EOL and Site Risk Evaluation Tool Ver 3.0 3.6.25.xlsx,Entry- Site SPOF Data,64,75,78,Valid
DEN02,4.0699999999999985,Yes,X,,Flex Asset EOL and Site Risk Evaluation Tool Ver 3.0 3.6.25.xlsx,Entry- Site SPOF Data,64,79,82,Valid
DEN03,4.0699999999999985,Yes,X,,Flex Asset EOL and Site Risk Evaluation Tool Ver 3.0 3.6.25.xlsx,Entry- Site SPOF Data,64,83,86,Valid
DEN05.01,4.0699999999999985,N/A,X,,Flex Asset EOL and Site Risk Evaluation Tool Ver 3.0 3.6.25.xlsx,Entry- Site SPOF Data,64,87,90,Valid
DEN05.02,4.0699999999999985,N/A,X,,Flex Asset EOL and Site Risk Evaluation Tool Ver 3.0 3.6.25.xlsx,Entry- Site SPOF Data,64,91,94,Valid
DEN11,4.0699999999999985,N/A,x,,Flex Asset EOL and Site Risk Evaluation Tool Ver 3.0 3.6.25.xlsx,Entry- Site SPOF Data,64,95,98,Valid
DFW01,4.0699999999999985,N/A,X,,Flex Asset EOL and Site Risk Evaluation Tool Ver 3.0 3.6.25.xlsx,Entry- Site SPOF Data,64,99,102,Valid
FLL01,4.0699999999999985,Yes,X,,Flex Asset EOL and Site Risk Evaluation Tool Ver 3.0 3.6.25.xlsx,Entry- Site SPOF Data,64,103,106,Valid
FLL02,4.0699999999999985,Yes,X,,Flex Asset EOL and Site Risk Evaluation Tool Ver 3.0 3.6.25.xlsx,Entry- Site SPOF Data,64,107,110,Valid
JAX01,4.0699999999999985,N/A,X,DX,Flex Asset EOL and Site Risk Evaluation Tool Ver 3.0 3.6.25.xlsx,Entry- Site SPOF Data,64,111,114,Valid
JAX02,4.0699999999999985,Yes,X,,Flex Asset EOL and Site Risk Evaluation Tool Ver 3.0 3.6.25.xlsx,Entry- Site SPOF Data,64,115,118,Valid
LAS03,4.0699999999999985,N/A,X,,Flex Asset EOL and Site Risk Evaluation Tool Ver 3.0 3.6.25.xlsx,Entry- Site SPOF Data,64,119,122,Valid
LAS04,4.0699999999999985,Yes,X,,Flex Asset EOL and Site Risk Evaluation Tool Ver 3.0 3.6.25.xlsx,Entry- Site SPOF Data,64,123,126,Valid
LAS05,4.0699999999999985,N/A,X,,Flex Asset EOL and Site Risk Evaluation Tool Ver 3.0 3.6.25.xlsx,Entry- Site SPOF Data,64,127,130,Valid
LOU02,4.0699999999999985,Yes,X,,Flex Asset EOL and Site Risk Evaluation Tool Ver 3.0 3.6.25.xlsx,Entry- Site SPOF Data,64,131,134,Valid
LOU03,4.0699999999999985,Yes,X,,Flex Asset EOL and Site Risk Evaluation Tool Ver 3.0 3.6.25.xlsx,Entry- Site SPOF Data,64,135,138,Valid
LOU04,4.0699999999999985,Yes,X,,Flex Asset EOL and Site Risk Evaluation Tool Ver 3.0 3.6.25.xlsx,Entry- Site SPOF Data,64,139,142,Valid
LOU05,4.0699999999999985,N/A,X,,Flex Asset EOL and Site Risk Evaluation Tool Ver 3.0 3.6.25.xlsx,Entry- Site SPOF Data,64,143,146,Valid
MSP01,4.0699999999999985,N/A,X,,Flex Asset EOL and Site Risk Evaluation Tool Ver 3.0 3.6.25.xlsx,Entry- Site SPOF Data,64,147,150,Valid
NAS01,4.0699999999999985,Yes,x,,Flex Asset EOL and Site Risk Evaluation Tool Ver 3.0 3.6.25.xlsx,Entry- Site SPOF Data,64,151,154,Valid
NAS02,4.0699999999999985,Yes,x,,Flex Asset EOL and Site Risk Evaluation Tool Ver 3.0 3.6.25.xlsx,Entry- Site SPOF Data,64,155,158,Valid
NAS03,4.0699999999999985,Yes,x,,Flex Asset EOL and Site Risk Evaluation Tool Ver 3.0 3.6.25.xlsx,Entry- Site SPOF Data,64,159,162,Valid
NAS04,4.0699999999999985,Yes,x,,Flex Asset EOL and Site Risk Evaluation Tool Ver 3.0 3.6.25.xlsx,Entry- Site SPOF Data,64,163,166,Valid
NAS05,4.0699999999999985,Yes,x,,Flex Asset EOL and Site Risk Evaluation Tool Ver 3.0 3.6.25.xlsx,Entry- Site SPOF Data,64,167,170,Valid
NAS06,4.0699999999999985,Yes,x,,Flex Asset EOL and Site Risk Evaluation Tool Ver 3.0 3.6.25.xlsx,Entry- Site SPOF Data,64,171,174,Valid
PDX01.01,4.0699999999999985,Yes,x,,Flex Asset EOL and Site Risk Evaluation Tool Ver 3.0 3.6.25.xlsx,Entry- Site SPOF Data,64,175,178,Valid
PDX01.02,4.0699999999999985,Yes,x,,Flex Asset EOL and Site Risk Evaluation Tool Ver 3.0 3.6.25.xlsx,Entry- Site SPOF Data,64,179,182,Valid
PDX02,4.0699999999999985,N/A,X,,Flex Asset EOL and Site Risk Evaluation Tool Ver 3.0 3.6.25.xlsx,Entry- Site SPOF Data,64,183,186,Valid
PDX03,4.0699999999999985,N/A,X,No CWP's at PDX03,Flex Asset EOL and Site Risk Evaluation Tool Ver 3.0 3.6.25.xlsx,Entry- Site SPOF Data,64,187,190,Valid
PDX04,4.0699999999999985,N/A,X,,Flex Asset EOL and Site Risk Evaluation Tool Ver 3.0 3.6.25.xlsx,Entry- Site SPOF Data,64,191,194,Valid
PHL01,4.0699999999999985,Yes,X,,Flex Asset EOL and Site Risk Evaluation Tool Ver 3.0 3.6.25.xlsx,Entry- Site SPOF Data,64,195,198,Valid
PHX01,4.0699999999999985,Yes,X,,Flex Asset EOL and Site Risk Evaluation Tool Ver 3.0 3.6.25.xlsx,Entry- Site SPOF Data,64,199,202,Valid
RAL01,4.0699999999999985,Yes,X,,Flex Asset EOL and Site Risk Evaluation Tool Ver 3.0 3.6.25.xlsx,Entry- Site SPOF Data,64,203,206,Valid
RAL02,4.0699999999999985,Yes,X,,Flex Asset EOL and Site Risk Evaluation Tool Ver 3.0 3.6.25.xlsx,Entry- Site SPOF Data,64,207,210,Valid
RAL03,4.0699999999999985,Yes,X,,Flex Asset EOL and Site Risk Evaluation Tool Ver 3.0 3.6.25.xlsx,Entry- Site SPOF Data,64,211,214,Valid
RCH01,4.0699999999999985,Yes,x,,Flex Asset EOL and Site Risk Evaluation Tool Ver 3.0 3.6.25.xlsx,Entry- Site SPOF Data,64,215,218,Valid
RIC01,4.0699999999999985,Yes,x,,Flex Asset EOL and Site Risk Evaluation Tool Ver 3.0 3.6.25.xlsx,Entry- Site SPOF Data,64,219,222,Valid
RIC02,4.0699999999999985,Yes,x,,Flex Asset EOL and Site Risk Evaluation Tool Ver 3.0 3.6.25.xlsx,Entry- Site SPOF Data,64,223,226,Valid
SLC03,4.0699999999999985,N/A,X,,Flex Asset EOL and Site Risk Evaluation Tool Ver 3.0 3.6.25.xlsx,Entry- Site SPOF Data,64,227,230,Valid
SLC04.01,4.0699999999999985,N/A,X,,Flex Asset EOL and Site Risk Evaluation Tool Ver 3.0 3.6.25.xlsx,Entry- Site SPOF Data,64,231,234,Valid
SLC04.02,4.0699999999999985,N/A,X,,Flex Asset EOL and Site Risk Evaluation Tool Ver 3.0 3.6.25.xlsx,Entry- Site SPOF Data,64,235,238,Valid
SLC04.03,4.0699999999999985,Yes,X,,Flex Asset EOL and Site Risk Evaluation Tool Ver 3.0 3.6.25.xlsx,Entry- Site SPOF Data,64,239,242,Valid
SLC07,4.0699999999999985,N/A,X,,Flex Asset EOL and Site Risk Evaluation Tool Ver 3.0 3.6.25.xlsx,Entry- Site SPOF Data,64,243,246,Valid
SLC09,4.0699999999999985,N/A,X,,Flex Asset EOL and Site Risk Evaluation Tool Ver 3.0 3.6.25.xlsx,Entry- Site SPOF Data,64,247,250,Valid
SLC10,4.0699999999999985,Yes,X,All pumps on site are able to be secured as they have a counterpart. Currently we do not have the ability to replace one cooling line's pump with another cooling lines pump. I would recommend not seperating them from its associated cooling line in this manner. For example if we lose a condensate pump from our chiller 1 we lose all of chiller 1.,Flex Asset EOL and Site Risk Evaluation Tool Ver 3.0 3.6.25.xlsx,Entry- Site SPOF Data,64,251,254,Valid
TPA01,4.0699999999999985,Yes,X,,Flex Asset EOL and Site Risk Evaluation Tool Ver 3.0 3.6.25.xlsx,Entry- Site SPOF Data,64,255,258,Valid
TPA02,4.0699999999999985,Yes,X,,Flex Asset EOL and Site Risk Evaluation Tool Ver 3.0 3.6.25.xlsx,Entry- Site SPOF Data,64,259,262,Valid
TPA03,4.0699999999999985,Yes,X,,Flex Asset EOL and Site Risk Evaluation Tool Ver 3.0 3.6.25.xlsx,Entry- Site SPOF Data,64,263,266,Valid
TPA04,4.0699999999999985,Yes,X,,Flex Asset EOL and Site Risk Evaluation Tool Ver 3.0 3.6.25.xlsx,Entry- Site SPOF Data,64,267,270,Valid
ABE01,4.0799999999999983,N/A,x,,Flex Asset EOL and Site Risk Evaluation Tool Ver 3.0 3.6.25.xlsx,Entry- Site SPOF Data,65,7,10,Valid
ATL01,4.0799999999999983,N/A,X,,Flex Asset EOL and Site Risk Evaluation Tool Ver 3.0 3.6.25.xlsx,Entry- Site SPOF Data,65,11,14,Valid
ATL02,4.0799999999999983,No,X,,Flex Asset EOL and Site Risk Evaluation Tool Ver 3.0 3.6.25.xlsx,Entry- Site SPOF Data,65,15,18,Valid
ATL03,4.0799999999999983,N/A,x,,Flex Asset EOL and Site Risk Evaluation Tool Ver 3.0 3.6.25.xlsx,Entry- Site SPOF Data,65,19,22,Valid
ATL04,4.0799999999999983,N/A,x,,Flex Asset EOL and Site Risk Evaluation Tool Ver 3.0 3.6.25.xlsx,Entry- Site SPOF Data,65,23,26,Valid
ATL05,4.0799999999999983,N/A,X,,Flex Asset EOL and Site Risk Evaluation Tool Ver 3.0 3.6.25.xlsx,Entry- Site SPOF Data,65,27,30,Valid
CIN01,4.0799999999999983,Yes,X,Different input breakers on main switchboard,Flex Asset EOL and Site Risk Evaluation Tool Ver 3.0 3.6.25.xlsx,Entry- Site SPOF Data,65,31,34,Valid
CIN02,4.0799999999999983,Yes,X,Different input breakers on main switchboard,Flex Asset EOL and Site Risk Evaluation Tool Ver 3.0 3.6.25.xlsx,Entry- Site SPOF Data,65,35,38,Valid
CLT01,4.0799999999999983,N/A,x,,Flex Asset EOL and Site Risk Evaluation Tool Ver 3.0 3.6.25.xlsx,Entry- Site SPOF Data,65,39,42,Valid
CLT02,4.0799999999999983,No,x,,Flex Asset EOL and Site Risk Evaluation Tool Ver 3.0 3.6.25.xlsx,Entry- Site SPOF Data,65,43,46,Valid
CLT03,4.0799999999999983,N/A,x,,Flex Asset EOL and Site Risk Evaluation Tool Ver 3.0 3.6.25.xlsx,Entry- Site SPOF Data,65,47,50,Valid
CLT04,4.0799999999999983,N/A,x,,Flex Asset EOL and Site Risk Evaluation Tool Ver 3.0 3.6.25.xlsx,Entry- Site SPOF Data,65,51,54,Valid
CLT05,4.0799999999999983,N/A,x,,Flex Asset EOL and Site Risk Evaluation Tool Ver 3.0 3.6.25.xlsx,Entry- Site SPOF Data,65,55,58,Valid
DAL01,4.0799999999999983,Yes,X,Landlord owned pumps,Flex Asset EOL and Site Risk Evaluation Tool Ver 3.0 3.6.25.xlsx,Entry- Site SPOF Data,65,59,62,Valid
DAL02,4.0799999999999983,Yes,X,Landlord maintained,Flex Asset EOL and Site Risk Evaluation Tool Ver 3.0 3.6.25.xlsx,Entry- Site SPOF Data,65,63,66,Valid
DAL03,4.0799999999999983,Yes,X,Landlord maintained,Flex Asset EOL and Site Risk Evaluation Tool Ver 3.0 3.6.25.xlsx,Entry- Site SPOF Data,65,67,70,Valid
DAL04,4.0799999999999983,Yes,X,,Flex Asset EOL and Site Risk Evaluation Tool Ver 3.0 3.6.25.xlsx,Entry- Site SPOF Data,65,71,74,Valid
DAL05,4.0799999999999983,Yes,X,,Flex Asset EOL and Site Risk Evaluation Tool Ver 3.0 3.6.25.xlsx,Entry- Site SPOF Data,65,75,78,Valid
DEN02,4.0799999999999983,Yes,X,,Flex Asset EOL and Site Risk Evaluation Tool Ver 3.0 3.6.25.xlsx,Entry- Site SPOF Data,65,79,82,Valid
DEN03,4.0799999999999983,Yes,X,,Flex Asset EOL and Site Risk Evaluation Tool Ver 3.0 3.6.25.xlsx,Entry- Site SPOF Data,65,83,86,Valid
DEN05.01,4.0799999999999983,N/A,X,,Flex Asset EOL and Site Risk Evaluation Tool Ver 3.0 3.6.25.xlsx,Entry- Site SPOF Data,65,87,90,Valid
DEN05.02,4.0799999999999983,N/A,X,,Flex Asset EOL and Site Risk Evaluation Tool Ver 3.0 3.6.25.xlsx,Entry- Site SPOF Data,65,91,94,Valid
DEN11,4.0799999999999983,N/A,x,,Flex Asset EOL and Site Risk Evaluation Tool Ver 3.0 3.6.25.xlsx,Entry- Site SPOF Data,65,95,98,Valid
DFW01,4.0799999999999983,N/A,X,,Flex Asset EOL and Site Risk Evaluation Tool Ver 3.0 3.6.25.xlsx,Entry- Site SPOF Data,65,99,102,Valid
FLL01,4.0799999999999983,Yes,X,,Flex Asset EOL and Site Risk Evaluation Tool Ver 3.0 3.6.25.xlsx,Entry- Site SPOF Data,65,103,106,Valid
FLL02,4.0799999999999983,Yes,X,,Flex Asset EOL and Site Risk Evaluation Tool Ver 3.0 3.6.25.xlsx,Entry- Site SPOF Data,65,107,110,Valid
JAX01,4.0799999999999983,N/A,X,DX,Flex Asset EOL and Site Risk Evaluation Tool Ver 3.0 3.6.25.xlsx,Entry- Site SPOF Data,65,111,114,Valid
JAX02,4.0799999999999983,No,X,,Flex Asset EOL and Site Risk Evaluation Tool Ver 3.0 3.6.25.xlsx,Entry- Site SPOF Data,65,115,118,Valid
LAS03,4.0799999999999983,N/A,X,,Flex Asset EOL and Site Risk Evaluation Tool Ver 3.0 3.6.25.xlsx,Entry- Site SPOF Data,65,119,122,Valid
LAS04,4.0799999999999983,No,X,,Flex Asset EOL and Site Risk Evaluation Tool Ver 3.0 3.6.25.xlsx,Entry- Site SPOF Data,65,123,126,Valid
LAS05,4.0799999999999983,N/A,X,,Flex Asset EOL and Site Risk Evaluation Tool Ver 3.0 3.6.25.xlsx,Entry- Site SPOF Data,65,127,130,Valid
LOU02,4.0799999999999983,Yes,X,,Flex Asset EOL and Site Risk Evaluation Tool Ver 3.0 3.6.25.xlsx,Entry- Site SPOF Data,65,131,134,Valid
LOU03,4.0799999999999983,Yes,X,,Flex Asset EOL and Site Risk Evaluation Tool Ver 3.0 3.6.25.xlsx,Entry- Site SPOF Data,65,135,138,Valid
LOU04,4.0799999999999983,Yes,X,,Flex Asset EOL and Site Risk Evaluation Tool Ver 3.0 3.6.25.xlsx,Entry- Site SPOF Data,65,139,142,Valid
LOU05,4.0799999999999983,N/A,X,,Flex Asset EOL and Site Risk Evaluation Tool Ver 3.0 3.6.25.xlsx,Entry- Site SPOF Data,65,143,146,Valid
MSP01,4.0799999999999983,N/A,X,,Flex Asset EOL and Site Risk Evaluation Tool Ver 3.0 3.6.25.xlsx,Entry- Site SPOF Data,65,147,150,Valid
NAS01,4.0799999999999983,Yes,x,,Flex Asset EOL and Site Risk Evaluation Tool Ver 3.0 3.6.25.xlsx,Entry- Site SPOF Data,65,151,154,Valid
NAS02,4.0799999999999983,No,x,Single source,Flex Asset EOL and Site Risk Evaluation Tool Ver 3.0 3.6.25.xlsx,Entry- Site SPOF Data,65,155,158,Valid
NAS03,4.0799999999999983,Yes,X,Single source,Flex Asset EOL and Site Risk Evaluation Tool Ver 3.0 3.6.25.xlsx,Entry- Site SPOF Data,65,159,162,Valid
NAS04,4.0799999999999983,Yes,x,,Flex Asset EOL and Site Risk Evaluation Tool Ver 3.0 3.6.25.xlsx,Entry- Site SPOF Data,65,163,166,Valid
NAS05,4.0799999999999983,Yes,x,,Flex Asset EOL and Site Risk Evaluation Tool Ver 3.0 3.6.25.xlsx,Entry- Site SPOF Data,65,167,170,Valid
NAS06,4.0799999999999983,Yes,x,,Flex Asset EOL and Site Risk Evaluation Tool Ver 3.0 3.6.25.xlsx,Entry- Site SPOF Data,65,171,174,Valid
PDX01.01,4.0799999999999983,Yes,x,,Flex Asset EOL and Site Risk Evaluation Tool Ver 3.0 3.6.25.xlsx,Entry- Site SPOF Data,65,175,178,Valid
PDX01.02,4.0799999999999983,Yes,x,,Flex Asset EOL and Site Risk Evaluation Tool Ver 3.0 3.6.25.xlsx,Entry- Site SPOF Data,65,179,182,Valid
PDX02,4.0799999999999983,N/A,X,,Flex Asset EOL and Site Risk Evaluation Tool Ver 3.0 3.6.25.xlsx,Entry- Site SPOF Data,65,183,186,Valid
PDX03,4.0799999999999983,N/A,X,,Flex Asset EOL and Site Risk Evaluation Tool Ver 3.0 3.6.25.xlsx,Entry- Site SPOF Data,65,187,190,Valid
PDX04,4.0799999999999983,N/A,X,,Flex Asset EOL and Site Risk Evaluation Tool Ver 3.0 3.6.25.xlsx,Entry- Site SPOF Data,65,191,194,Valid
PHL01,4.0799999999999983,Yes,X,,Flex Asset EOL and Site Risk Evaluation Tool Ver 3.0 3.6.25.xlsx,Entry- Site SPOF Data,65,195,198,Valid
PHX01,4.0799999999999983,Yes,X,,Flex Asset EOL and Site Risk Evaluation Tool Ver 3.0 3.6.25.xlsx,Entry- Site SPOF Data,65,199,202,Valid
RAL01,4.0799999999999983,Yes,X,,Flex Asset EOL and Site Risk Evaluation Tool Ver 3.0 3.6.25.xlsx,Entry- Site SPOF Data,65,203,206,Valid
RAL02,4.0799999999999983,Yes,X,,Flex Asset EOL and Site Risk Evaluation Tool Ver 3.0 3.6.25.xlsx,Entry- Site SPOF Data,65,207,210,Valid
RAL03,4.0799999999999983,Yes,X,,Flex Asset EOL and Site Risk Evaluation Tool Ver 3.0 3.6.25.xlsx,Entry- Site SPOF Data,65,211,214,Valid
RCH01,4.0799999999999983,Yes,x,same as CHWP,Flex Asset EOL and Site Risk Evaluation Tool Ver 3.0 3.6.25.xlsx,Entry- Site SPOF Data,65,215,218,Valid
RIC01,4.0799999999999983,Yes,x,,Flex Asset EOL and Site Risk Evaluation Tool Ver 3.0 3.6.25.xlsx,Entry- Site SPOF Data,65,219,222,Valid
RIC02,4.0799999999999983,Yes,x,,Flex Asset EOL and Site Risk Evaluation Tool Ver 3.0 3.6.25.xlsx,Entry- Site SPOF Data,65,223,226,Valid
SLC03,4.0799999999999983,N/A,X,,Flex Asset EOL and Site Risk Evaluation Tool Ver 3.0 3.6.25.xlsx,Entry- Site SPOF Data,65,227,230,Valid
SLC04.01,4.0799999999999983,N/A,X,,Flex Asset EOL and Site Risk Evaluation Tool Ver 3.0 3.6.25.xlsx,Entry- Site SPOF Data,65,231,234,Valid
SLC04.02,4.0799999999999983,N/A,X,,Flex Asset EOL and Site Risk Evaluation Tool Ver 3.0 3.6.25.xlsx,Entry- Site SPOF Data,65,235,238,Valid
SLC04.03,4.0799999999999983,Yes,X,"In colo 3, HVAC is split between ""A"" and ""B"" sides of switchgear with diverse paths but single utility feed.",Flex Asset EOL and Site Risk Evaluation Tool Ver 3.0 3.6.25.xlsx,Entry- Site SPOF Data,65,239,242,Valid
SLC07,4.0799999999999983,N/A,X,,Flex Asset EOL and Site Risk Evaluation Tool Ver 3.0 3.6.25.xlsx,Entry- Site SPOF Data,65,243,246,Valid
SLC09,4.0799999999999983,N/A,X,,Flex Asset EOL and Site Risk Evaluation Tool Ver 3.0 3.6.25.xlsx,Entry- Site SPOF Data,65,247,250,Valid
SLC10,4.0799999999999983,Yes,X,,Flex Asset EOL and Site Risk Evaluation Tool Ver 3.0 3.6.25.xlsx,Entry- Site SPOF Data,65,251,254,Valid
TPA01,4.0799999999999983,Yes,X,,Flex Asset EOL and Site Risk Evaluation Tool Ver 3.0 3.6.25.xlsx,Entry- Site SPOF Data,65,255,258,Valid
TPA02,4.0799999999999983,Yes,X,,Flex Asset EOL and Site Risk Evaluation Tool Ver 3.0 3.6.25.xlsx,Entry- Site SPOF Data,65,259,262,Valid
TPA03,4.0799999999999983,Yes,X,,Flex Asset EOL and Site Risk Evaluation Tool Ver 3.0 3.6.25.xlsx,Entry- Site SPOF Data,65,263,266,Valid
TPA04,4.0799999999999983,Yes,X,,Flex Asset EOL and Site Risk Evaluation Tool Ver 3.0 3.6.25.xlsx,Entry- Site SPOF Data,65,267,270,Valid
ABE01,4.0899999999999981,N/A,x,,Flex Asset EOL and Site Risk Evaluation Tool Ver 3.0 3.6.25.xlsx,Entry- Site SPOF Data,66,7,10,Valid
ATL01,4.0899999999999981,N/A,X,,Flex Asset EOL and Site Risk Evaluation Tool Ver 3.0 3.6.25.xlsx,Entry- Site SPOF Data,66,11,14,Valid
ATL02,4.0899999999999981,N/A,X,,Flex Asset EOL and Site Risk Evaluation Tool Ver 3.0 3.6.25.xlsx,Entry- Site SPOF Data,66,15,18,Valid
ATL03,4.0899999999999981,N/A,x,,Flex Asset EOL and Site Risk Evaluation Tool Ver 3.0 3.6.25.xlsx,Entry- Site SPOF Data,66,19,22,Valid
ATL04,4.0899999999999981,N/A,x,,Flex Asset EOL and Site Risk Evaluation Tool Ver 3.0 3.6.25.xlsx,Entry- Site SPOF Data,66,23,26,Valid
ATL05,4.0899999999999981,N/A,X,,Flex Asset EOL and Site Risk Evaluation Tool Ver 3.0 3.6.25.xlsx,Entry- Site SPOF Data,66,27,30,Valid
CIN01,4.0899999999999981,N/A,X,,Flex Asset EOL and Site Risk Evaluation Tool Ver 3.0 3.6.25.xlsx,Entry- Site SPOF Data,66,31,34,Valid
CIN02,4.0899999999999981,N/A,X,,Flex Asset EOL and Site Risk Evaluation Tool Ver 3.0 3.6.25.xlsx,Entry- Site SPOF Data,66,35,38,Valid
CLT01,4.0899999999999981,N/A,x,,Flex Asset EOL and Site Risk Evaluation Tool Ver 3.0 3.6.25.xlsx,Entry- Site SPOF Data,66,39,42,Valid
CLT02,4.0899999999999981,N/A,x,,Flex Asset EOL and Site Risk Evaluation Tool Ver 3.0 3.6.25.xlsx,Entry- Site SPOF Data,66,43,46,Valid
CLT03,4.0899999999999981,N/A,x,,Flex Asset EOL and Site Risk Evaluation Tool Ver 3.0 3.6.25.xlsx,Entry- Site SPOF Data,66,47,50,Valid
CLT04,4.0899999999999981,N/A,x,,Flex Asset EOL and Site Risk Evaluation Tool Ver 3.0 3.6.25.xlsx,Entry- Site SPOF Data,66,51,54,Valid
CLT05,4.0899999999999981,N/A,x,,Flex Asset EOL and Site Risk Evaluation Tool Ver 3.0 3.6.25.xlsx,Entry- Site SPOF Data,66,55,58,Valid
DAL01,4.0899999999999981,Yes,X,Landlord owned,Flex Asset EOL and Site Risk Evaluation Tool Ver 3.0 3.6.25.xlsx,Entry- Site SPOF Data,66,59,62,Valid
DAL02,4.0899999999999981,Yes,X,Landlord maintained,Flex Asset EOL and Site Risk Evaluation Tool Ver 3.0 3.6.25.xlsx,Entry- Site SPOF Data,66,63,66,Valid
DAL03,4.0899999999999981,Yes,X,Landlord maintained,Flex Asset EOL and Site Risk Evaluation Tool Ver 3.0 3.6.25.xlsx,Entry- Site SPOF Data,66,67,70,Valid
DAL04,4.0899999999999981,N/A,X,,Flex Asset EOL and Site Risk Evaluation Tool Ver 3.0 3.6.25.xlsx,Entry- Site SPOF Data,66,71,74,Valid
DAL05,4.0899999999999981,N/A,X,,Flex Asset EOL and Site Risk Evaluation Tool Ver 3.0 3.6.25.xlsx,Entry- Site SPOF Data,66,75,78,Valid
DEN02,4.0899999999999981,Yes,X,,Flex Asset EOL and Site Risk Evaluation Tool Ver 3.0 3.6.25.xlsx,Entry- Site SPOF Data,66,79,82,Valid
DEN03,4.0899999999999981,Yes,X,,Flex Asset EOL and Site Risk Evaluation Tool Ver 3.0 3.6.25.xlsx,Entry- Site SPOF Data,66,83,86,Valid
DEN05.01,4.0899999999999981,N/A,X,,Flex Asset EOL and Site Risk Evaluation Tool Ver 3.0 3.6.25.xlsx,Entry- Site SPOF Data,66,87,90,Valid
DEN05.02,4.0899999999999981,N/A,X,,Flex Asset EOL and Site Risk Evaluation Tool Ver 3.0 3.6.25.xlsx,Entry- Site SPOF Data,66,91,94,Valid
DEN11,4.0899999999999981,N/A,x,,Flex Asset EOL and Site Risk Evaluation Tool Ver 3.0 3.6.25.xlsx,Entry- Site SPOF Data,66,95,98,Valid
DFW01,4.0899999999999981,N/A,X,,Flex Asset EOL and Site Risk Evaluation Tool Ver 3.0 3.6.25.xlsx,Entry- Site SPOF Data,66,99,102,Valid
FLL01,4.0899999999999981,Yes,X,,Flex Asset EOL and Site Risk Evaluation Tool Ver 3.0 3.6.25.xlsx,Entry- Site SPOF Data,66,103,106,Valid
FLL02,4.0899999999999981,Yes,X,,Flex Asset EOL and Site Risk Evaluation Tool Ver 3.0 3.6.25.xlsx,Entry- Site SPOF Data,66,107,110,Valid
JAX01,4.0899999999999981,N/A,X,,Flex Asset EOL and Site Risk Evaluation Tool Ver 3.0 3.6.25.xlsx,Entry- Site SPOF Data,66,111,114,Valid
JAX02,4.0899999999999981,N/A,X,,Flex Asset EOL and Site Risk Evaluation Tool Ver 3.0 3.6.25.xlsx,Entry- Site SPOF Data,66,115,118,Valid
LAS03,4.0899999999999981,N/A,X,,Flex Asset EOL and Site Risk Evaluation Tool Ver 3.0 3.6.25.xlsx,Entry- Site SPOF Data,66,119,122,Valid
LAS04,4.0899999999999981,No,X,Used for economization only,Flex Asset EOL and Site Risk Evaluation Tool Ver 3.0 3.6.25.xlsx,Entry- Site SPOF Data,66,123,126,Valid
LAS05,4.0899999999999981,N/A,X,,Flex Asset EOL and Site Risk Evaluation Tool Ver 3.0 3.6.25.xlsx,Entry- Site SPOF Data,66,127,130,Valid
LOU02,4.0899999999999981,N/A,X,,Flex Asset EOL and Site Risk Evaluation Tool Ver 3.0 3.6.25.xlsx,Entry- Site SPOF Data,66,131,134,Valid
LOU03,4.0899999999999981,N/A,X,,Flex Asset EOL and Site Risk Evaluation Tool Ver 3.0 3.6.25.xlsx,Entry- Site SPOF Data,66,135,138,Valid
LOU04,4.0899999999999981,N/A,X,,Flex Asset EOL and Site Risk Evaluation Tool Ver 3.0 3.6.25.xlsx,Entry- Site SPOF Data,66,139,142,Valid
LOU05,4.0899999999999981,N/A,X,,Flex Asset EOL and Site Risk Evaluation Tool Ver 3.0 3.6.25.xlsx,Entry- Site SPOF Data,66,143,146,Valid
MSP01,4.0899999999999981,N/A,X,,Flex Asset EOL and Site Risk Evaluation Tool Ver 3.0 3.6.25.xlsx,Entry- Site SPOF Data,66,147,150,Valid
NAS01,4.0899999999999981,N/A,x,,Flex Asset EOL and Site Risk Evaluation Tool Ver 3.0 3.6.25.xlsx,Entry- Site SPOF Data,66,151,154,Valid
NAS02,4.0899999999999981,N/A,x,,Flex Asset EOL and Site Risk Evaluation Tool Ver 3.0 3.6.25.xlsx,Entry- Site SPOF Data,66,155,158,Valid
NAS03,4.0899999999999981,N/A,x,,Flex Asset EOL and Site Risk Evaluation Tool Ver 3.0 3.6.25.xlsx,Entry- Site SPOF Data,66,159,162,Valid
NAS04,4.0899999999999981,N/A,x,,Flex Asset EOL and Site Risk Evaluation Tool Ver 3.0 3.6.25.xlsx,Entry- Site SPOF Data,66,163,166,Valid
NAS05,4.0899999999999981,N/A,x,,Flex Asset EOL and Site Risk Evaluation Tool Ver 3.0 3.6.25.xlsx,Entry- Site SPOF Data,66,167,170,Valid
NAS06,4.0899999999999981,N/A,x,,Flex Asset EOL and Site Risk Evaluation Tool Ver 3.0 3.6.25.xlsx,Entry- Site SPOF Data,66,171,174,Valid
PDX01.01,4.0899999999999981,Yes,x,,Flex Asset EOL and Site Risk Evaluation Tool Ver 3.0 3.6.25.xlsx,Entry- Site SPOF Data,66,175,178,Valid
PDX01.02,4.0899999999999981,Yes,x,,Flex Asset EOL and Site Risk Evaluation Tool Ver 3.0 3.6.25.xlsx,Entry- Site SPOF Data,66,179,182,Valid
PDX02,4.0899999999999981,Yes,X,Not required for site operation,Flex Asset EOL and Site Risk Evaluation Tool Ver 3.0 3.6.25.xlsx,Entry- Site SPOF Data,66,183,186,Valid
PDX03,4.0899999999999981,N/A,X,No CT's at PDX03,Flex Asset EOL and Site Risk Evaluation Tool Ver 3.0 3.6.25.xlsx,Entry- Site SPOF Data,66,187,190,Valid
PDX04,4.0899999999999981,N/A,X,,Flex Asset EOL and Site Risk Evaluation Tool Ver 3.0 3.6.25.xlsx,Entry- Site SPOF Data,66,191,194,Valid
PHL01,4.0899999999999981,N/A,X,,Flex Asset EOL and Site Risk Evaluation Tool Ver 3.0 3.6.25.xlsx,Entry- Site SPOF Data,66,195,198,Valid
PHX01,4.0899999999999981,Yes,X,,Flex Asset EOL and Site Risk Evaluation Tool Ver 3.0 3.6.25.xlsx,Entry- Site SPOF Data,66,199,202,Valid
RAL01,4.0899999999999981,Yes,X,,Flex Asset EOL and Site Risk Evaluation Tool Ver 3.0 3.6.25.xlsx,Entry- Site SPOF Data,66,203,206,Valid
RAL02,4.0899999999999981,Yes,X,,Flex Asset EOL and Site Risk Evaluation Tool Ver 3.0 3.6.25.xlsx,Entry- Site SPOF Data,66,207,210,Valid
RAL03,4.0899999999999981,Yes,X,,Flex Asset EOL and Site Risk Evaluation Tool Ver 3.0 3.6.25.xlsx,Entry- Site SPOF Data,66,211,214,Valid
RCH01,4.0899999999999981,Yes,x,,Flex Asset EOL and Site Risk Evaluation Tool Ver 3.0 3.6.25.xlsx,Entry- Site SPOF Data,66,215,218,Valid
RIC01,4.0899999999999981,Yes,x,,Flex Asset EOL and Site Risk Evaluation Tool Ver 3.0 3.6.25.xlsx,Entry- Site SPOF Data,66,219,222,Valid
RIC02,4.0899999999999981,Yes,x,,Flex Asset EOL and Site Risk Evaluation Tool Ver 3.0 3.6.25.xlsx,Entry- Site SPOF Data,66,223,226,Valid
SLC03,4.0899999999999981,N/A,X,,Flex Asset EOL and Site Risk Evaluation Tool Ver 3.0 3.6.25.xlsx,Entry- Site SPOF Data,66,227,230,Valid
SLC04.01,4.0899999999999981,Yes,X,,Flex Asset EOL and Site Risk Evaluation Tool Ver 3.0 3.6.25.xlsx,Entry- Site SPOF Data,66,231,234,Valid
SLC04.02,4.0899999999999981,N/A,X,,Flex Asset EOL and Site Risk Evaluation Tool Ver 3.0 3.6.25.xlsx,Entry- Site SPOF Data,66,235,238,Valid
SLC04.03,4.0899999999999981,Yes,X,,Flex Asset EOL and Site Risk Evaluation Tool Ver 3.0 3.6.25.xlsx,Entry- Site SPOF Data,66,239,242,Valid
SLC07,4.0899999999999981,N/A,X,,Flex Asset EOL and Site Risk Evaluation Tool Ver 3.0 3.6.25.xlsx,Entry- Site SPOF Data,66,243,246,Valid
SLC09,4.0899999999999981,N/A,X,,Flex Asset EOL and Site Risk Evaluation Tool Ver 3.0 3.6.25.xlsx,Entry- Site SPOF Data,66,247,250,Valid
SLC10,4.0899999999999981,Yes,X,,Flex Asset EOL and Site Risk Evaluation Tool Ver 3.0 3.6.25.xlsx,Entry- Site SPOF Data,66,251,254,Valid
TPA01,4.0899999999999981,Yes,X,,Flex Asset EOL and Site Risk Evaluation Tool Ver 3.0 3.6.25.xlsx,Entry- Site SPOF Data,66,255,258,Valid
TPA02,4.0899999999999981,Yes,X,,Flex Asset EOL and Site Risk Evaluation Tool Ver 3.0 3.6.25.xlsx,Entry- Site SPOF Data,66,259,262,Valid
TPA03,4.0899999999999981,Yes,X,,Flex Asset EOL and Site Risk Evaluation Tool Ver 3.0 3.6.25.xlsx,Entry- Site SPOF Data,66,263,266,Valid
TPA04,4.0899999999999981,Yes,X,,Flex Asset EOL and Site Risk Evaluation Tool Ver 3.0 3.6.25.xlsx,Entry- Site SPOF Data,66,267,270,Valid
ABE01,4.0999999999999979,N/A,x,,Flex Asset EOL and Site Risk Evaluation Tool Ver 3.0 3.6.25.xlsx,Entry- Site SPOF Data,67,7,10,Valid
ATL01,4.0999999999999979,N/A,X,,Flex Asset EOL and Site Risk Evaluation Tool Ver 3.0 3.6.25.xlsx,Entry- Site SPOF Data,67,11,14,Valid
ATL02,4.0999999999999979,N/A,X,,Flex Asset EOL and Site Risk Evaluation Tool Ver 3.0 3.6.25.xlsx,Entry- Site SPOF Data,67,15,18,Valid
ATL03,4.0999999999999979,N/A,x,,Flex Asset EOL and Site Risk Evaluation Tool Ver 3.0 3.6.25.xlsx,Entry- Site SPOF Data,67,19,22,Valid
ATL04,4.0999999999999979,N/A,x,,Flex Asset EOL and Site Risk Evaluation Tool Ver 3.0 3.6.25.xlsx,Entry- Site SPOF Data,67,23,26,Valid
ATL05,4.0999999999999979,N/A,X,,Flex Asset EOL and Site Risk Evaluation Tool Ver 3.0 3.6.25.xlsx,Entry- Site SPOF Data,67,27,30,Valid
CIN01,4.0999999999999979,N/A,X,,Flex Asset EOL and Site Risk Evaluation Tool Ver 3.0 3.6.25.xlsx,Entry- Site SPOF Data,67,31,34,Valid
CIN02,4.0999999999999979,N/A,X,,Flex Asset EOL and Site Risk Evaluation Tool Ver 3.0 3.6.25.xlsx,Entry- Site SPOF Data,67,35,38,Valid
CLT01,4.0999999999999979,N/A,x,,Flex Asset EOL and Site Risk Evaluation Tool Ver 3.0 3.6.25.xlsx,Entry- Site SPOF Data,67,39,42,Valid
CLT02,4.0999999999999979,N/A,x,,Flex Asset EOL and Site Risk Evaluation Tool Ver 3.0 3.6.25.xlsx,Entry- Site SPOF Data,67,43,46,Valid
CLT03,4.0999999999999979,N/A,x,,Flex Asset EOL and Site Risk Evaluation Tool Ver 3.0 3.6.25.xlsx,Entry- Site SPOF Data,67,47,50,Valid
CLT04,4.0999999999999979,N/A,x,,Flex Asset EOL and Site Risk Evaluation Tool Ver 3.0 3.6.25.xlsx,Entry- Site SPOF Data,67,51,54,Valid
CLT05,4.0999999999999979,N/A,x,,Flex Asset EOL and Site Risk Evaluation Tool Ver 3.0 3.6.25.xlsx,Entry- Site SPOF Data,67,55,58,Valid
DAL01,4.0999999999999979,Yes,X,Landlord owned,Flex Asset EOL and Site Risk Evaluation Tool Ver 3.0 3.6.25.xlsx,Entry- Site SPOF Data,67,59,62,Valid
DAL02,4.0999999999999979,Yes,X,Landlord maintained,Flex Asset EOL and Site Risk Evaluation Tool Ver 3.0 3.6.25.xlsx,Entry- Site SPOF Data,67,63,66,Valid
DAL03,4.0999999999999979,Yes,X,Landlord maintained,Flex Asset EOL and Site Risk Evaluation Tool Ver 3.0 3.6.25.xlsx,Entry- Site SPOF Data,67,67,70,Valid
DAL04,4.0999999999999979,N/A,X,,Flex Asset EOL and Site Risk Evaluation Tool Ver 3.0 3.6.25.xlsx,Entry- Site SPOF Data,67,71,74,Valid
DAL05,4.0999999999999979,N/A,X,,Flex Asset EOL and Site Risk Evaluation Tool Ver 3.0 3.6.25.xlsx,Entry- Site SPOF Data,67,75,78,Valid
DEN02,4.0999999999999979,Yes,X,,Flex Asset EOL and Site Risk Evaluation Tool Ver 3.0 3.6.25.xlsx,Entry- Site SPOF Data,67,79,82,Valid
DEN03,4.0999999999999979,Yes,X,,Flex Asset EOL and Site Risk Evaluation Tool Ver 3.0 3.6.25.xlsx,Entry- Site SPOF Data,67,83,86,Valid
DEN05.01,4.0999999999999979,N/A,X,,Flex Asset EOL and Site Risk Evaluation Tool Ver 3.0 3.6.25.xlsx,Entry- Site SPOF Data,67,87,90,Valid
DEN05.02,4.0999999999999979,N/A,X,,Flex Asset EOL and Site Risk Evaluation Tool Ver 3.0 3.6.25.xlsx,Entry- Site SPOF Data,67,91,94,Valid
DEN11,4.0999999999999979,N/A,x,,Flex Asset EOL and Site Risk Evaluation Tool Ver 3.0 3.6.25.xlsx,Entry- Site SPOF Data,67,95,98,Valid
DFW01,4.0999999999999979,N/A,X,,Flex Asset EOL and Site Risk Evaluation Tool Ver 3.0 3.6.25.xlsx,Entry- Site SPOF Data,67,99,102,Valid
FLL01,4.0999999999999979,Yes,X,,Flex Asset EOL and Site Risk Evaluation Tool Ver 3.0 3.6.25.xlsx,Entry- Site SPOF Data,67,103,106,Valid
FLL02,4.0999999999999979,Yes,X,,Flex Asset EOL and Site Risk Evaluation Tool Ver 3.0 3.6.25.xlsx,Entry- Site SPOF Data,67,107,110,Valid
JAX01,4.0999999999999979,N/A,X,,Flex Asset EOL and Site Risk Evaluation Tool Ver 3.0 3.6.25.xlsx,Entry- Site SPOF Data,67,111,114,Valid
JAX02,4.0999999999999979,N/A,X,,Flex Asset EOL and Site Risk Evaluation Tool Ver 3.0 3.6.25.xlsx,Entry- Site SPOF Data,67,115,118,Valid
LAS03,4.0999999999999979,N/A,X,,Flex Asset EOL and Site Risk Evaluation Tool Ver 3.0 3.6.25.xlsx,Entry- Site SPOF Data,67,119,122,Valid
LAS04,4.0999999999999979,No,X,Used for economization only,Flex Asset EOL and Site Risk Evaluation Tool Ver 3.0 3.6.25.xlsx,Entry- Site SPOF Data,67,123,126,Valid
LAS05,4.0999999999999979,N/A,X,,Flex Asset EOL and Site Risk Evaluation Tool Ver 3.0 3.6.25.xlsx,Entry- Site SPOF Data,67,127,130,Valid
LOU02,4.0999999999999979,N/A,X,,Flex Asset EOL and Site Risk Evaluation Tool Ver 3.0 3.6.25.xlsx,Entry- Site SPOF Data,67,131,134,Valid
LOU03,4.0999999999999979,N/A,X,,Flex Asset EOL and Site Risk Evaluation Tool Ver 3.0 3.6.25.xlsx,Entry- Site SPOF Data,67,135,138,Valid
LOU04,4.0999999999999979,N/A,X,,Flex Asset EOL and Site Risk Evaluation Tool Ver 3.0 3.6.25.xlsx,Entry- Site SPOF Data,67,139,142,Valid
LOU05,4.0999999999999979,N/A,X,,Flex Asset EOL and Site Risk Evaluation Tool Ver 3.0 3.6.25.xlsx,Entry- Site SPOF Data,67,143,146,Valid
MSP01,4.0999999999999979,N/A,X,,Flex Asset EOL and Site Risk Evaluation Tool Ver 3.0 3.6.25.xlsx,Entry- Site SPOF Data,67,147,150,Valid
NAS01,4.0999999999999979,N/A,x,,Flex Asset EOL and Site Risk Evaluation Tool Ver 3.0 3.6.25.xlsx,Entry- Site SPOF Data,67,151,154,Valid
NAS02,4.0999999999999979,N/A,x,,Flex Asset EOL and Site Risk Evaluation Tool Ver 3.0 3.6.25.xlsx,Entry- Site SPOF Data,67,155,158,Valid
NAS03,4.0999999999999979,N/A,x,,Flex Asset EOL and Site Risk Evaluation Tool Ver 3.0 3.6.25.xlsx,Entry- Site SPOF Data,67,159,162,Valid
NAS04,4.0999999999999979,N/A,x,,Flex Asset EOL and Site Risk Evaluation Tool Ver 3.0 3.6.25.xlsx,Entry- Site SPOF Data,67,163,166,Valid
NAS05,4.0999999999999979,N/A,x,,Flex Asset EOL and Site Risk Evaluation Tool Ver 3.0 3.6.25.xlsx,Entry- Site SPOF Data,67,167,170,Valid
NAS06,4.0999999999999979,N/A,x,,Flex Asset EOL and Site Risk Evaluation Tool Ver 3.0 3.6.25.xlsx,Entry- Site SPOF Data,67,171,174,Valid
PDX01.01,4.0999999999999979,Yes,x,,Flex Asset EOL and Site Risk Evaluation Tool Ver 3.0 3.6.25.xlsx,Entry- Site SPOF Data,67,175,178,Valid
PDX01.02,4.0999999999999979,Yes,x,,Flex Asset EOL and Site Risk Evaluation Tool Ver 3.0 3.6.25.xlsx,Entry- Site SPOF Data,67,179,182,Valid
PDX02,4.0999999999999979,Yes,X,,Flex Asset EOL and Site Risk Evaluation Tool Ver 3.0 3.6.25.xlsx,Entry- Site SPOF Data,67,183,186,Valid
PDX03,4.0999999999999979,N/A,X,,Flex Asset EOL and Site Risk Evaluation Tool Ver 3.0 3.6.25.xlsx,Entry- Site SPOF Data,67,187,190,Valid
PDX04,4.0999999999999979,N/A,X,,Flex Asset EOL and Site Risk Evaluation Tool Ver 3.0 3.6.25.xlsx,Entry- Site SPOF Data,67,191,194,Valid
PHL01,4.0999999999999979,N/A,X,,Flex Asset EOL and Site Risk Evaluation Tool Ver 3.0 3.6.25.xlsx,Entry- Site SPOF Data,67,195,198,Valid
PHX01,4.0999999999999979,Yes,X,,Flex Asset EOL and Site Risk Evaluation Tool Ver 3.0 3.6.25.xlsx,Entry- Site SPOF Data,67,199,202,Valid
RAL01,4.0999999999999979,Yes,X,,Flex Asset EOL and Site Risk Evaluation Tool Ver 3.0 3.6.25.xlsx,Entry- Site SPOF Data,67,203,206,Valid
RAL02,4.0999999999999979,Yes,X,,Flex Asset EOL and Site Risk Evaluation Tool Ver 3.0 3.6.25.xlsx,Entry- Site SPOF Data,67,207,210,Valid
RAL03,4.0999999999999979,Yes,X,,Flex Asset EOL and Site Risk Evaluation Tool Ver 3.0 3.6.25.xlsx,Entry- Site SPOF Data,67,211,214,Valid
RCH01,4.0999999999999979,Yes,x,same as CHWP and CWP,Flex Asset EOL and Site Risk Evaluation Tool Ver 3.0 3.6.25.xlsx,Entry- Site SPOF Data,67,215,218,Valid
RIC01,4.0999999999999979,Yes,x,,Flex Asset EOL and Site Risk Evaluation Tool Ver 3.0 3.6.25.xlsx,Entry- Site SPOF Data,67,219,222,Valid
RIC02,4.0999999999999979,Yes,x,,Flex Asset EOL and Site Risk Evaluation Tool Ver 3.0 3.6.25.xlsx,Entry- Site SPOF Data,67,223,226,Valid
SLC03,4.0999999999999979,N/A,X,,Flex Asset EOL and Site Risk Evaluation Tool Ver 3.0 3.6.25.xlsx,Entry- Site SPOF Data,67,227,230,Valid
SLC04.01,4.0999999999999979,No,X,"HVAC is distributed through multiple distribution panels, but have the same upstream breaker.",Flex Asset EOL and Site Risk Evaluation Tool Ver 3.0 3.6.25.xlsx,Entry- Site SPOF Data,67,231,234,Valid
SLC04.02,4.0999999999999979,N/A,X,,Flex Asset EOL and Site Risk Evaluation Tool Ver 3.0 3.6.25.xlsx,Entry- Site SPOF Data,67,235,238,Valid
SLC04.03,4.0999999999999979,No,X,"In colo 3, HVAC is split between ""A"" and ""B"" sides of switchgear with diverse paths but single utility feed.",Flex Asset EOL and Site Risk Evaluation Tool Ver 3.0 3.6.25.xlsx,Entry- Site SPOF Data,67,239,242,Valid
SLC07,4.0999999999999979,N/A,X,,Flex Asset EOL and Site Risk Evaluation Tool Ver 3.0 3.6.25.xlsx,Entry- Site SPOF Data,67,243,246,Valid
SLC09,4.0999999999999979,N/A,X,,Flex Asset EOL and Site Risk Evaluation Tool Ver 3.0 3.6.25.xlsx,Entry- Site SPOF Data,67,247,250,Valid
SLC10,4.0999999999999979,Yes,X,,Flex Asset EOL and Site Risk Evaluation Tool Ver 3.0 3.6.25.xlsx,Entry- Site SPOF Data,67,251,254,Valid
TPA01,4.0999999999999979,Yes,X,,Flex Asset EOL and Site Risk Evaluation Tool Ver 3.0 3.6.25.xlsx,Entry- Site SPOF Data,67,255,258,Valid
TPA02,4.0999999999999979,Yes,X,,Flex Asset EOL and Site Risk Evaluation Tool Ver 3.0 3.6.25.xlsx,Entry- Site SPOF Data,67,259,262,Valid
TPA03,4.0999999999999979,Yes,X,,Flex Asset EOL and Site Risk Evaluation Tool Ver 3.0 3.6.25.xlsx,Entry- Site SPOF Data,67,263,266,Valid
TPA04,4.0999999999999979,Yes,X,,Flex Asset EOL and Site Risk Evaluation Tool Ver 3.0 3.6.25.xlsx,Entry- Site SPOF Data,67,267,270,Valid
ABE01,4.1099999999999977,N/A,x,,Flex Asset EOL and Site Risk Evaluation Tool Ver 3.0 3.6.25.xlsx,Entry- Site SPOF Data,68,7,10,Valid
ATL01,4.1099999999999977,N/A,X,,Flex Asset EOL and Site Risk Evaluation Tool Ver 3.0 3.6.25.xlsx,Entry- Site SPOF Data,68,11,14,Valid
ATL02,4.1099999999999977,N/A,X,,Flex Asset EOL and Site Risk Evaluation Tool Ver 3.0 3.6.25.xlsx,Entry- Site SPOF Data,68,15,18,Valid
ATL03,4.1099999999999977,N/A,x,,Flex Asset EOL and Site Risk Evaluation Tool Ver 3.0 3.6.25.xlsx,Entry- Site SPOF Data,68,19,22,Valid
ATL04,4.1099999999999977,N/A,x,,Flex Asset EOL and Site Risk Evaluation Tool Ver 3.0 3.6.25.xlsx,Entry- Site SPOF Data,68,23,26,Valid
ATL05,4.1099999999999977,N/A,X,,Flex Asset EOL and Site Risk Evaluation Tool Ver 3.0 3.6.25.xlsx,Entry- Site SPOF Data,68,27,30,Valid
CIN01,4.1099999999999977,N/A,X,,Flex Asset EOL and Site Risk Evaluation Tool Ver 3.0 3.6.25.xlsx,Entry- Site SPOF Data,68,31,34,Valid
CIN02,4.1099999999999977,N/A,X,,Flex Asset EOL and Site Risk Evaluation Tool Ver 3.0 3.6.25.xlsx,Entry- Site SPOF Data,68,35,38,Valid
CLT01,4.1099999999999977,N/A,x,,Flex Asset EOL and Site Risk Evaluation Tool Ver 3.0 3.6.25.xlsx,Entry- Site SPOF Data,68,39,42,Valid
CLT02,4.1099999999999977,N/A,x,,Flex Asset EOL and Site Risk Evaluation Tool Ver 3.0 3.6.25.xlsx,Entry- Site SPOF Data,68,43,46,Valid
CLT03,4.1099999999999977,N/A,x,,Flex Asset EOL and Site Risk Evaluation Tool Ver 3.0 3.6.25.xlsx,Entry- Site SPOF Data,68,47,50,Valid
CLT04,4.1099999999999977,N/A,x,,Flex Asset EOL and Site Risk Evaluation Tool Ver 3.0 3.6.25.xlsx,Entry- Site SPOF Data,68,51,54,Valid
CLT05,4.1099999999999977,N/A,x,,Flex Asset EOL and Site Risk Evaluation Tool Ver 3.0 3.6.25.xlsx,Entry- Site SPOF Data,68,55,58,Valid
DAL01,4.1099999999999977,Yes,X,Landlord owned,Flex Asset EOL and Site Risk Evaluation Tool Ver 3.0 3.6.25.xlsx,Entry- Site SPOF Data,68,59,62,Valid
DAL02,4.1099999999999977,Yes,X,Landlord maintained,Flex Asset EOL and Site Risk Evaluation Tool Ver 3.0 3.6.25.xlsx,Entry- Site SPOF Data,68,63,66,Valid
DAL03,4.1099999999999977,Yes,X,Landlord maintained,Flex Asset EOL and Site Risk Evaluation Tool Ver 3.0 3.6.25.xlsx,Entry- Site SPOF Data,68,67,70,Valid
DAL04,4.1099999999999977,N/A,X,,Flex Asset EOL and Site Risk Evaluation Tool Ver 3.0 3.6.25.xlsx,Entry- Site SPOF Data,68,71,74,Valid
DAL05,4.1099999999999977,N/A,X,,Flex Asset EOL and Site Risk Evaluation Tool Ver 3.0 3.6.25.xlsx,Entry- Site SPOF Data,68,75,78,Valid
DEN02,4.1099999999999977,Yes,X,,Flex Asset EOL and Site Risk Evaluation Tool Ver 3.0 3.6.25.xlsx,Entry- Site SPOF Data,68,79,82,Valid
DEN03,4.1099999999999977,Yes,X,,Flex Asset EOL and Site Risk Evaluation Tool Ver 3.0 3.6.25.xlsx,Entry- Site SPOF Data,68,83,86,Valid
DEN05.01,4.1099999999999977,N/A,X,,Flex Asset EOL and Site Risk Evaluation Tool Ver 3.0 3.6.25.xlsx,Entry- Site SPOF Data,68,87,90,Valid
DEN05.02,4.1099999999999977,N/A,X,,Flex Asset EOL and Site Risk Evaluation Tool Ver 3.0 3.6.25.xlsx,Entry- Site SPOF Data,68,91,94,Valid
DEN11,4.1099999999999977,N/A,x,,Flex Asset EOL and Site Risk Evaluation Tool Ver 3.0 3.6.25.xlsx,Entry- Site SPOF Data,68,95,98,Valid
DFW01,4.1099999999999977,N/A,X,,Flex Asset EOL and Site Risk Evaluation Tool Ver 3.0 3.6.25.xlsx,Entry- Site SPOF Data,68,99,102,Valid
FLL01,4.1099999999999977,Yes,X,,Flex Asset EOL and Site Risk Evaluation Tool Ver 3.0 3.6.25.xlsx,Entry- Site SPOF Data,68,103,106,Valid
FLL02,4.1099999999999977,Yes,X,,Flex Asset EOL and Site Risk Evaluation Tool Ver 3.0 3.6.25.xlsx,Entry- Site SPOF Data,68,107,110,Valid
JAX01,4.1099999999999977,N/A,X,,Flex Asset EOL and Site Risk Evaluation Tool Ver 3.0 3.6.25.xlsx,Entry- Site SPOF Data,68,111,114,Valid
JAX02,4.1099999999999977,N/A,X,,Flex Asset EOL and Site Risk Evaluation Tool Ver 3.0 3.6.25.xlsx,Entry- Site SPOF Data,68,115,118,Valid
LAS03,4.1099999999999977,N/A,X,,Flex Asset EOL and Site Risk Evaluation Tool Ver 3.0 3.6.25.xlsx,Entry- Site SPOF Data,68,119,122,Valid
LAS04,4.1099999999999977,Yes,X,Used for economization only,Flex Asset EOL and Site Risk Evaluation Tool Ver 3.0 3.6.25.xlsx,Entry- Site SPOF Data,68,123,126,Valid
LAS05,4.1099999999999977,N/A,X,,Flex Asset EOL and Site Risk Evaluation Tool Ver 3.0 3.6.25.xlsx,Entry- Site SPOF Data,68,127,130,Valid
LOU02,4.1099999999999977,N/A,X,,Flex Asset EOL and Site Risk Evaluation Tool Ver 3.0 3.6.25.xlsx,Entry- Site SPOF Data,68,131,134,Valid
LOU03,4.1099999999999977,N/A,X,,Flex Asset EOL and Site Risk Evaluation Tool Ver 3.0 3.6.25.xlsx,Entry- Site SPOF Data,68,135,138,Valid
LOU04,4.1099999999999977,N/A,X,,Flex Asset EOL and Site Risk Evaluation Tool Ver 3.0 3.6.25.xlsx,Entry- Site SPOF Data,68,139,142,Valid
LOU05,4.1099999999999977,N/A,X,,Flex Asset EOL and Site Risk Evaluation Tool Ver 3.0 3.6.25.xlsx,Entry- Site SPOF Data,68,143,146,Valid
MSP01,4.1099999999999977,N/A,X,,Flex Asset EOL and Site Risk Evaluation Tool Ver 3.0 3.6.25.xlsx,Entry- Site SPOF Data,68,147,150,Valid
NAS01,4.1099999999999977,N/A,x,,Flex Asset EOL and Site Risk Evaluation Tool Ver 3.0 3.6.25.xlsx,Entry- Site SPOF Data,68,151,154,Valid
NAS02,4.1099999999999977,N/A,x,,Flex Asset EOL and Site Risk Evaluation Tool Ver 3.0 3.6.25.xlsx,Entry- Site SPOF Data,68,155,158,Valid
NAS03,4.1099999999999977,N/A,x,,Flex Asset EOL and Site Risk Evaluation Tool Ver 3.0 3.6.25.xlsx,Entry- Site SPOF Data,68,159,162,Valid
NAS04,4.1099999999999977,N/A,x,,Flex Asset EOL and Site Risk Evaluation Tool Ver 3.0 3.6.25.xlsx,Entry- Site SPOF Data,68,163,166,Valid
NAS05,4.1099999999999977,N/A,x,,Flex Asset EOL and Site Risk Evaluation Tool Ver 3.0 3.6.25.xlsx,Entry- Site SPOF Data,68,167,170,Valid
NAS06,4.1099999999999977,N/A,x,,Flex Asset EOL and Site Risk Evaluation Tool Ver 3.0 3.6.25.xlsx,Entry- Site SPOF Data,68,171,174,Valid
PDX01.01,4.1099999999999977,Yes,x,,Flex Asset EOL and Site Risk Evaluation Tool Ver 3.0 3.6.25.xlsx,Entry- Site SPOF Data,68,175,178,Valid
PDX01.02,4.1099999999999977,Yes,x,,Flex Asset EOL and Site Risk Evaluation Tool Ver 3.0 3.6.25.xlsx,Entry- Site SPOF Data,68,179,182,Valid
PDX02,4.1099999999999977,Yes,X,,Flex Asset EOL and Site Risk Evaluation Tool Ver 3.0 3.6.25.xlsx,Entry- Site SPOF Data,68,183,186,Valid
PDX03,4.1099999999999977,N/A,X,,Flex Asset EOL and Site Risk Evaluation Tool Ver 3.0 3.6.25.xlsx,Entry- Site SPOF Data,68,187,190,Valid
PDX04,4.1099999999999977,N/A,X,,Flex Asset EOL and Site Risk Evaluation Tool Ver 3.0 3.6.25.xlsx,Entry- Site SPOF Data,68,191,194,Valid
PHL01,4.1099999999999977,N/A,X,,Flex Asset EOL and Site Risk Evaluation Tool Ver 3.0 3.6.25.xlsx,Entry- Site SPOF Data,68,195,198,Valid
PHX01,4.1099999999999977,Yes,X,,Flex Asset EOL and Site Risk Evaluation Tool Ver 3.0 3.6.25.xlsx,Entry- Site SPOF Data,68,199,202,Valid
RAL01,4.1099999999999977,Yes,X,,Flex Asset EOL and Site Risk Evaluation Tool Ver 3.0 3.6.25.xlsx,Entry- Site SPOF Data,68,203,206,Valid
RAL02,4.1099999999999977,Yes,X,,Flex Asset EOL and Site Risk Evaluation Tool Ver 3.0 3.6.25.xlsx,Entry- Site SPOF Data,68,207,210,Valid
RAL03,4.1099999999999977,Yes,X,,Flex Asset EOL and Site Risk Evaluation Tool Ver 3.0 3.6.25.xlsx,Entry- Site SPOF Data,68,211,214,Valid
RCH01,4.1099999999999977,Yes,x,,Flex Asset EOL and Site Risk Evaluation Tool Ver 3.0 3.6.25.xlsx,Entry- Site SPOF Data,68,215,218,Valid
RIC01,4.1099999999999977,Yes,x,,Flex Asset EOL and Site Risk Evaluation Tool Ver 3.0 3.6.25.xlsx,Entry- Site SPOF Data,68,219,222,Valid
RIC02,4.1099999999999977,Yes,x,,Flex Asset EOL and Site Risk Evaluation Tool Ver 3.0 3.6.25.xlsx,Entry- Site SPOF Data,68,223,226,Valid
SLC03,4.1099999999999977,N/A,X,,Flex Asset EOL and Site Risk Evaluation Tool Ver 3.0 3.6.25.xlsx,Entry- Site SPOF Data,68,227,230,Valid
SLC04.01,4.1099999999999977,Yes,X,,Flex Asset EOL and Site Risk Evaluation Tool Ver 3.0 3.6.25.xlsx,Entry- Site SPOF Data,68,231,234,Valid
SLC04.02,4.1099999999999977,N/A,X,,Flex Asset EOL and Site Risk Evaluation Tool Ver 3.0 3.6.25.xlsx,Entry- Site SPOF Data,68,235,238,Valid
SLC04.03,4.1099999999999977,Yes,X,,Flex Asset EOL and Site Risk Evaluation Tool Ver 3.0 3.6.25.xlsx,Entry- Site SPOF Data,68,239,242,Valid
SLC07,4.1099999999999977,N/A,x,,Flex Asset EOL and Site Risk Evaluation Tool Ver 3.0 3.6.25.xlsx,Entry- Site SPOF Data,68,243,246,Valid
SLC09,4.1099999999999977,N/A,X,,Flex Asset EOL and Site Risk Evaluation Tool Ver 3.0 3.6.25.xlsx,Entry- Site SPOF Data,68,247,250,Valid
SLC10,4.1099999999999977,Yes,X,,Flex Asset EOL and Site Risk Evaluation Tool Ver 3.0 3.6.25.xlsx,Entry- Site SPOF Data,68,251,254,Valid
TPA01,4.1099999999999977,Yes,X,,Flex Asset EOL and Site Risk Evaluation Tool Ver 3.0 3.6.25.xlsx,Entry- Site SPOF Data,68,255,258,Valid
TPA02,4.1099999999999977,Yes,X,,Flex Asset EOL and Site Risk Evaluation Tool Ver 3.0 3.6.25.xlsx,Entry- Site SPOF Data,68,259,262,Valid
TPA03,4.1099999999999977,Yes,X,,Flex Asset EOL and Site Risk Evaluation Tool Ver 3.0 3.6.25.xlsx,Entry- Site SPOF Data,68,263,266,Valid
TPA04,4.1099999999999977,Yes,X,,Flex Asset EOL and Site Risk Evaluation Tool Ver 3.0 3.6.25.xlsx,Entry- Site SPOF Data,68,267,270,Valid
ABE01,4.1199999999999974,Yes,x,,Flex Asset EOL and Site Risk Evaluation Tool Ver 3.0 3.6.25.xlsx,Entry- Site SPOF Data,69,7,10,Valid
ATL01,4.1199999999999974,N/A,X,,Flex Asset EOL and Site Risk Evaluation Tool Ver 3.0 3.6.25.xlsx,Entry- Site SPOF Data,69,11,14,Valid
ATL02,4.1199999999999974,Yes,X,,Flex Asset EOL and Site Risk Evaluation Tool Ver 3.0 3.6.25.xlsx,Entry- Site SPOF Data,69,15,18,Valid
ATL03,4.1199999999999974,Yes,x,,Flex Asset EOL and Site Risk Evaluation Tool Ver 3.0 3.6.25.xlsx,Entry- Site SPOF Data,69,19,22,Valid
ATL04,4.1199999999999974,Yes,x,,Flex Asset EOL and Site Risk Evaluation Tool Ver 3.0 3.6.25.xlsx,Entry- Site SPOF Data,69,23,26,Valid
ATL05,4.1199999999999974,Yes,X,,Flex Asset EOL and Site Risk Evaluation Tool Ver 3.0 3.6.25.xlsx,Entry- Site SPOF Data,69,27,30,Valid
CIN01,4.1199999999999974,Yes,X,Different input breakers on H1 and H2 panels,Flex Asset EOL and Site Risk Evaluation Tool Ver 3.0 3.6.25.xlsx,Entry- Site SPOF Data,69,31,34,Valid
CIN02,4.1199999999999974,Yes,X,Different input breakers on H1 and H2 panels,Flex Asset EOL and Site Risk Evaluation Tool Ver 3.0 3.6.25.xlsx,Entry- Site SPOF Data,69,35,38,Valid
CLT01,4.1199999999999974,Yes,x,,Flex Asset EOL and Site Risk Evaluation Tool Ver 3.0 3.6.25.xlsx,Entry- Site SPOF Data,69,39,42,Valid
CLT02,4.1199999999999974,Yes,x,,Flex Asset EOL and Site Risk Evaluation Tool Ver 3.0 3.6.25.xlsx,Entry- Site SPOF Data,69,43,46,Valid
CLT03,4.1199999999999974,Yes,x,,Flex Asset EOL and Site Risk Evaluation Tool Ver 3.0 3.6.25.xlsx,Entry- Site SPOF Data,69,47,50,Valid
CLT04,4.1199999999999974,Yes,x,,Flex Asset EOL and Site Risk Evaluation Tool Ver 3.0 3.6.25.xlsx,Entry- Site SPOF Data,69,51,54,Valid
CLT05,4.1199999999999974,Yes,x,,Flex Asset EOL and Site Risk Evaluation Tool Ver 3.0 3.6.25.xlsx,Entry- Site SPOF Data,69,55,58,Valid
DAL01,4.1199999999999974,No,X,,Flex Asset EOL and Site Risk Evaluation Tool Ver 3.0 3.6.25.xlsx,Entry- Site SPOF Data,69,59,62,Valid
DAL02,4.1199999999999974,Yes,X,,Flex Asset EOL and Site Risk Evaluation Tool Ver 3.0 3.6.25.xlsx,Entry- Site SPOF Data,69,63,66,Valid
DAL03,4.1199999999999974,Yes,X,,Flex Asset EOL and Site Risk Evaluation Tool Ver 3.0 3.6.25.xlsx,Entry- Site SPOF Data,69,67,70,Valid
DAL04,4.1199999999999974,Yes,X,,Flex Asset EOL and Site Risk Evaluation Tool Ver 3.0 3.6.25.xlsx,Entry- Site SPOF Data,69,71,74,Valid
DAL05,4.1199999999999974,Yes,X,,Flex Asset EOL and Site Risk Evaluation Tool Ver 3.0 3.6.25.xlsx,Entry- Site SPOF Data,69,75,78,Valid
DEN02,4.1199999999999974,Yes,X,,Flex Asset EOL and Site Risk Evaluation Tool Ver 3.0 3.6.25.xlsx,Entry- Site SPOF Data,69,79,82,Valid
DEN03,4.1199999999999974,Yes,X,,Flex Asset EOL and Site Risk Evaluation Tool Ver 3.0 3.6.25.xlsx,Entry- Site SPOF Data,69,83,86,Valid
DEN05.01,4.1199999999999974,Yes,X,,Flex Asset EOL and Site Risk Evaluation Tool Ver 3.0 3.6.25.xlsx,Entry- Site SPOF Data,69,87,90,Valid
DEN05.02,4.1199999999999974,Yes,X,,Flex Asset EOL and Site Risk Evaluation Tool Ver 3.0 3.6.25.xlsx,Entry- Site SPOF Data,69,91,94,Valid
DEN11,4.1199999999999974,Yes,x,,Flex Asset EOL and Site Risk Evaluation Tool Ver 3.0 3.6.25.xlsx,Entry- Site SPOF Data,69,95,98,Valid
DFW01,4.1199999999999974,Yes,X,,Flex Asset EOL and Site Risk Evaluation Tool Ver 3.0 3.6.25.xlsx,Entry- Site SPOF Data,69,99,102,Valid
FLL01,4.1199999999999974,Yes,X,,Flex Asset EOL and Site Risk Evaluation Tool Ver 3.0 3.6.25.xlsx,Entry- Site SPOF Data,69,103,106,Valid
FLL02,4.1199999999999974,Yes,X,,Flex Asset EOL and Site Risk Evaluation Tool Ver 3.0 3.6.25.xlsx,Entry- Site SPOF Data,69,107,110,Valid
JAX01,4.1199999999999974,Yes,X,,Flex Asset EOL and Site Risk Evaluation Tool Ver 3.0 3.6.25.xlsx,Entry- Site SPOF Data,69,111,114,Valid
JAX02,4.1199999999999974,Yes,X,,Flex Asset EOL and Site Risk Evaluation Tool Ver 3.0 3.6.25.xlsx,Entry- Site SPOF Data,69,115,118,Valid
LAS03,4.1199999999999974,Yes,X,,Flex Asset EOL and Site Risk Evaluation Tool Ver 3.0 3.6.25.xlsx,Entry- Site SPOF Data,69,119,122,Valid
LAS04,4.1199999999999974,Yes,X,,Flex Asset EOL and Site Risk Evaluation Tool Ver 3.0 3.6.25.xlsx,Entry- Site SPOF Data,69,123,126,Valid
LAS05,4.1199999999999974,Yes,X,But units are obsolete/EOL and no OEM parts are available for repairs,Flex Asset EOL and Site Risk Evaluation Tool Ver 3.0 3.6.25.xlsx,Entry- Site SPOF Data,69,127,130,Valid
LOU02,4.1199999999999974,Yes,X,,Flex Asset EOL and Site Risk Evaluation Tool Ver 3.0 3.6.25.xlsx,Entry- Site SPOF Data,69,131,134,Valid
LOU03,4.1199999999999974,Yes,X,,Flex Asset EOL and Site Risk Evaluation Tool Ver 3.0 3.6.25.xlsx,Entry- Site SPOF Data,69,135,138,Valid
LOU04,4.1199999999999974,Yes,X,,Flex Asset EOL and Site Risk Evaluation Tool Ver 3.0 3.6.25.xlsx,Entry- Site SPOF Data,69,139,142,Valid
LOU05,4.1199999999999974,Yes,X,"1 CRAC, 2 Different AH",Flex Asset EOL and Site Risk Evaluation Tool Ver 3.0 3.6.25.xlsx,Entry- Site SPOF Data,69,143,146,Valid
MSP01,4.1199999999999974,Yes,X,,Flex Asset EOL and Site Risk Evaluation Tool Ver 3.0 3.6.25.xlsx,Entry- Site SPOF Data,69,147,150,Valid
NAS01,4.1199999999999974,Yes,X,,Flex Asset EOL and Site Risk Evaluation Tool Ver 3.0 3.6.25.xlsx,Entry- Site SPOF Data,69,151,154,Valid
NAS02,4.1199999999999974,Yes,x,,Flex Asset EOL and Site Risk Evaluation Tool Ver 3.0 3.6.25.xlsx,Entry- Site SPOF Data,69,155,158,Valid
NAS03,4.1199999999999974,Yes,X,,Flex Asset EOL and Site Risk Evaluation Tool Ver 3.0 3.6.25.xlsx,Entry- Site SPOF Data,69,159,162,Valid
NAS04,4.1199999999999974,Yes,X,,Flex Asset EOL and Site Risk Evaluation Tool Ver 3.0 3.6.25.xlsx,Entry- Site SPOF Data,69,163,166,Valid
NAS05,4.1199999999999974,Yes,X,,Flex Asset EOL and Site Risk Evaluation Tool Ver 3.0 3.6.25.xlsx,Entry- Site SPOF Data,69,167,170,Valid
NAS06,4.1199999999999974,Yes,X,,Flex Asset EOL and Site Risk Evaluation Tool Ver 3.0 3.6.25.xlsx,Entry- Site SPOF Data,69,171,174,Valid
PDX01.01,4.1199999999999974,Yes,X,,Flex Asset EOL and Site Risk Evaluation Tool Ver 3.0 3.6.25.xlsx,Entry- Site SPOF Data,69,175,178,Valid
PDX01.02,4.1199999999999974,Yes,X,,Flex Asset EOL and Site Risk Evaluation Tool Ver 3.0 3.6.25.xlsx,Entry- Site SPOF Data,69,179,182,Valid
PDX02,4.1199999999999974,No,X,No power room cooling,Flex Asset EOL and Site Risk Evaluation Tool Ver 3.0 3.6.25.xlsx,Entry- Site SPOF Data,69,183,186,Valid
PDX03,4.1199999999999974,N/A,X,Power room cooling is currently only exhaust fans circulating outside air. We are working on a plan to install adequate cooling.,Flex Asset EOL and Site Risk Evaluation Tool Ver 3.0 3.6.25.xlsx,Entry- Site SPOF Data,69,187,190,Valid
PDX04,4.1199999999999974,Yes,X,,Flex Asset EOL and Site Risk Evaluation Tool Ver 3.0 3.6.25.xlsx,Entry- Site SPOF Data,69,191,194,Valid
PHL01,4.1199999999999974,Yes,X,,Flex Asset EOL and Site Risk Evaluation Tool Ver 3.0 3.6.25.xlsx,Entry- Site SPOF Data,69,195,198,Valid
PHX01,4.1199999999999974,Yes,X,,Flex Asset EOL and Site Risk Evaluation Tool Ver 3.0 3.6.25.xlsx,Entry- Site SPOF Data,69,199,202,Valid
RAL01,4.1199999999999974,Yes,X,,Flex Asset EOL and Site Risk Evaluation Tool Ver 3.0 3.6.25.xlsx,Entry- Site SPOF Data,69,203,206,Valid
RAL02,4.1199999999999974,Yes,X,,Flex Asset EOL and Site Risk Evaluation Tool Ver 3.0 3.6.25.xlsx,Entry- Site SPOF Data,69,207,210,Valid
RAL03,4.1199999999999974,Yes,X,,Flex Asset EOL and Site Risk Evaluation Tool Ver 3.0 3.6.25.xlsx,Entry- Site SPOF Data,69,211,214,Valid
RCH01,4.1199999999999974,Yes,x,,Flex Asset EOL and Site Risk Evaluation Tool Ver 3.0 3.6.25.xlsx,Entry- Site SPOF Data,69,215,218,Valid
RIC01,4.1199999999999974,Yes,x,,Flex Asset EOL and Site Risk Evaluation Tool Ver 3.0 3.6.25.xlsx,Entry- Site SPOF Data,69,219,222,Valid
RIC02,4.1199999999999974,Yes,x,,Flex Asset EOL and Site Risk Evaluation Tool Ver 3.0 3.6.25.xlsx,Entry- Site SPOF Data,69,223,226,Valid
SLC03,4.1199999999999974,Yes,X,,Flex Asset EOL and Site Risk Evaluation Tool Ver 3.0 3.6.25.xlsx,Entry- Site SPOF Data,69,227,230,Valid
SLC04.01,4.1199999999999974,Yes,X,,Flex Asset EOL and Site Risk Evaluation Tool Ver 3.0 3.6.25.xlsx,Entry- Site SPOF Data,69,231,234,Valid
SLC04.02,4.1199999999999974,Yes,X,,Flex Asset EOL and Site Risk Evaluation Tool Ver 3.0 3.6.25.xlsx,Entry- Site SPOF Data,69,235,238,Valid
SLC04.03,4.1199999999999974,Yes,X,,Flex Asset EOL and Site Risk Evaluation Tool Ver 3.0 3.6.25.xlsx,Entry- Site SPOF Data,69,239,242,Valid
SLC07,4.1199999999999974,No,X,Battery room has a single CRAC unit,Flex Asset EOL and Site Risk Evaluation Tool Ver 3.0 3.6.25.xlsx,Entry- Site SPOF Data,69,243,246,Valid
SLC09,4.1199999999999974,Yes,X,,Flex Asset EOL and Site Risk Evaluation Tool Ver 3.0 3.6.25.xlsx,Entry- Site SPOF Data,69,247,250,Valid
SLC10,4.1199999999999974,No,X,,Flex Asset EOL and Site Risk Evaluation Tool Ver 3.0 3.6.25.xlsx,Entry- Site SPOF Data,69,251,254,Valid
TPA01,4.1199999999999974,Yes,X,,Flex Asset EOL and Site Risk Evaluation Tool Ver 3.0 3.6.25.xlsx,Entry- Site SPOF Data,69,255,258,Valid
TPA02,4.1199999999999974,Yes,X,,Flex Asset EOL and Site Risk Evaluation Tool Ver 3.0 3.6.25.xlsx,Entry- Site SPOF Data,69,259,262,Valid
TPA03,4.1199999999999974,Yes,X,,Flex Asset EOL and Site Risk Evaluation Tool Ver 3.0 3.6.25.xlsx,Entry- Site SPOF Data,69,263,266,Valid
TPA04,4.1199999999999974,Yes,X,,Flex Asset EOL and Site Risk Evaluation Tool Ver 3.0 3.6.25.xlsx,Entry- Site SPOF Data,69,267,270,Valid
ABE01,4.1299999999999972,Yes,x,,Flex Asset EOL and Site Risk Evaluation Tool Ver 3.0 3.6.25.xlsx,Entry- Site SPOF Data,70,7,10,Valid
ATL01,4.1299999999999972,N/A,X,,Flex Asset EOL and Site Risk Evaluation Tool Ver 3.0 3.6.25.xlsx,Entry- Site SPOF Data,70,11,14,Valid
ATL02,4.1299999999999972,No,X,,Flex Asset EOL and Site Risk Evaluation Tool Ver 3.0 3.6.25.xlsx,Entry- Site SPOF Data,70,15,18,Valid
ATL03,4.1299999999999972,Yes,x,,Flex Asset EOL and Site Risk Evaluation Tool Ver 3.0 3.6.25.xlsx,Entry- Site SPOF Data,70,19,22,Valid
ATL04,4.1299999999999972,Yes,x,,Flex Asset EOL and Site Risk Evaluation Tool Ver 3.0 3.6.25.xlsx,Entry- Site SPOF Data,70,23,26,Valid
ATL05,4.1299999999999972,No,X,,Flex Asset EOL and Site Risk Evaluation Tool Ver 3.0 3.6.25.xlsx,Entry- Site SPOF Data,70,27,30,Valid
CIN01,4.1299999999999972,Yes,X,,Flex Asset EOL and Site Risk Evaluation Tool Ver 3.0 3.6.25.xlsx,Entry- Site SPOF Data,70,31,34,Valid
CIN02,4.1299999999999972,Yes,X,,Flex Asset EOL and Site Risk Evaluation Tool Ver 3.0 3.6.25.xlsx,Entry- Site SPOF Data,70,35,38,Valid
CLT01,4.1299999999999972,No,x,,Flex Asset EOL and Site Risk Evaluation Tool Ver 3.0 3.6.25.xlsx,Entry- Site SPOF Data,70,39,42,Valid
CLT02,4.1299999999999972,No,x,,Flex Asset EOL and Site Risk Evaluation Tool Ver 3.0 3.6.25.xlsx,Entry- Site SPOF Data,70,43,46,Valid
CLT03,4.1299999999999972,No,x,,Flex Asset EOL and Site Risk Evaluation Tool Ver 3.0 3.6.25.xlsx,Entry- Site SPOF Data,70,47,50,Valid
CLT04,4.1299999999999972,No,x,,Flex Asset EOL and Site Risk Evaluation Tool Ver 3.0 3.6.25.xlsx,Entry- Site SPOF Data,70,51,54,Valid
CLT05,4.1299999999999972,Yes,x,,Flex Asset EOL and Site Risk Evaluation Tool Ver 3.0 3.6.25.xlsx,Entry- Site SPOF Data,70,55,58,Valid
DAL01,4.1299999999999972,No,X,,Flex Asset EOL and Site Risk Evaluation Tool Ver 3.0 3.6.25.xlsx,Entry- Site SPOF Data,70,59,62,Valid
DAL02,4.1299999999999972,Yes,X,,Flex Asset EOL and Site Risk Evaluation Tool Ver 3.0 3.6.25.xlsx,Entry- Site SPOF Data,70,63,66,Valid
DAL03,4.1299999999999972,Yes,X,,Flex Asset EOL and Site Risk Evaluation Tool Ver 3.0 3.6.25.xlsx,Entry- Site SPOF Data,70,67,70,Valid
DAL04,4.1299999999999972,Yes,X,,Flex Asset EOL and Site Risk Evaluation Tool Ver 3.0 3.6.25.xlsx,Entry- Site SPOF Data,70,71,74,Valid
DAL05,4.1299999999999972,Yes,X,,Flex Asset EOL and Site Risk Evaluation Tool Ver 3.0 3.6.25.xlsx,Entry- Site SPOF Data,70,75,78,Valid
DEN02,4.1299999999999972,Yes,X,,Flex Asset EOL and Site Risk Evaluation Tool Ver 3.0 3.6.25.xlsx,Entry- Site SPOF Data,70,79,82,Valid
DEN03,4.1299999999999972,Yes,X,,Flex Asset EOL and Site Risk Evaluation Tool Ver 3.0 3.6.25.xlsx,Entry- Site SPOF Data,70,83,86,Valid
DEN05.01,4.1299999999999972,Yes,X,,Flex Asset EOL and Site Risk Evaluation Tool Ver 3.0 3.6.25.xlsx,Entry- Site SPOF Data,70,87,90,Valid
DEN05.02,4.1299999999999972,Yes,X,,Flex Asset EOL and Site Risk Evaluation Tool Ver 3.0 3.6.25.xlsx,Entry- Site SPOF Data,70,91,94,Valid
DEN11,4.1299999999999972,Yes,x,,Flex Asset EOL and Site Risk Evaluation Tool Ver 3.0 3.6.25.xlsx,Entry- Site SPOF Data,70,95,98,Valid
DFW01,4.1299999999999972,Yes,X,,Flex Asset EOL and Site Risk Evaluation Tool Ver 3.0 3.6.25.xlsx,Entry- Site SPOF Data,70,99,102,Valid
FLL01,4.1299999999999972,Yes,X,,Flex Asset EOL and Site Risk Evaluation Tool Ver 3.0 3.6.25.xlsx,Entry- Site SPOF Data,70,103,106,Valid
FLL02,4.1299999999999972,Yes,X,,Flex Asset EOL and Site Risk Evaluation Tool Ver 3.0 3.6.25.xlsx,Entry- Site SPOF Data,70,107,110,Valid
JAX01,4.1299999999999972,No,X,,Flex Asset EOL and Site Risk Evaluation Tool Ver 3.0 3.6.25.xlsx,Entry- Site SPOF Data,70,111,114,Valid
JAX02,4.1299999999999972,No,X,,Flex Asset EOL and Site Risk Evaluation Tool Ver 3.0 3.6.25.xlsx,Entry- Site SPOF Data,70,115,118,Valid
LAS03,4.1299999999999972,No,X,,Flex Asset EOL and Site Risk Evaluation Tool Ver 3.0 3.6.25.xlsx,Entry- Site SPOF Data,70,119,122,Valid
LAS04,4.1299999999999972,No,X,,Flex Asset EOL and Site Risk Evaluation Tool Ver 3.0 3.6.25.xlsx,Entry- Site SPOF Data,70,123,126,Valid
LAS05,4.1299999999999972,No,X,,Flex Asset EOL and Site Risk Evaluation Tool Ver 3.0 3.6.25.xlsx,Entry- Site SPOF Data,70,127,130,Valid
LOU02,4.1299999999999972,Yes,X,,Flex Asset EOL and Site Risk Evaluation Tool Ver 3.0 3.6.25.xlsx,Entry- Site SPOF Data,70,131,134,Valid
LOU03,4.1299999999999972,Yes,X,,Flex Asset EOL and Site Risk Evaluation Tool Ver 3.0 3.6.25.xlsx,Entry- Site SPOF Data,70,135,138,Valid
LOU04,4.1299999999999972,Yes,X,,Flex Asset EOL and Site Risk Evaluation Tool Ver 3.0 3.6.25.xlsx,Entry- Site SPOF Data,70,139,142,Valid
LOU05,4.1299999999999972,Yes,X,,Flex Asset EOL and Site Risk Evaluation Tool Ver 3.0 3.6.25.xlsx,Entry- Site SPOF Data,70,143,146,Valid
MSP01,4.1299999999999972,Yes,X,,Flex Asset EOL and Site Risk Evaluation Tool Ver 3.0 3.6.25.xlsx,Entry- Site SPOF Data,70,147,150,Valid
NAS01,4.1299999999999972,Yes,X,,Flex Asset EOL and Site Risk Evaluation Tool Ver 3.0 3.6.25.xlsx,Entry- Site SPOF Data,70,151,154,Valid
NAS02,4.1299999999999972,No,x,Single source,Flex Asset EOL and Site Risk Evaluation Tool Ver 3.0 3.6.25.xlsx,Entry- Site SPOF Data,70,155,158,Valid
NAS03,4.1299999999999972,No,X,Single source,Flex Asset EOL and Site Risk Evaluation Tool Ver 3.0 3.6.25.xlsx,Entry- Site SPOF Data,70,159,162,Valid
NAS04,4.1299999999999972,Yes,X,,Flex Asset EOL and Site Risk Evaluation Tool Ver 3.0 3.6.25.xlsx,Entry- Site SPOF Data,70,163,166,Valid
NAS05,4.1299999999999972,Yes,X,,Flex Asset EOL and Site Risk Evaluation Tool Ver 3.0 3.6.25.xlsx,Entry- Site SPOF Data,70,167,170,Valid
NAS06,4.1299999999999972,Yes,X,,Flex Asset EOL and Site Risk Evaluation Tool Ver 3.0 3.6.25.xlsx,Entry- Site SPOF Data,70,171,174,Valid
PDX01.01,4.1299999999999972,Yes,X,,Flex Asset EOL and Site Risk Evaluation Tool Ver 3.0 3.6.25.xlsx,Entry- Site SPOF Data,70,175,178,Valid
PDX01.02,4.1299999999999972,Yes,X,,Flex Asset EOL and Site Risk Evaluation Tool Ver 3.0 3.6.25.xlsx,Entry- Site SPOF Data,70,179,182,Valid
PDX02,4.1299999999999972,No,X,No power room cooling,Flex Asset EOL and Site Risk Evaluation Tool Ver 3.0 3.6.25.xlsx,Entry- Site SPOF Data,70,183,186,Valid
PDX03,4.1299999999999972,N/A,X,,Flex Asset EOL and Site Risk Evaluation Tool Ver 3.0 3.6.25.xlsx,Entry- Site SPOF Data,70,187,190,Valid
PDX04,4.1299999999999972,No,X,,Flex Asset EOL and Site Risk Evaluation Tool Ver 3.0 3.6.25.xlsx,Entry- Site SPOF Data,70,191,194,Valid
PHL01,4.1299999999999972,Yes,X,,Flex Asset EOL and Site Risk Evaluation Tool Ver 3.0 3.6.25.xlsx,Entry- Site SPOF Data,70,195,198,Valid
PHX01,4.1299999999999972,Yes,X,,Flex Asset EOL and Site Risk Evaluation Tool Ver 3.0 3.6.25.xlsx,Entry- Site SPOF Data,70,199,202,Valid
RAL01,4.1299999999999972,Yes,X,,Flex Asset EOL and Site Risk Evaluation Tool Ver 3.0 3.6.25.xlsx,Entry- Site SPOF Data,70,203,206,Valid
RAL02,4.1299999999999972,Yes,X,,Flex Asset EOL and Site Risk Evaluation Tool Ver 3.0 3.6.25.xlsx,Entry- Site SPOF Data,70,207,210,Valid
RAL03,4.1299999999999972,Yes,X,,Flex Asset EOL and Site Risk Evaluation Tool Ver 3.0 3.6.25.xlsx,Entry- Site SPOF Data,70,211,214,Valid
RCH01,4.1299999999999972,Yes,x,,Flex Asset EOL and Site Risk Evaluation Tool Ver 3.0 3.6.25.xlsx,Entry- Site SPOF Data,70,215,218,Valid
RIC01,4.1299999999999972,Yes,x,,Flex Asset EOL and Site Risk Evaluation Tool Ver 3.0 3.6.25.xlsx,Entry- Site SPOF Data,70,219,222,Valid
RIC02,4.1299999999999972,Yes,x,,Flex Asset EOL and Site Risk Evaluation Tool Ver 3.0 3.6.25.xlsx,Entry- Site SPOF Data,70,223,226,Valid
SLC03,4.1299999999999972,Yes,X,,Flex Asset EOL and Site Risk Evaluation Tool Ver 3.0 3.6.25.xlsx,Entry- Site SPOF Data,70,227,230,Valid
SLC04.01,4.1299999999999972,Yes,X,,Flex Asset EOL and Site Risk Evaluation Tool Ver 3.0 3.6.25.xlsx,Entry- Site SPOF Data,70,231,234,Valid
SLC04.02,4.1299999999999972,Yes,X,,Flex Asset EOL and Site Risk Evaluation Tool Ver 3.0 3.6.25.xlsx,Entry- Site SPOF Data,70,235,238,Valid
SLC04.03,4.1299999999999972,Yes,X,,Flex Asset EOL and Site Risk Evaluation Tool Ver 3.0 3.6.25.xlsx,Entry- Site SPOF Data,70,239,242,Valid
SLC07,4.1299999999999972,No,X,,Flex Asset EOL and Site Risk Evaluation Tool Ver 3.0 3.6.25.xlsx,Entry- Site SPOF Data,70,243,246,Valid
SLC09,4.1299999999999972,Yes,X,,Flex Asset EOL and Site Risk Evaluation Tool Ver 3.0 3.6.25.xlsx,Entry- Site SPOF Data,70,247,250,Valid
SLC10,4.1299999999999972,Yes,X,,Flex Asset EOL and Site Risk Evaluation Tool Ver 3.0 3.6.25.xlsx,Entry- Site SPOF Data,70,251,254,Valid
TPA01,4.1299999999999972,Yes,X,,Flex Asset EOL and Site Risk Evaluation Tool Ver 3.0 3.6.25.xlsx,Entry- Site SPOF Data,70,255,258,Valid
TPA02,4.1299999999999972,Yes,X,,Flex Asset EOL and Site Risk Evaluation Tool Ver 3.0 3.6.25.xlsx,Entry- Site SPOF Data,70,259,262,Valid
TPA03,4.1299999999999972,Yes,X,,Flex Asset EOL and Site Risk Evaluation Tool Ver 3.0 3.6.25.xlsx,Entry- Site SPOF Data,70,263,266,Valid
TPA04,4.1299999999999972,Yes,X,,Flex Asset EOL and Site Risk Evaluation Tool Ver 3.0 3.6.25.xlsx,Entry- Site SPOF Data,70,267,270,Valid
ABE01,4.139999999999997,Yes,x,,Flex Asset EOL and Site Risk Evaluation Tool Ver 3.0 3.6.25.xlsx,Entry- Site SPOF Data,71,7,10,Valid
ATL01,4.139999999999997,N/A,X,,Flex Asset EOL and Site Risk Evaluation Tool Ver 3.0 3.6.25.xlsx,Entry- Site SPOF Data,71,11,14,Valid
ATL02,4.139999999999997,N/A,X,,Flex Asset EOL and Site Risk Evaluation Tool Ver 3.0 3.6.25.xlsx,Entry- Site SPOF Data,71,15,18,Valid
ATL03,4.139999999999997,Yes,x,,Flex Asset EOL and Site Risk Evaluation Tool Ver 3.0 3.6.25.xlsx,Entry- Site SPOF Data,71,19,22,Valid
ATL04,4.139999999999997,Yes,x,,Flex Asset EOL and Site Risk Evaluation Tool Ver 3.0 3.6.25.xlsx,Entry- Site SPOF Data,71,23,26,Valid
ATL05,4.139999999999997,Yes,X,,Flex Asset EOL and Site Risk Evaluation Tool Ver 3.0 3.6.25.xlsx,Entry- Site SPOF Data,71,27,30,Valid
CIN01,4.139999999999997,Yes,X,Currently blocked off to control dc floor humidity,Flex Asset EOL and Site Risk Evaluation Tool Ver 3.0 3.6.25.xlsx,Entry- Site SPOF Data,71,31,34,Valid
CIN02,4.139999999999997,Yes,X,Currently blocked off to control dc floor humidity,Flex Asset EOL and Site Risk Evaluation Tool Ver 3.0 3.6.25.xlsx,Entry- Site SPOF Data,71,35,38,Valid
CLT01,4.139999999999997,Yes,x,,Flex Asset EOL and Site Risk Evaluation Tool Ver 3.0 3.6.25.xlsx,Entry- Site SPOF Data,71,39,42,Valid
CLT02,4.139999999999997,Yes,x,,Flex Asset EOL and Site Risk Evaluation Tool Ver 3.0 3.6.25.xlsx,Entry- Site SPOF Data,71,43,46,Valid
CLT03,4.139999999999997,Yes,x,,Flex Asset EOL and Site Risk Evaluation Tool Ver 3.0 3.6.25.xlsx,Entry- Site SPOF Data,71,47,50,Valid
CLT04,4.139999999999997,Yes,x,,Flex Asset EOL and Site Risk Evaluation Tool Ver 3.0 3.6.25.xlsx,Entry- Site SPOF Data,71,51,54,Valid
CLT05,4.139999999999997,Yes,x,,Flex Asset EOL and Site Risk Evaluation Tool Ver 3.0 3.6.25.xlsx,Entry- Site SPOF Data,71,55,58,Valid
DAL01,4.139999999999997,N/A,X,,Flex Asset EOL and Site Risk Evaluation Tool Ver 3.0 3.6.25.xlsx,Entry- Site SPOF Data,71,59,62,Valid
DAL02,4.139999999999997,N/A,X,,Flex Asset EOL and Site Risk Evaluation Tool Ver 3.0 3.6.25.xlsx,Entry- Site SPOF Data,71,63,66,Valid
DAL03,4.139999999999997,N/A,X,,Flex Asset EOL and Site Risk Evaluation Tool Ver 3.0 3.6.25.xlsx,Entry- Site SPOF Data,71,67,70,Valid
DAL04,4.139999999999997,N/A,X,,Flex Asset EOL and Site Risk Evaluation Tool Ver 3.0 3.6.25.xlsx,Entry- Site SPOF Data,71,71,74,Valid
DAL05,4.139999999999997,N/A,X,,Flex Asset EOL and Site Risk Evaluation Tool Ver 3.0 3.6.25.xlsx,Entry- Site SPOF Data,71,75,78,Valid
DEN02,4.139999999999997,Yes,X,,Flex Asset EOL and Site Risk Evaluation Tool Ver 3.0 3.6.25.xlsx,Entry- Site SPOF Data,71,79,82,Valid
DEN03,4.139999999999997,Yes,X,,Flex Asset EOL and Site Risk Evaluation Tool Ver 3.0 3.6.25.xlsx,Entry- Site SPOF Data,71,83,86,Valid
DEN05.01,4.139999999999997,Yes,X,,Flex Asset EOL and Site Risk Evaluation Tool Ver 3.0 3.6.25.xlsx,Entry- Site SPOF Data,71,87,90,Valid
DEN05.02,4.139999999999997,Yes,X,,Flex Asset EOL and Site Risk Evaluation Tool Ver 3.0 3.6.25.xlsx,Entry- Site SPOF Data,71,91,94,Valid
DEN11,4.139999999999997,Yes,x,,Flex Asset EOL and Site Risk Evaluation Tool Ver 3.0 3.6.25.xlsx,Entry- Site SPOF Data,71,95,98,Valid
DFW01,4.139999999999997,Yes,X,,Flex Asset EOL and Site Risk Evaluation Tool Ver 3.0 3.6.25.xlsx,Entry- Site SPOF Data,71,99,102,Valid
FLL01,4.139999999999997,Yes,X,,Flex Asset EOL and Site Risk Evaluation Tool Ver 3.0 3.6.25.xlsx,Entry- Site SPOF Data,71,103,106,Valid
FLL02,4.139999999999997,Yes,X,,Flex Asset EOL and Site Risk Evaluation Tool Ver 3.0 3.6.25.xlsx,Entry- Site SPOF Data,71,107,110,Valid
JAX01,4.139999999999997,Yes,X,,Flex Asset EOL and Site Risk Evaluation Tool Ver 3.0 3.6.25.xlsx,Entry- Site SPOF Data,71,111,114,Valid
JAX02,4.139999999999997,Yes,X,,Flex Asset EOL and Site Risk Evaluation Tool Ver 3.0 3.6.25.xlsx,Entry- Site SPOF Data,71,115,118,Valid
LAS03,4.139999999999997,Yes,X,,Flex Asset EOL and Site Risk Evaluation Tool Ver 3.0 3.6.25.xlsx,Entry- Site SPOF Data,71,119,122,Valid
LAS04,4.139999999999997,N/A,X,,Flex Asset EOL and Site Risk Evaluation Tool Ver 3.0 3.6.25.xlsx,Entry- Site SPOF Data,71,123,126,Valid
LAS05,4.139999999999997,Yes,X,,Flex Asset EOL and Site Risk Evaluation Tool Ver 3.0 3.6.25.xlsx,Entry- Site SPOF Data,71,127,130,Valid
LOU02,4.139999999999997,Yes,X,Currently blocked off to control dc floor humidity,Flex Asset EOL and Site Risk Evaluation Tool Ver 3.0 3.6.25.xlsx,Entry- Site SPOF Data,71,131,134,Valid
LOU03,4.139999999999997,Yes,X,,Flex Asset EOL and Site Risk Evaluation Tool Ver 3.0 3.6.25.xlsx,Entry- Site SPOF Data,71,135,138,Valid
LOU04,4.139999999999997,Yes,X,,Flex Asset EOL and Site Risk Evaluation Tool Ver 3.0 3.6.25.xlsx,Entry- Site SPOF Data,71,139,142,Valid
LOU05,4.139999999999997,N/A,X,,Flex Asset EOL and Site Risk Evaluation Tool Ver 3.0 3.6.25.xlsx,Entry- Site SPOF Data,71,143,146,Valid
MSP01,4.139999999999997,Yes,X,,Flex Asset EOL and Site Risk Evaluation Tool Ver 3.0 3.6.25.xlsx,Entry- Site SPOF Data,71,147,150,Valid
NAS01,4.139999999999997,Yes,x,,Flex Asset EOL and Site Risk Evaluation Tool Ver 3.0 3.6.25.xlsx,Entry- Site SPOF Data,71,151,154,Valid
NAS02,4.139999999999997,Yes,x,,Flex Asset EOL and Site Risk Evaluation Tool Ver 3.0 3.6.25.xlsx,Entry- Site SPOF Data,71,155,158,Valid
NAS03,4.139999999999997,Yes,x,,Flex Asset EOL and Site Risk Evaluation Tool Ver 3.0 3.6.25.xlsx,Entry- Site SPOF Data,71,159,162,Valid
NAS04,4.139999999999997,Yes,x,,Flex Asset EOL and Site Risk Evaluation Tool Ver 3.0 3.6.25.xlsx,Entry- Site SPOF Data,71,163,166,Valid
NAS05,4.139999999999997,Yes,x,,Flex Asset EOL and Site Risk Evaluation Tool Ver 3.0 3.6.25.xlsx,Entry- Site SPOF Data,71,167,170,Valid
NAS06,4.139999999999997,Yes,x,,Flex Asset EOL and Site Risk Evaluation Tool Ver 3.0 3.6.25.xlsx,Entry- Site SPOF Data,71,171,174,Valid
PDX01.01,4.139999999999997,N/A,x,,Flex Asset EOL and Site Risk Evaluation Tool Ver 3.0 3.6.25.xlsx,Entry- Site SPOF Data,71,175,178,Valid
PDX01.02,4.139999999999997,N/A,x,,Flex Asset EOL and Site Risk Evaluation Tool Ver 3.0 3.6.25.xlsx,Entry- Site SPOF Data,71,179,182,Valid
PDX02,4.139999999999997,No,X,,Flex Asset EOL and Site Risk Evaluation Tool Ver 3.0 3.6.25.xlsx,Entry- Site SPOF Data,71,183,186,Valid
PDX03,4.139999999999997,Yes,X,,Flex Asset EOL and Site Risk Evaluation Tool Ver 3.0 3.6.25.xlsx,Entry- Site SPOF Data,71,187,190,Valid
PDX04,4.139999999999997,Yes,X,,Flex Asset EOL and Site Risk Evaluation Tool Ver 3.0 3.6.25.xlsx,Entry- Site SPOF Data,71,191,194,Valid
PHL01,4.139999999999997,Yes,X,,Flex Asset EOL and Site Risk Evaluation Tool Ver 3.0 3.6.25.xlsx,Entry- Site SPOF Data,71,195,198,Valid
PHX01,4.139999999999997,Yes,X,,Flex Asset EOL and Site Risk Evaluation Tool Ver 3.0 3.6.25.xlsx,Entry- Site SPOF Data,71,199,202,Valid
RAL01,4.139999999999997,Yes,X,,Flex Asset EOL and Site Risk Evaluation Tool Ver 3.0 3.6.25.xlsx,Entry- Site SPOF Data,71,203,206,Valid
RAL02,4.139999999999997,No,X,,Flex Asset EOL and Site Risk Evaluation Tool Ver 3.0 3.6.25.xlsx,Entry- Site SPOF Data,71,207,210,Valid
RAL03,4.139999999999997,No,X,,Flex Asset EOL and Site Risk Evaluation Tool Ver 3.0 3.6.25.xlsx,Entry- Site SPOF Data,71,211,214,Valid
RCH01,4.139999999999997,Yes,x,,Flex Asset EOL and Site Risk Evaluation Tool Ver 3.0 3.6.25.xlsx,Entry- Site SPOF Data,71,215,218,Valid
RIC01,4.139999999999997,Yes,x,,Flex Asset EOL and Site Risk Evaluation Tool Ver 3.0 3.6.25.xlsx,Entry- Site SPOF Data,71,219,222,Valid
RIC02,4.139999999999997,Yes,x,,Flex Asset EOL and Site Risk Evaluation Tool Ver 3.0 3.6.25.xlsx,Entry- Site SPOF Data,71,223,226,Valid
SLC03,4.139999999999997,Yes,X,,Flex Asset EOL and Site Risk Evaluation Tool Ver 3.0 3.6.25.xlsx,Entry- Site SPOF Data,71,227,230,Valid
SLC04.01,4.139999999999997,Yes,X,,Flex Asset EOL and Site Risk Evaluation Tool Ver 3.0 3.6.25.xlsx,Entry- Site SPOF Data,71,231,234,Valid
SLC04.02,4.139999999999997,Yes,X,,Flex Asset EOL and Site Risk Evaluation Tool Ver 3.0 3.6.25.xlsx,Entry- Site SPOF Data,71,235,238,Valid
SLC04.03,4.139999999999997,Yes,X,,Flex Asset EOL and Site Risk Evaluation Tool Ver 3.0 3.6.25.xlsx,Entry- Site SPOF Data,71,239,242,Valid
SLC07,4.139999999999997,N/A,X,,Flex Asset EOL and Site Risk Evaluation Tool Ver 3.0 3.6.25.xlsx,Entry- Site SPOF Data,71,243,246,Valid
SLC09,4.139999999999997,N/A,X,,Flex Asset EOL and Site Risk Evaluation Tool Ver 3.0 3.6.25.xlsx,Entry- Site SPOF Data,71,247,250,Valid
SLC10,4.139999999999997,N/A,X,,Flex Asset EOL and Site Risk Evaluation Tool Ver 3.0 3.6.25.xlsx,Entry- Site SPOF Data,71,251,254,Valid
TPA01,4.139999999999997,N/A,X,,Flex Asset EOL and Site Risk Evaluation Tool Ver 3.0 3.6.25.xlsx,Entry- Site SPOF Data,71,255,258,Valid
TPA02,4.139999999999997,N/A,X,,Flex Asset EOL and Site Risk Evaluation Tool Ver 3.0 3.6.25.xlsx,Entry- Site SPOF Data,71,259,262,Valid
TPA03,4.139999999999997,N/A,X,,Flex Asset EOL and Site Risk Evaluation Tool Ver 3.0 3.6.25.xlsx,Entry- Site SPOF Data,71,263,266,Valid
TPA04,4.139999999999997,N/A,X,,Flex Asset EOL and Site Risk Evaluation Tool Ver 3.0 3.6.25.xlsx,Entry- Site SPOF Data,71,267,270,Valid
ABE01,4.1499999999999968,N/A,x,,Flex Asset EOL and Site Risk Evaluation Tool Ver 3.0 3.6.25.xlsx,Entry- Site SPOF Data,72,7,10,Valid
ATL01,4.1499999999999968,N/A,X,,Flex Asset EOL and Site Risk Evaluation Tool Ver 3.0 3.6.25.xlsx,Entry- Site SPOF Data,72,11,14,Valid
ATL02,4.1499999999999968,N/A,X,,Flex Asset EOL and Site Risk Evaluation Tool Ver 3.0 3.6.25.xlsx,Entry- Site SPOF Data,72,15,18,Valid
ATL03,4.1499999999999968,Yes,x,,Flex Asset EOL and Site Risk Evaluation Tool Ver 3.0 3.6.25.xlsx,Entry- Site SPOF Data,72,19,22,Valid
ATL04,4.1499999999999968,Yes,x,,Flex Asset EOL and Site Risk Evaluation Tool Ver 3.0 3.6.25.xlsx,Entry- Site SPOF Data,72,23,26,Valid
ATL05,4.1499999999999968,Yes,X,,Flex Asset EOL and Site Risk Evaluation Tool Ver 3.0 3.6.25.xlsx,Entry- Site SPOF Data,72,27,30,Valid
CIN01,4.1499999999999968,Yes,X,Loop is tested yearly,Flex Asset EOL and Site Risk Evaluation Tool Ver 3.0 3.6.25.xlsx,Entry- Site SPOF Data,72,31,34,Valid
CIN02,4.1499999999999968,Yes,X,Loop is tested yearly,Flex Asset EOL and Site Risk Evaluation Tool Ver 3.0 3.6.25.xlsx,Entry- Site SPOF Data,72,35,38,Valid
CLT01,4.1499999999999968,Yes,x,,Flex Asset EOL and Site Risk Evaluation Tool Ver 3.0 3.6.25.xlsx,Entry- Site SPOF Data,72,39,42,Valid
CLT02,4.1499999999999968,Yes,x,,Flex Asset EOL and Site Risk Evaluation Tool Ver 3.0 3.6.25.xlsx,Entry- Site SPOF Data,72,43,46,Valid
CLT03,4.1499999999999968,Yes,x,,Flex Asset EOL and Site Risk Evaluation Tool Ver 3.0 3.6.25.xlsx,Entry- Site SPOF Data,72,47,50,Valid
CLT04,4.1499999999999968,Yes,x,,Flex Asset EOL and Site Risk Evaluation Tool Ver 3.0 3.6.25.xlsx,Entry- Site SPOF Data,72,51,54,Valid
CLT05,4.1499999999999968,Yes,x,,Flex Asset EOL and Site Risk Evaluation Tool Ver 3.0 3.6.25.xlsx,Entry- Site SPOF Data,72,55,58,Valid
DAL01,4.1499999999999968,N/A,X,Would be landlord owned.,Flex Asset EOL and Site Risk Evaluation Tool Ver 3.0 3.6.25.xlsx,Entry- Site SPOF Data,72,59,62,Valid
DAL02,4.1499999999999968,N/A,X,If it does exist it would be landlord maintained,Flex Asset EOL and Site Risk Evaluation Tool Ver 3.0 3.6.25.xlsx,Entry- Site SPOF Data,72,63,66,Valid
DAL03,4.1499999999999968,N/A,X,If it does exist it would be landlord maintained,Flex Asset EOL and Site Risk Evaluation Tool Ver 3.0 3.6.25.xlsx,Entry- Site SPOF Data,72,67,70,Valid
DAL04,4.1499999999999968,Yes,X,,Flex Asset EOL and Site Risk Evaluation Tool Ver 3.0 3.6.25.xlsx,Entry- Site SPOF Data,72,71,74,Valid
DAL05,4.1499999999999968,Yes,X,,Flex Asset EOL and Site Risk Evaluation Tool Ver 3.0 3.6.25.xlsx,Entry- Site SPOF Data,72,75,78,Valid
DEN02,4.1499999999999968,Yes,X,,Flex Asset EOL and Site Risk Evaluation Tool Ver 3.0 3.6.25.xlsx,Entry- Site SPOF Data,72,79,82,Valid
DEN03,4.1499999999999968,Yes,X,,Flex Asset EOL and Site Risk Evaluation Tool Ver 3.0 3.6.25.xlsx,Entry- Site SPOF Data,72,83,86,Valid
DEN05.01,4.1499999999999968,Yes,X,,Flex Asset EOL and Site Risk Evaluation Tool Ver 3.0 3.6.25.xlsx,Entry- Site SPOF Data,72,87,90,Valid
DEN05.02,4.1499999999999968,Yes,X,,Flex Asset EOL and Site Risk Evaluation Tool Ver 3.0 3.6.25.xlsx,Entry- Site SPOF Data,72,91,94,Valid
DEN11,4.1499999999999968,Yes,x,,Flex Asset EOL and Site Risk Evaluation Tool Ver 3.0 3.6.25.xlsx,Entry- Site SPOF Data,72,95,98,Valid
DFW01,4.1499999999999968,Yes,X,,Flex Asset EOL and Site Risk Evaluation Tool Ver 3.0 3.6.25.xlsx,Entry- Site SPOF Data,72,99,102,Valid
FLL01,4.1499999999999968,N/A,X,N/A,Flex Asset EOL and Site Risk Evaluation Tool Ver 3.0 3.6.25.xlsx,Entry- Site SPOF Data,72,103,106,Valid
FLL02,4.1499999999999968,N/A,X,N/A,Flex Asset EOL and Site Risk Evaluation Tool Ver 3.0 3.6.25.xlsx,Entry- Site SPOF Data,72,107,110,Valid
JAX01,4.1499999999999968,N/A,X,,Flex Asset EOL and Site Risk Evaluation Tool Ver 3.0 3.6.25.xlsx,Entry- Site SPOF Data,72,111,114,Valid
JAX02,4.1499999999999968,N/A,X,,Flex Asset EOL and Site Risk Evaluation Tool Ver 3.0 3.6.25.xlsx,Entry- Site SPOF Data,72,115,118,Valid
LAS03,4.1499999999999968,N/A,X,,Flex Asset EOL and Site Risk Evaluation Tool Ver 3.0 3.6.25.xlsx,Entry- Site SPOF Data,72,119,122,Valid
LAS04,4.1499999999999968,N/A,X,,Flex Asset EOL and Site Risk Evaluation Tool Ver 3.0 3.6.25.xlsx,Entry- Site SPOF Data,72,123,126,Valid
LAS05,4.1499999999999968,N/A,X,,Flex Asset EOL and Site Risk Evaluation Tool Ver 3.0 3.6.25.xlsx,Entry- Site SPOF Data,72,127,130,Valid
LOU02,4.1499999999999968,Yes,X,Loop is tested yearly,Flex Asset EOL and Site Risk Evaluation Tool Ver 3.0 3.6.25.xlsx,Entry- Site SPOF Data,72,131,134,Valid
LOU03,4.1499999999999968,Yes,X,,Flex Asset EOL and Site Risk Evaluation Tool Ver 3.0 3.6.25.xlsx,Entry- Site SPOF Data,72,135,138,Valid
LOU04,4.1499999999999968,Yes,X,,Flex Asset EOL and Site Risk Evaluation Tool Ver 3.0 3.6.25.xlsx,Entry- Site SPOF Data,72,139,142,Valid
LOU05,4.1499999999999968,N/A,X,,Flex Asset EOL and Site Risk Evaluation Tool Ver 3.0 3.6.25.xlsx,Entry- Site SPOF Data,72,143,146,Valid
MSP01,4.1499999999999968,Yes,X,,Flex Asset EOL and Site Risk Evaluation Tool Ver 3.0 3.6.25.xlsx,Entry- Site SPOF Data,72,147,150,Valid
NAS01,4.1499999999999968,Yes,x,,Flex Asset EOL and Site Risk Evaluation Tool Ver 3.0 3.6.25.xlsx,Entry- Site SPOF Data,72,151,154,Valid
NAS02,4.1499999999999968,Yes,x,,Flex Asset EOL and Site Risk Evaluation Tool Ver 3.0 3.6.25.xlsx,Entry- Site SPOF Data,72,155,158,Valid
NAS03,4.1499999999999968,Yes,x,,Flex Asset EOL and Site Risk Evaluation Tool Ver 3.0 3.6.25.xlsx,Entry- Site SPOF Data,72,159,162,Valid
NAS04,4.1499999999999968,Yes,x,,Flex Asset EOL and Site Risk Evaluation Tool Ver 3.0 3.6.25.xlsx,Entry- Site SPOF Data,72,163,166,Valid
NAS05,4.1499999999999968,Yes,x,,Flex Asset EOL and Site Risk Evaluation Tool Ver 3.0 3.6.25.xlsx,Entry- Site SPOF Data,72,167,170,Valid
NAS06,4.1499999999999968,Yes,x,,Flex Asset EOL and Site Risk Evaluation Tool Ver 3.0 3.6.25.xlsx,Entry- Site SPOF Data,72,171,174,Valid
PDX01.01,4.1499999999999968,N/A,x,,Flex Asset EOL and Site Risk Evaluation Tool Ver 3.0 3.6.25.xlsx,Entry- Site SPOF Data,72,175,178,Valid
PDX01.02,4.1499999999999968,N/A,x,,Flex Asset EOL and Site Risk Evaluation Tool Ver 3.0 3.6.25.xlsx,Entry- Site SPOF Data,72,179,182,Valid
PDX02,4.1499999999999968,Yes,X,,Flex Asset EOL and Site Risk Evaluation Tool Ver 3.0 3.6.25.xlsx,Entry- Site SPOF Data,72,183,186,Valid
PDX03,4.1499999999999968,N/A,X,,Flex Asset EOL and Site Risk Evaluation Tool Ver 3.0 3.6.25.xlsx,Entry- Site SPOF Data,72,187,190,Valid
PDX04,4.1499999999999968,Yes,X,"All the units will shut down on a low leaving temperature of 29°F. As for the Low ambient temperature cutout, the Multistack units do not shut down at low ambient temperatures",Flex Asset EOL and Site Risk Evaluation Tool Ver 3.0 3.6.25.xlsx,Entry- Site SPOF Data,72,191,194,Valid
PHL01,4.1499999999999968,Yes,X,,Flex Asset EOL and Site Risk Evaluation Tool Ver 3.0 3.6.25.xlsx,Entry- Site SPOF Data,72,195,198,Valid
PHX01,4.1499999999999968,Yes,X,,Flex Asset EOL and Site Risk Evaluation Tool Ver 3.0 3.6.25.xlsx,Entry- Site SPOF Data,72,199,202,Valid
RAL01,4.1499999999999968,Yes,X,,Flex Asset EOL and Site Risk Evaluation Tool Ver 3.0 3.6.25.xlsx,Entry- Site SPOF Data,72,203,206,Valid
RAL02,4.1499999999999968,Yes,X,,Flex Asset EOL and Site Risk Evaluation Tool Ver 3.0 3.6.25.xlsx,Entry- Site SPOF Data,72,207,210,Valid
RAL03,4.1499999999999968,Yes,X,,Flex Asset EOL and Site Risk Evaluation Tool Ver 3.0 3.6.25.xlsx,Entry- Site SPOF Data,72,211,214,Valid
RCH01,4.1499999999999968,Yes,x,,Flex Asset EOL and Site Risk Evaluation Tool Ver 3.0 3.6.25.xlsx,Entry- Site SPOF Data,72,215,218,Valid
RIC01,4.1499999999999968,Yes,x,,Flex Asset EOL and Site Risk Evaluation Tool Ver 3.0 3.6.25.xlsx,Entry- Site SPOF Data,72,219,222,Valid
RIC02,4.1499999999999968,Yes,x,,Flex Asset EOL and Site Risk Evaluation Tool Ver 3.0 3.6.25.xlsx,Entry- Site SPOF Data,72,223,226,Valid
SLC03,4.1499999999999968,N/A,X,,Flex Asset EOL and Site Risk Evaluation Tool Ver 3.0 3.6.25.xlsx,Entry- Site SPOF Data,72,227,230,Valid
SLC04.01,4.1499999999999968,No,X,No freeze stats,Flex Asset EOL and Site Risk Evaluation Tool Ver 3.0 3.6.25.xlsx,Entry- Site SPOF Data,72,231,234,Valid
SLC04.02,4.1499999999999968,No,X,No freeze stats,Flex Asset EOL and Site Risk Evaluation Tool Ver 3.0 3.6.25.xlsx,Entry- Site SPOF Data,72,235,238,Valid
SLC04.03,4.1499999999999968,No,X,No freeze stats,Flex Asset EOL and Site Risk Evaluation Tool Ver 3.0 3.6.25.xlsx,Entry- Site SPOF Data,72,239,242,Valid
SLC07,4.1499999999999968,N/A,X,No Freeze stats,Flex Asset EOL and Site Risk Evaluation Tool Ver 3.0 3.6.25.xlsx,Entry- Site SPOF Data,72,243,246,Valid
SLC09,4.1499999999999968,No,X,,Flex Asset EOL and Site Risk Evaluation Tool Ver 3.0 3.6.25.xlsx,Entry- Site SPOF Data,72,247,250,Valid
SLC10,4.1499999999999968,No,X,Some units have but we do not have specific test for this and we do not have on all units,Flex Asset EOL and Site Risk Evaluation Tool Ver 3.0 3.6.25.xlsx,Entry- Site SPOF Data,72,251,254,Valid
TPA01,4.1499999999999968,N/A,X,,Flex Asset EOL and Site Risk Evaluation Tool Ver 3.0 3.6.25.xlsx,Entry- Site SPOF Data,72,255,258,Valid
TPA02,4.1499999999999968,N/A,X,,Flex Asset EOL and Site Risk Evaluation Tool Ver 3.0 3.6.25.xlsx,Entry- Site SPOF Data,72,259,262,Valid
TPA03,4.1499999999999968,N/A,X,,Flex Asset EOL and Site Risk Evaluation Tool Ver 3.0 3.6.25.xlsx,Entry- Site SPOF Data,72,263,266,Valid
TPA04,4.1499999999999968,N/A,X,,Flex Asset EOL and Site Risk Evaluation Tool Ver 3.0 3.6.25.xlsx,Entry- Site SPOF Data,72,267,270,Valid
ABE01,4.1599999999999966,Yes,x,,Flex Asset EOL and Site Risk Evaluation Tool Ver 3.0 3.6.25.xlsx,Entry- Site SPOF Data,73,7,10,Valid
ATL01,4.1599999999999966,Yes,X,,Flex Asset EOL and Site Risk Evaluation Tool Ver 3.0 3.6.25.xlsx,Entry- Site SPOF Data,73,11,14,Valid
ATL02,4.1599999999999966,Yes,X,,Flex Asset EOL and Site Risk Evaluation Tool Ver 3.0 3.6.25.xlsx,Entry- Site SPOF Data,73,15,18,Valid
ATL03,4.1599999999999966,Yes,x,,Flex Asset EOL and Site Risk Evaluation Tool Ver 3.0 3.6.25.xlsx,Entry- Site SPOF Data,73,19,22,Valid
ATL04,4.1599999999999966,Yes,x,,Flex Asset EOL and Site Risk Evaluation Tool Ver 3.0 3.6.25.xlsx,Entry- Site SPOF Data,73,23,26,Valid
ATL05,4.1599999999999966,Yes,X,,Flex Asset EOL and Site Risk Evaluation Tool Ver 3.0 3.6.25.xlsx,Entry- Site SPOF Data,73,27,30,Valid
CIN01,4.1599999999999966,Yes,X,,Flex Asset EOL and Site Risk Evaluation Tool Ver 3.0 3.6.25.xlsx,Entry- Site SPOF Data,73,31,34,Valid
CIN02,4.1599999999999966,Yes,X,,Flex Asset EOL and Site Risk Evaluation Tool Ver 3.0 3.6.25.xlsx,Entry- Site SPOF Data,73,35,38,Valid
CLT01,4.1599999999999966,Yes,x,,Flex Asset EOL and Site Risk Evaluation Tool Ver 3.0 3.6.25.xlsx,Entry- Site SPOF Data,73,39,42,Valid
CLT02,4.1599999999999966,Yes,x,,Flex Asset EOL and Site Risk Evaluation Tool Ver 3.0 3.6.25.xlsx,Entry- Site SPOF Data,73,43,46,Valid
CLT03,4.1599999999999966,Yes,x,,Flex Asset EOL and Site Risk Evaluation Tool Ver 3.0 3.6.25.xlsx,Entry- Site SPOF Data,73,47,50,Valid
CLT04,4.1599999999999966,Yes,x,,Flex Asset EOL and Site Risk Evaluation Tool Ver 3.0 3.6.25.xlsx,Entry- Site SPOF Data,73,51,54,Valid
CLT05,4.1599999999999966,Yes,x,,Flex Asset EOL and Site Risk Evaluation Tool Ver 3.0 3.6.25.xlsx,Entry- Site SPOF Data,73,55,58,Valid
DAL01,4.1599999999999966,N/A,X,,Flex Asset EOL and Site Risk Evaluation Tool Ver 3.0 3.6.25.xlsx,Entry- Site SPOF Data,73,59,62,Valid
DAL02,4.1599999999999966,Yes,X,,Flex Asset EOL and Site Risk Evaluation Tool Ver 3.0 3.6.25.xlsx,Entry- Site SPOF Data,73,63,66,Valid
DAL03,4.1599999999999966,Yes,X,,Flex Asset EOL and Site Risk Evaluation Tool Ver 3.0 3.6.25.xlsx,Entry- Site SPOF Data,73,67,70,Valid
DAL04,4.1599999999999966,Yes,X,,Flex Asset EOL and Site Risk Evaluation Tool Ver 3.0 3.6.25.xlsx,Entry- Site SPOF Data,73,71,74,Valid
DAL05,4.1599999999999966,Yes,X,,Flex Asset EOL and Site Risk Evaluation Tool Ver 3.0 3.6.25.xlsx,Entry- Site SPOF Data,73,75,78,Valid
DEN02,4.1599999999999966,Yes,X,,Flex Asset EOL and Site Risk Evaluation Tool Ver 3.0 3.6.25.xlsx,Entry- Site SPOF Data,73,79,82,Valid
DEN03,4.1599999999999966,Yes,X,,Flex Asset EOL and Site Risk Evaluation Tool Ver 3.0 3.6.25.xlsx,Entry- Site SPOF Data,73,83,86,Valid
DEN05.01,4.1599999999999966,Yes,X,,Flex Asset EOL and Site Risk Evaluation Tool Ver 3.0 3.6.25.xlsx,Entry- Site SPOF Data,73,87,90,Valid
DEN05.02,4.1599999999999966,Yes,X,,Flex Asset EOL and Site Risk Evaluation Tool Ver 3.0 3.6.25.xlsx,Entry- Site SPOF Data,73,91,94,Valid
DEN11,4.1599999999999966,Yes,x,,Flex Asset EOL and Site Risk Evaluation Tool Ver 3.0 3.6.25.xlsx,Entry- Site SPOF Data,73,95,98,Valid
DFW01,4.1599999999999966,Yes,X,,Flex Asset EOL and Site Risk Evaluation Tool Ver 3.0 3.6.25.xlsx,Entry- Site SPOF Data,73,99,102,Valid
FLL01,4.1599999999999966,Yes,X,,Flex Asset EOL and Site Risk Evaluation Tool Ver 3.0 3.6.25.xlsx,Entry- Site SPOF Data,73,103,106,Valid
FLL02,4.1599999999999966,Yes,X,,Flex Asset EOL and Site Risk Evaluation Tool Ver 3.0 3.6.25.xlsx,Entry- Site SPOF Data,73,107,110,Valid
JAX01,4.1599999999999966,Yes,X,,Flex Asset EOL and Site Risk Evaluation Tool Ver 3.0 3.6.25.xlsx,Entry- Site SPOF Data,73,111,114,Valid
JAX02,4.1599999999999966,Yes,X,,Flex Asset EOL and Site Risk Evaluation Tool Ver 3.0 3.6.25.xlsx,Entry- Site SPOF Data,73,115,118,Valid
LAS03,4.1599999999999966,Yes,X,,Flex Asset EOL and Site Risk Evaluation Tool Ver 3.0 3.6.25.xlsx,Entry- Site SPOF Data,73,119,122,Valid
LAS04,4.1599999999999966,Yes,X,,Flex Asset EOL and Site Risk Evaluation Tool Ver 3.0 3.6.25.xlsx,Entry- Site SPOF Data,73,123,126,Valid
LAS05,4.1599999999999966,Yes,X,,Flex Asset EOL and Site Risk Evaluation Tool Ver 3.0 3.6.25.xlsx,Entry- Site SPOF Data,73,127,130,Valid
LOU02,4.1599999999999966,Yes,X,,Flex Asset EOL and Site Risk Evaluation Tool Ver 3.0 3.6.25.xlsx,Entry- Site SPOF Data,73,131,134,Valid
LOU03,4.1599999999999966,Yes,X,,Flex Asset EOL and Site Risk Evaluation Tool Ver 3.0 3.6.25.xlsx,Entry- Site SPOF Data,73,135,138,Valid
LOU04,4.1599999999999966,Yes,X,,Flex Asset EOL and Site Risk Evaluation Tool Ver 3.0 3.6.25.xlsx,Entry- Site SPOF Data,73,139,142,Valid
LOU05,4.1599999999999966,Yes,X,,Flex Asset EOL and Site Risk Evaluation Tool Ver 3.0 3.6.25.xlsx,Entry- Site SPOF Data,73,143,146,Valid
MSP01,4.1599999999999966,No,X,NGSC units are go/no-go. Original Trane SuperCRAC's can be done manually.,Flex Asset EOL and Site Risk Evaluation Tool Ver 3.0 3.6.25.xlsx,Entry- Site SPOF Data,73,147,150,Valid
NAS01,4.1599999999999966,Yes,X,,Flex Asset EOL and Site Risk Evaluation Tool Ver 3.0 3.6.25.xlsx,Entry- Site SPOF Data,73,151,154,Valid
NAS02,4.1599999999999966,Yes,x,,Flex Asset EOL and Site Risk Evaluation Tool Ver 3.0 3.6.25.xlsx,Entry- Site SPOF Data,73,155,158,Valid
NAS03,4.1599999999999966,Yes,X,,Flex Asset EOL and Site Risk Evaluation Tool Ver 3.0 3.6.25.xlsx,Entry- Site SPOF Data,73,159,162,Valid
NAS04,4.1599999999999966,Yes,X,,Flex Asset EOL and Site Risk Evaluation Tool Ver 3.0 3.6.25.xlsx,Entry- Site SPOF Data,73,163,166,Valid
NAS05,4.1599999999999966,Yes,X,,Flex Asset EOL and Site Risk Evaluation Tool Ver 3.0 3.6.25.xlsx,Entry- Site SPOF Data,73,167,170,Valid
NAS06,4.1599999999999966,Yes,X,,Flex Asset EOL and Site Risk Evaluation Tool Ver 3.0 3.6.25.xlsx,Entry- Site SPOF Data,73,171,174,Valid
PDX01.01,4.1599999999999966,Yes,X,,Flex Asset EOL and Site Risk Evaluation Tool Ver 3.0 3.6.25.xlsx,Entry- Site SPOF Data,73,175,178,Valid
PDX01.02,4.1599999999999966,Yes,X,,Flex Asset EOL and Site Risk Evaluation Tool Ver 3.0 3.6.25.xlsx,Entry- Site SPOF Data,73,179,182,Valid
PDX02,4.1599999999999966,Yes,X,Prolonged operation without BMS would be extremely difficult,Flex Asset EOL and Site Risk Evaluation Tool Ver 3.0 3.6.25.xlsx,Entry- Site SPOF Data,73,183,186,Valid
PDX03,4.1599999999999966,Yes,X,,Flex Asset EOL and Site Risk Evaluation Tool Ver 3.0 3.6.25.xlsx,Entry- Site SPOF Data,73,187,190,Valid
PDX04,4.1599999999999966,Yes,X,,Flex Asset EOL and Site Risk Evaluation Tool Ver 3.0 3.6.25.xlsx,Entry- Site SPOF Data,73,191,194,Valid
PHL01,4.1599999999999966,Yes,X,,Flex Asset EOL and Site Risk Evaluation Tool Ver 3.0 3.6.25.xlsx,Entry- Site SPOF Data,73,195,198,Valid
PHX01,4.1599999999999966,Yes,X,,Flex Asset EOL and Site Risk Evaluation Tool Ver 3.0 3.6.25.xlsx,Entry- Site SPOF Data,73,199,202,Valid
RAL01,4.1599999999999966,Yes,X,,Flex Asset EOL and Site Risk Evaluation Tool Ver 3.0 3.6.25.xlsx,Entry- Site SPOF Data,73,203,206,Valid
RAL02,4.1599999999999966,Yes,X,,Flex Asset EOL and Site Risk Evaluation Tool Ver 3.0 3.6.25.xlsx,Entry- Site SPOF Data,73,207,210,Valid
RAL03,4.1599999999999966,Yes,X,,Flex Asset EOL and Site Risk Evaluation Tool Ver 3.0 3.6.25.xlsx,Entry- Site SPOF Data,73,211,214,Valid
RCH01,4.1599999999999966,Yes,x,,Flex Asset EOL and Site Risk Evaluation Tool Ver 3.0 3.6.25.xlsx,Entry- Site SPOF Data,73,215,218,Valid
RIC01,4.1599999999999966,Yes,x,,Flex Asset EOL and Site Risk Evaluation Tool Ver 3.0 3.6.25.xlsx,Entry- Site SPOF Data,73,219,222,Valid
RIC02,4.1599999999999966,Yes,x,,Flex Asset EOL and Site Risk Evaluation Tool Ver 3.0 3.6.25.xlsx,Entry- Site SPOF Data,73,223,226,Valid
SLC03,4.1599999999999966,Yes,X,Our site has limited BMS controls. All other equipment esentially has monitoring/Alarm only.,Flex Asset EOL and Site Risk Evaluation Tool Ver 3.0 3.6.25.xlsx,Entry- Site SPOF Data,73,227,230,Valid
SLC04.01,4.1599999999999966,N/A,X,Site has limited BMS controls.,Flex Asset EOL and Site Risk Evaluation Tool Ver 3.0 3.6.25.xlsx,Entry- Site SPOF Data,73,231,234,Valid
SLC04.02,4.1599999999999966,N/A,X,Site has limited BMS controls.,Flex Asset EOL and Site Risk Evaluation Tool Ver 3.0 3.6.25.xlsx,Entry- Site SPOF Data,73,235,238,Valid
SLC04.03,4.1599999999999966,Yes,X,Site has limited BMS controls.,Flex Asset EOL and Site Risk Evaluation Tool Ver 3.0 3.6.25.xlsx,Entry- Site SPOF Data,73,239,242,Valid
SLC07,4.1599999999999966,Yes,X,Our site has limited BMS controls and is all manually controlled.,Flex Asset EOL and Site Risk Evaluation Tool Ver 3.0 3.6.25.xlsx,Entry- Site SPOF Data,73,243,246,Valid
SLC09,4.1599999999999966,Yes,X,BMS is limited control and is more for monitoring,Flex Asset EOL and Site Risk Evaluation Tool Ver 3.0 3.6.25.xlsx,Entry- Site SPOF Data,73,247,250,Valid
SLC10,4.1599999999999966,Yes,X,BMS is limited control and is more for monitoring.,Flex Asset EOL and Site Risk Evaluation Tool Ver 3.0 3.6.25.xlsx,Entry- Site SPOF Data,73,251,254,Valid
TPA01,4.1599999999999966,Yes,X,,Flex Asset EOL and Site Risk Evaluation Tool Ver 3.0 3.6.25.xlsx,Entry- Site SPOF Data,73,255,258,Valid
TPA02,4.1599999999999966,Yes,X,,Flex Asset EOL and Site Risk Evaluation Tool Ver 3.0 3.6.25.xlsx,Entry- Site SPOF Data,73,259,262,Valid
TPA03,4.1599999999999966,Yes,X,,Flex Asset EOL and Site Risk Evaluation Tool Ver 3.0 3.6.25.xlsx,Entry- Site SPOF Data,73,263,266,Valid
TPA04,4.1599999999999966,Yes,X,,Flex Asset EOL and Site Risk Evaluation Tool Ver 3.0 3.6.25.xlsx,Entry- Site SPOF Data,73,267,270,Valid
ABE01,4.1699999999999964,Yes,x,,Flex Asset EOL and Site Risk Evaluation Tool Ver 3.0 3.6.25.xlsx,Entry- Site SPOF Data,74,7,10,Valid
ATL01,4.1699999999999964,Yes,X,,Flex Asset EOL and Site Risk Evaluation Tool Ver 3.0 3.6.25.xlsx,Entry- Site SPOF Data,74,11,14,Valid
ATL02,4.1699999999999964,Yes,X,,Flex Asset EOL and Site Risk Evaluation Tool Ver 3.0 3.6.25.xlsx,Entry- Site SPOF Data,74,15,18,Valid
ATL03,4.1699999999999964,Yes,x,,Flex Asset EOL and Site Risk Evaluation Tool Ver 3.0 3.6.25.xlsx,Entry- Site SPOF Data,74,19,22,Valid
ATL04,4.1699999999999964,Yes,x,,Flex Asset EOL and Site Risk Evaluation Tool Ver 3.0 3.6.25.xlsx,Entry- Site SPOF Data,74,23,26,Valid
ATL05,4.1699999999999964,Yes,X,,Flex Asset EOL and Site Risk Evaluation Tool Ver 3.0 3.6.25.xlsx,Entry- Site SPOF Data,74,27,30,Valid
CIN01,4.1699999999999964,Yes,X,,Flex Asset EOL and Site Risk Evaluation Tool Ver 3.0 3.6.25.xlsx,Entry- Site SPOF Data,74,31,34,Valid
CIN02,4.1699999999999964,Yes,X,,Flex Asset EOL and Site Risk Evaluation Tool Ver 3.0 3.6.25.xlsx,Entry- Site SPOF Data,74,35,38,Valid
CLT01,4.1699999999999964,Yes,x,,Flex Asset EOL and Site Risk Evaluation Tool Ver 3.0 3.6.25.xlsx,Entry- Site SPOF Data,74,39,42,Valid
CLT02,4.1699999999999964,Yes,x,,Flex Asset EOL and Site Risk Evaluation Tool Ver 3.0 3.6.25.xlsx,Entry- Site SPOF Data,74,43,46,Valid
CLT03,4.1699999999999964,Yes,x,,Flex Asset EOL and Site Risk Evaluation Tool Ver 3.0 3.6.25.xlsx,Entry- Site SPOF Data,74,47,50,Valid
CLT04,4.1699999999999964,Yes,x,,Flex Asset EOL and Site Risk Evaluation Tool Ver 3.0 3.6.25.xlsx,Entry- Site SPOF Data,74,51,54,Valid
CLT05,4.1699999999999964,Yes,x,,Flex Asset EOL and Site Risk Evaluation Tool Ver 3.0 3.6.25.xlsx,Entry- Site SPOF Data,74,55,58,Valid
DAL01,4.1699999999999964,Yes,X,,Flex Asset EOL and Site Risk Evaluation Tool Ver 3.0 3.6.25.xlsx,Entry- Site SPOF Data,74,59,62,Valid
DAL02,4.1699999999999964,Yes,X,,Flex Asset EOL and Site Risk Evaluation Tool Ver 3.0 3.6.25.xlsx,Entry- Site SPOF Data,74,63,66,Valid
DAL03,4.1699999999999964,Yes,X,,Flex Asset EOL and Site Risk Evaluation Tool Ver 3.0 3.6.25.xlsx,Entry- Site SPOF Data,74,67,70,Valid
DAL04,4.1699999999999964,Yes,X,,Flex Asset EOL and Site Risk Evaluation Tool Ver 3.0 3.6.25.xlsx,Entry- Site SPOF Data,74,71,74,Valid
DAL05,4.1699999999999964,Yes,X,,Flex Asset EOL and Site Risk Evaluation Tool Ver 3.0 3.6.25.xlsx,Entry- Site SPOF Data,74,75,78,Valid
DEN02,4.1699999999999964,Yes,X,,Flex Asset EOL and Site Risk Evaluation Tool Ver 3.0 3.6.25.xlsx,Entry- Site SPOF Data,74,79,82,Valid
DEN03,4.1699999999999964,Yes,X,,Flex Asset EOL and Site Risk Evaluation Tool Ver 3.0 3.6.25.xlsx,Entry- Site SPOF Data,74,83,86,Valid
DEN05.01,4.1699999999999964,Yes,X,,Flex Asset EOL and Site Risk Evaluation Tool Ver 3.0 3.6.25.xlsx,Entry- Site SPOF Data,74,87,90,Valid
DEN05.02,4.1699999999999964,Yes,X,,Flex Asset EOL and Site Risk Evaluation Tool Ver 3.0 3.6.25.xlsx,Entry- Site SPOF Data,74,91,94,Valid
DEN11,4.1699999999999964,Yes,x,,Flex Asset EOL and Site Risk Evaluation Tool Ver 3.0 3.6.25.xlsx,Entry- Site SPOF Data,74,95,98,Valid
DFW01,4.1699999999999964,Yes,X,,Flex Asset EOL and Site Risk Evaluation Tool Ver 3.0 3.6.25.xlsx,Entry- Site SPOF Data,74,99,102,Valid
FLL01,4.1699999999999964,Yes,X,,Flex Asset EOL and Site Risk Evaluation Tool Ver 3.0 3.6.25.xlsx,Entry- Site SPOF Data,74,103,106,Valid
FLL02,4.1699999999999964,Yes,X,,Flex Asset EOL and Site Risk Evaluation Tool Ver 3.0 3.6.25.xlsx,Entry- Site SPOF Data,74,107,110,Valid
JAX01,4.1699999999999964,Yes,X,,Flex Asset EOL and Site Risk Evaluation Tool Ver 3.0 3.6.25.xlsx,Entry- Site SPOF Data,74,111,114,Valid
JAX02,4.1699999999999964,Yes,X,,Flex Asset EOL and Site Risk Evaluation Tool Ver 3.0 3.6.25.xlsx,Entry- Site SPOF Data,74,115,118,Valid
LAS03,4.1699999999999964,Yes,X,,Flex Asset EOL and Site Risk Evaluation Tool Ver 3.0 3.6.25.xlsx,Entry- Site SPOF Data,74,119,122,Valid
LAS04,4.1699999999999964,Yes,X,,Flex Asset EOL and Site Risk Evaluation Tool Ver 3.0 3.6.25.xlsx,Entry- Site SPOF Data,74,123,126,Valid
LAS05,4.1699999999999964,Yes,X,,Flex Asset EOL and Site Risk Evaluation Tool Ver 3.0 3.6.25.xlsx,Entry- Site SPOF Data,74,127,130,Valid
LOU02,4.1699999999999964,Yes,X,,Flex Asset EOL and Site Risk Evaluation Tool Ver 3.0 3.6.25.xlsx,Entry- Site SPOF Data,74,131,134,Valid
LOU03,4.1699999999999964,Yes,X,,Flex Asset EOL and Site Risk Evaluation Tool Ver 3.0 3.6.25.xlsx,Entry- Site SPOF Data,74,135,138,Valid
LOU04,4.1699999999999964,Yes,X,,Flex Asset EOL and Site Risk Evaluation Tool Ver 3.0 3.6.25.xlsx,Entry- Site SPOF Data,74,139,142,Valid
LOU05,4.1699999999999964,Yes,X,,Flex Asset EOL and Site Risk Evaluation Tool Ver 3.0 3.6.25.xlsx,Entry- Site SPOF Data,74,143,146,Valid
MSP01,4.1699999999999964,Yes,X,,Flex Asset EOL and Site Risk Evaluation Tool Ver 3.0 3.6.25.xlsx,Entry- Site SPOF Data,74,147,150,Valid
NAS01,4.1699999999999964,Yes,X,,Flex Asset EOL and Site Risk Evaluation Tool Ver 3.0 3.6.25.xlsx,Entry- Site SPOF Data,74,151,154,Valid
NAS02,4.1699999999999964,Yes,x,,Flex Asset EOL and Site Risk Evaluation Tool Ver 3.0 3.6.25.xlsx,Entry- Site SPOF Data,74,155,158,Valid
NAS03,4.1699999999999964,Yes,X,,Flex Asset EOL and Site Risk Evaluation Tool Ver 3.0 3.6.25.xlsx,Entry- Site SPOF Data,74,159,162,Valid
NAS04,4.1699999999999964,Yes,X,,Flex Asset EOL and Site Risk Evaluation Tool Ver 3.0 3.6.25.xlsx,Entry- Site SPOF Data,74,163,166,Valid
NAS05,4.1699999999999964,Yes,X,,Flex Asset EOL and Site Risk Evaluation Tool Ver 3.0 3.6.25.xlsx,Entry- Site SPOF Data,74,167,170,Valid
NAS06,4.1699999999999964,Yes,X,,Flex Asset EOL and Site Risk Evaluation Tool Ver 3.0 3.6.25.xlsx,Entry- Site SPOF Data,74,171,174,Valid
PDX01.01,4.1699999999999964,Yes,X,,Flex Asset EOL and Site Risk Evaluation Tool Ver 3.0 3.6.25.xlsx,Entry- Site SPOF Data,74,175,178,Valid
PDX01.02,4.1699999999999964,Yes,X,,Flex Asset EOL and Site Risk Evaluation Tool Ver 3.0 3.6.25.xlsx,Entry- Site SPOF Data,74,179,182,Valid
PDX02,4.1699999999999964,Yes,X,,Flex Asset EOL and Site Risk Evaluation Tool Ver 3.0 3.6.25.xlsx,Entry- Site SPOF Data,74,183,186,Valid
PDX03,4.1699999999999964,Yes,X,,Flex Asset EOL and Site Risk Evaluation Tool Ver 3.0 3.6.25.xlsx,Entry- Site SPOF Data,74,187,190,Valid
PDX04,4.1699999999999964,Yes,X,,Flex Asset EOL and Site Risk Evaluation Tool Ver 3.0 3.6.25.xlsx,Entry- Site SPOF Data,74,191,194,Valid
PHL01,4.1699999999999964,Yes,X,,Flex Asset EOL and Site Risk Evaluation Tool Ver 3.0 3.6.25.xlsx,Entry- Site SPOF Data,74,195,198,Valid
PHX01,4.1699999999999964,Yes,X,,Flex Asset EOL and Site Risk Evaluation Tool Ver 3.0 3.6.25.xlsx,Entry- Site SPOF Data,74,199,202,Valid
RAL01,4.1699999999999964,Yes,X,,Flex Asset EOL and Site Risk Evaluation Tool Ver 3.0 3.6.25.xlsx,Entry- Site SPOF Data,74,203,206,Valid
RAL02,4.1699999999999964,Yes,X,,Flex Asset EOL and Site Risk Evaluation Tool Ver 3.0 3.6.25.xlsx,Entry- Site SPOF Data,74,207,210,Valid
RAL03,4.1699999999999964,Yes,X,,Flex Asset EOL and Site Risk Evaluation Tool Ver 3.0 3.6.25.xlsx,Entry- Site SPOF Data,74,211,214,Valid
RCH01,4.1699999999999964,Yes,x,,Flex Asset EOL and Site Risk Evaluation Tool Ver 3.0 3.6.25.xlsx,Entry- Site SPOF Data,74,215,218,Valid
RIC01,4.1699999999999964,Yes,x,,Flex Asset EOL and Site Risk Evaluation Tool Ver 3.0 3.6.25.xlsx,Entry- Site SPOF Data,74,219,222,Valid
RIC02,4.1699999999999964,Yes,x,,Flex Asset EOL and Site Risk Evaluation Tool Ver 3.0 3.6.25.xlsx,Entry- Site SPOF Data,74,223,226,Valid
SLC03,4.1699999999999964,Yes,X,,Flex Asset EOL and Site Risk Evaluation Tool Ver 3.0 3.6.25.xlsx,Entry- Site SPOF Data,74,227,230,Valid
SLC04.01,4.1699999999999964,Yes,X,,Flex Asset EOL and Site Risk Evaluation Tool Ver 3.0 3.6.25.xlsx,Entry- Site SPOF Data,74,231,234,Valid
SLC04.02,4.1699999999999964,Yes,X,,Flex Asset EOL and Site Risk Evaluation Tool Ver 3.0 3.6.25.xlsx,Entry- Site SPOF Data,74,235,238,Valid
SLC04.03,4.1699999999999964,Yes,X,,Flex Asset EOL and Site Risk Evaluation Tool Ver 3.0 3.6.25.xlsx,Entry- Site SPOF Data,74,239,242,Valid
SLC07,4.1699999999999964,Yes,X,,Flex Asset EOL and Site Risk Evaluation Tool Ver 3.0 3.6.25.xlsx,Entry- Site SPOF Data,74,243,246,Valid
SLC09,4.1699999999999964,No,X,,Flex Asset EOL and Site Risk Evaluation Tool Ver 3.0 3.6.25.xlsx,Entry- Site SPOF Data,74,247,250,Valid
SLC10,4.1699999999999964,No,X,,Flex Asset EOL and Site Risk Evaluation Tool Ver 3.0 3.6.25.xlsx,Entry- Site SPOF Data,74,251,254,Valid
TPA01,4.1699999999999964,Yes,X,,Flex Asset EOL and Site Risk Evaluation Tool Ver 3.0 3.6.25.xlsx,Entry- Site SPOF Data,74,255,258,Valid
TPA02,4.1699999999999964,Yes,X,,Flex Asset EOL and Site Risk Evaluation Tool Ver 3.0 3.6.25.xlsx,Entry- Site SPOF Data,74,259,262,Valid
TPA03,4.1699999999999964,Yes,X,,Flex Asset EOL and Site Risk Evaluation Tool Ver 3.0 3.6.25.xlsx,Entry- Site SPOF Data,74,263,266,Valid
TPA04,4.1699999999999964,Yes,X,,Flex Asset EOL and Site Risk Evaluation Tool Ver 3.0 3.6.25.xlsx,Entry- Site SPOF Data,74,267,270,Valid
ABE01,4.1799999999999962,No,x,,Flex Asset EOL and Site Risk Evaluation Tool Ver 3.0 3.6.25.xlsx,Entry- Site SPOF Data,75,7,10,Valid
ATL01,4.1799999999999962,No,X,,Flex Asset EOL and Site Risk Evaluation Tool Ver 3.0 3.6.25.xlsx,Entry- Site SPOF Data,75,11,14,Valid
ATL02,4.1799999999999962,No,X,,Flex Asset EOL and Site Risk Evaluation Tool Ver 3.0 3.6.25.xlsx,Entry- Site SPOF Data,75,15,18,Valid
ATL03,4.1799999999999962,Yes,x,,Flex Asset EOL and Site Risk Evaluation Tool Ver 3.0 3.6.25.xlsx,Entry- Site SPOF Data,75,19,22,Valid
ATL04,4.1799999999999962,Yes,x,,Flex Asset EOL and Site Risk Evaluation Tool Ver 3.0 3.6.25.xlsx,Entry- Site SPOF Data,75,23,26,Valid
ATL05,4.1799999999999962,Yes,X,,Flex Asset EOL and Site Risk Evaluation Tool Ver 3.0 3.6.25.xlsx,Entry- Site SPOF Data,75,27,30,Valid
CIN01,4.1799999999999962,No,X,,Flex Asset EOL and Site Risk Evaluation Tool Ver 3.0 3.6.25.xlsx,Entry- Site SPOF Data,75,31,34,Valid
CIN02,4.1799999999999962,No,X,,Flex Asset EOL and Site Risk Evaluation Tool Ver 3.0 3.6.25.xlsx,Entry- Site SPOF Data,75,35,38,Valid
CLT01,4.1799999999999962,No,x,,Flex Asset EOL and Site Risk Evaluation Tool Ver 3.0 3.6.25.xlsx,Entry- Site SPOF Data,75,39,42,Valid
CLT02,4.1799999999999962,No,x,,Flex Asset EOL and Site Risk Evaluation Tool Ver 3.0 3.6.25.xlsx,Entry- Site SPOF Data,75,43,46,Valid
CLT03,4.1799999999999962,No,x,,Flex Asset EOL and Site Risk Evaluation Tool Ver 3.0 3.6.25.xlsx,Entry- Site SPOF Data,75,47,50,Valid
CLT04,4.1799999999999962,No,x,,Flex Asset EOL and Site Risk Evaluation Tool Ver 3.0 3.6.25.xlsx,Entry- Site SPOF Data,75,51,54,Valid
CLT05,4.1799999999999962,Yes,x,,Flex Asset EOL and Site Risk Evaluation Tool Ver 3.0 3.6.25.xlsx,Entry- Site SPOF Data,75,55,58,Valid
DAL01,4.1799999999999962,No,X,,Flex Asset EOL and Site Risk Evaluation Tool Ver 3.0 3.6.25.xlsx,Entry- Site SPOF Data,75,59,62,Valid
DAL02,4.1799999999999962,No,X,,Flex Asset EOL and Site Risk Evaluation Tool Ver 3.0 3.6.25.xlsx,Entry- Site SPOF Data,75,63,66,Valid
DAL03,4.1799999999999962,Yes,X,,Flex Asset EOL and Site Risk Evaluation Tool Ver 3.0 3.6.25.xlsx,Entry- Site SPOF Data,75,67,70,Valid
DAL04,4.1799999999999962,Yes,X,,Flex Asset EOL and Site Risk Evaluation Tool Ver 3.0 3.6.25.xlsx,Entry- Site SPOF Data,75,71,74,Valid
DAL05,4.1799999999999962,Yes,X,,Flex Asset EOL and Site Risk Evaluation Tool Ver 3.0 3.6.25.xlsx,Entry- Site SPOF Data,75,75,78,Valid
DEN02,4.1799999999999962,Yes,X,,Flex Asset EOL and Site Risk Evaluation Tool Ver 3.0 3.6.25.xlsx,Entry- Site SPOF Data,75,79,82,Valid
DEN03,4.1799999999999962,Yes,X,,Flex Asset EOL and Site Risk Evaluation Tool Ver 3.0 3.6.25.xlsx,Entry- Site SPOF Data,75,83,86,Valid
DEN05.01,4.1799999999999962,Yes,X,,Flex Asset EOL and Site Risk Evaluation Tool Ver 3.0 3.6.25.xlsx,Entry- Site SPOF Data,75,87,90,Valid
DEN05.02,4.1799999999999962,Yes,X,,Flex Asset EOL and Site Risk Evaluation Tool Ver 3.0 3.6.25.xlsx,Entry- Site SPOF Data,75,91,94,Valid
DEN11,4.1799999999999962,Yes,x,,Flex Asset EOL and Site Risk Evaluation Tool Ver 3.0 3.6.25.xlsx,Entry- Site SPOF Data,75,95,98,Valid
DFW01,4.1799999999999962,No,X,,Flex Asset EOL and Site Risk Evaluation Tool Ver 3.0 3.6.25.xlsx,Entry- Site SPOF Data,75,99,102,Valid
FLL01,4.1799999999999962,Yes,X,,Flex Asset EOL and Site Risk Evaluation Tool Ver 3.0 3.6.25.xlsx,Entry- Site SPOF Data,75,103,106,Valid
FLL02,4.1799999999999962,Yes,X,,Flex Asset EOL and Site Risk Evaluation Tool Ver 3.0 3.6.25.xlsx,Entry- Site SPOF Data,75,107,110,Valid
JAX01,4.1799999999999962,No,X,,Flex Asset EOL and Site Risk Evaluation Tool Ver 3.0 3.6.25.xlsx,Entry- Site SPOF Data,75,111,114,Valid
JAX02,4.1799999999999962,Yes,X,,Flex Asset EOL and Site Risk Evaluation Tool Ver 3.0 3.6.25.xlsx,Entry- Site SPOF Data,75,115,118,Valid
LAS03,4.1799999999999962,No,X,,Flex Asset EOL and Site Risk Evaluation Tool Ver 3.0 3.6.25.xlsx,Entry- Site SPOF Data,75,119,122,Valid
LAS04,4.1799999999999962,No,X,,Flex Asset EOL and Site Risk Evaluation Tool Ver 3.0 3.6.25.xlsx,Entry- Site SPOF Data,75,123,126,Valid
LAS05,4.1799999999999962,No,X,,Flex Asset EOL and Site Risk Evaluation Tool Ver 3.0 3.6.25.xlsx,Entry- Site SPOF Data,75,127,130,Valid
LOU02,4.1799999999999962,No,X,,Flex Asset EOL and Site Risk Evaluation Tool Ver 3.0 3.6.25.xlsx,Entry- Site SPOF Data,75,131,134,Valid
LOU03,4.1799999999999962,No,X,,Flex Asset EOL and Site Risk Evaluation Tool Ver 3.0 3.6.25.xlsx,Entry- Site SPOF Data,75,135,138,Valid
LOU04,4.1799999999999962,No,X,,Flex Asset EOL and Site Risk Evaluation Tool Ver 3.0 3.6.25.xlsx,Entry- Site SPOF Data,75,139,142,Valid
LOU05,4.1799999999999962,No,X,,Flex Asset EOL and Site Risk Evaluation Tool Ver 3.0 3.6.25.xlsx,Entry- Site SPOF Data,75,143,146,Valid
MSP01,4.1799999999999962,No,X,,Flex Asset EOL and Site Risk Evaluation Tool Ver 3.0 3.6.25.xlsx,Entry- Site SPOF Data,75,147,150,Valid
NAS01,4.1799999999999962,No,X,,Flex Asset EOL and Site Risk Evaluation Tool Ver 3.0 3.6.25.xlsx,Entry- Site SPOF Data,75,151,154,Valid
NAS02,4.1799999999999962,No,x,Single source Utility,Flex Asset EOL and Site Risk Evaluation Tool Ver 3.0 3.6.25.xlsx,Entry- Site SPOF Data,75,155,158,Valid
NAS03,4.1799999999999962,No,X,Single source Utility,Flex Asset EOL and Site Risk Evaluation Tool Ver 3.0 3.6.25.xlsx,Entry- Site SPOF Data,75,159,162,Valid
NAS04,4.1799999999999962,No,X,,Flex Asset EOL and Site Risk Evaluation Tool Ver 3.0 3.6.25.xlsx,Entry- Site SPOF Data,75,163,166,Valid
NAS05,4.1799999999999962,Yes,X,,Flex Asset EOL and Site Risk Evaluation Tool Ver 3.0 3.6.25.xlsx,Entry- Site SPOF Data,75,167,170,Valid
NAS06,4.1799999999999962,Yes,X,,Flex Asset EOL and Site Risk Evaluation Tool Ver 3.0 3.6.25.xlsx,Entry- Site SPOF Data,75,171,174,Valid
PDX01.01,4.1799999999999962,Yes,X,,Flex Asset EOL and Site Risk Evaluation Tool Ver 3.0 3.6.25.xlsx,Entry- Site SPOF Data,75,175,178,Valid
PDX01.02,4.1799999999999962,Yes,X,,Flex Asset EOL and Site Risk Evaluation Tool Ver 3.0 3.6.25.xlsx,Entry- Site SPOF Data,75,179,182,Valid
PDX02,4.1799999999999962,Yes,X,With UPS backup,Flex Asset EOL and Site Risk Evaluation Tool Ver 3.0 3.6.25.xlsx,Entry- Site SPOF Data,75,183,186,Valid
PDX03,4.1799999999999962,Yes,X,,Flex Asset EOL and Site Risk Evaluation Tool Ver 3.0 3.6.25.xlsx,Entry- Site SPOF Data,75,187,190,Valid
PDX04,4.1799999999999962,Yes,X,,Flex Asset EOL and Site Risk Evaluation Tool Ver 3.0 3.6.25.xlsx,Entry- Site SPOF Data,75,191,194,Valid
PHL01,4.1799999999999962,Yes,X,,Flex Asset EOL and Site Risk Evaluation Tool Ver 3.0 3.6.25.xlsx,Entry- Site SPOF Data,75,195,198,Valid
PHX01,4.1799999999999962,Yes,X,"UPS ONLY, HOUSE POWER AVAILABLE",Flex Asset EOL and Site Risk Evaluation Tool Ver 3.0 3.6.25.xlsx,Entry- Site SPOF Data,75,199,202,Valid
RAL01,4.1799999999999962,Yes,X,,Flex Asset EOL and Site Risk Evaluation Tool Ver 3.0 3.6.25.xlsx,Entry- Site SPOF Data,75,203,206,Valid
RAL02,4.1799999999999962,Yes,X,,Flex Asset EOL and Site Risk Evaluation Tool Ver 3.0 3.6.25.xlsx,Entry- Site SPOF Data,75,207,210,Valid
RAL03,4.1799999999999962,Yes,X,,Flex Asset EOL and Site Risk Evaluation Tool Ver 3.0 3.6.25.xlsx,Entry- Site SPOF Data,75,211,214,Valid
RCH01,4.1799999999999962,Yes,x,,Flex Asset EOL and Site Risk Evaluation Tool Ver 3.0 3.6.25.xlsx,Entry- Site SPOF Data,75,215,218,Valid
RIC01,4.1799999999999962,No,x,,Flex Asset EOL and Site Risk Evaluation Tool Ver 3.0 3.6.25.xlsx,Entry- Site SPOF Data,75,219,222,Valid
RIC02,4.1799999999999962,No,x,,Flex Asset EOL and Site Risk Evaluation Tool Ver 3.0 3.6.25.xlsx,Entry- Site SPOF Data,75,223,226,Valid
SLC03,4.1799999999999962,Yes,X,,Flex Asset EOL and Site Risk Evaluation Tool Ver 3.0 3.6.25.xlsx,Entry- Site SPOF Data,75,227,230,Valid
SLC04.01,4.1799999999999962,Yes,X,,Flex Asset EOL and Site Risk Evaluation Tool Ver 3.0 3.6.25.xlsx,Entry- Site SPOF Data,75,231,234,Valid
SLC04.02,4.1799999999999962,Yes,X,,Flex Asset EOL and Site Risk Evaluation Tool Ver 3.0 3.6.25.xlsx,Entry- Site SPOF Data,75,235,238,Valid
SLC04.03,4.1799999999999962,Yes,X,,Flex Asset EOL and Site Risk Evaluation Tool Ver 3.0 3.6.25.xlsx,Entry- Site SPOF Data,75,239,242,Valid
SLC07,4.1799999999999962,No,X,Single UPS site,Flex Asset EOL and Site Risk Evaluation Tool Ver 3.0 3.6.25.xlsx,Entry- Site SPOF Data,75,243,246,Valid
SLC09,4.1799999999999962,Yes,X,,Flex Asset EOL and Site Risk Evaluation Tool Ver 3.0 3.6.25.xlsx,Entry- Site SPOF Data,75,247,250,Valid
SLC10,4.1799999999999962,Yes,X,,Flex Asset EOL and Site Risk Evaluation Tool Ver 3.0 3.6.25.xlsx,Entry- Site SPOF Data,75,251,254,Valid
TPA01,4.1799999999999962,Yes,X,,Flex Asset EOL and Site Risk Evaluation Tool Ver 3.0 3.6.25.xlsx,Entry- Site SPOF Data,75,255,258,Valid
TPA02,4.1799999999999962,Yes,X,,Flex Asset EOL and Site Risk Evaluation Tool Ver 3.0 3.6.25.xlsx,Entry- Site SPOF Data,75,259,262,Valid
TPA03,4.1799999999999962,Yes,X,,Flex Asset EOL and Site Risk Evaluation Tool Ver 3.0 3.6.25.xlsx,Entry- Site SPOF Data,75,263,266,Valid
TPA04,4.1799999999999962,Yes,X,,Flex Asset EOL and Site Risk Evaluation Tool Ver 3.0 3.6.25.xlsx,Entry- Site SPOF Data,75,267,270,Valid
ABE01,4.1899999999999959,Yes,x,,Flex Asset EOL and Site Risk Evaluation Tool Ver 3.0 3.6.25.xlsx,Entry- Site SPOF Data,76,7,10,Valid
ATL01,4.1899999999999959,N/A,X,,Flex Asset EOL and Site Risk Evaluation Tool Ver 3.0 3.6.25.xlsx,Entry- Site SPOF Data,76,11,14,Valid
ATL02,4.1899999999999959,Yes,X,,Flex Asset EOL and Site Risk Evaluation Tool Ver 3.0 3.6.25.xlsx,Entry- Site SPOF Data,76,15,18,Valid
ATL03,4.1899999999999959,Yes,x,,Flex Asset EOL and Site Risk Evaluation Tool Ver 3.0 3.6.25.xlsx,Entry- Site SPOF Data,76,19,22,Valid
ATL04,4.1899999999999959,Yes,x,,Flex Asset EOL and Site Risk Evaluation Tool Ver 3.0 3.6.25.xlsx,Entry- Site SPOF Data,76,23,26,Valid
ATL05,4.1899999999999959,Yes,X,,Flex Asset EOL and Site Risk Evaluation Tool Ver 3.0 3.6.25.xlsx,Entry- Site SPOF Data,76,27,30,Valid
CIN01,4.1899999999999959,No,X,Belimo valves fail closed.,Flex Asset EOL and Site Risk Evaluation Tool Ver 3.0 3.6.25.xlsx,Entry- Site SPOF Data,76,31,34,Valid
CIN02,4.1899999999999959,No,X,Belimo valves fail closed.,Flex Asset EOL and Site Risk Evaluation Tool Ver 3.0 3.6.25.xlsx,Entry- Site SPOF Data,76,35,38,Valid
CLT01,4.1899999999999959,Yes,x,,Flex Asset EOL and Site Risk Evaluation Tool Ver 3.0 3.6.25.xlsx,Entry- Site SPOF Data,76,39,42,Valid
CLT02,4.1899999999999959,Yes,x,,Flex Asset EOL and Site Risk Evaluation Tool Ver 3.0 3.6.25.xlsx,Entry- Site SPOF Data,76,43,46,Valid
CLT03,4.1899999999999959,Yes,x,,Flex Asset EOL and Site Risk Evaluation Tool Ver 3.0 3.6.25.xlsx,Entry- Site SPOF Data,76,47,50,Valid
CLT04,4.1899999999999959,Yes,x,,Flex Asset EOL and Site Risk Evaluation Tool Ver 3.0 3.6.25.xlsx,Entry- Site SPOF Data,76,51,54,Valid
CLT05,4.1899999999999959,Yes,x,,Flex Asset EOL and Site Risk Evaluation Tool Ver 3.0 3.6.25.xlsx,Entry- Site SPOF Data,76,55,58,Valid
DAL01,4.1899999999999959,N/A,X,,Flex Asset EOL and Site Risk Evaluation Tool Ver 3.0 3.6.25.xlsx,Entry- Site SPOF Data,76,59,62,Valid
DAL02,4.1899999999999959,N/A,X,,Flex Asset EOL and Site Risk Evaluation Tool Ver 3.0 3.6.25.xlsx,Entry- Site SPOF Data,76,63,66,Valid
DAL03,4.1899999999999959,N/A,X,,Flex Asset EOL and Site Risk Evaluation Tool Ver 3.0 3.6.25.xlsx,Entry- Site SPOF Data,76,67,70,Valid
DAL04,4.1899999999999959,No,X,,Flex Asset EOL and Site Risk Evaluation Tool Ver 3.0 3.6.25.xlsx,Entry- Site SPOF Data,76,71,74,Valid
DAL05,4.1899999999999959,N/A,X,,Flex Asset EOL and Site Risk Evaluation Tool Ver 3.0 3.6.25.xlsx,Entry- Site SPOF Data,76,75,78,Valid
DEN02,4.1899999999999959,No,X,,Flex Asset EOL and Site Risk Evaluation Tool Ver 3.0 3.6.25.xlsx,Entry- Site SPOF Data,76,79,82,Valid
DEN03,4.1899999999999959,Yes,X,,Flex Asset EOL and Site Risk Evaluation Tool Ver 3.0 3.6.25.xlsx,Entry- Site SPOF Data,76,83,86,Valid
DEN05.01,4.1899999999999959,N/A,X,,Flex Asset EOL and Site Risk Evaluation Tool Ver 3.0 3.6.25.xlsx,Entry- Site SPOF Data,76,87,90,Valid
DEN05.02,4.1899999999999959,N/A,X,,Flex Asset EOL and Site Risk Evaluation Tool Ver 3.0 3.6.25.xlsx,Entry- Site SPOF Data,76,91,94,Valid
DEN11,4.1899999999999959,Yes,x,,Flex Asset EOL and Site Risk Evaluation Tool Ver 3.0 3.6.25.xlsx,Entry- Site SPOF Data,76,95,98,Valid
DFW01,4.1899999999999959,Yes,X,,Flex Asset EOL and Site Risk Evaluation Tool Ver 3.0 3.6.25.xlsx,Entry- Site SPOF Data,76,99,102,Valid
FLL01,4.1899999999999959,Yes,X,,Flex Asset EOL and Site Risk Evaluation Tool Ver 3.0 3.6.25.xlsx,Entry- Site SPOF Data,76,103,106,Valid
FLL02,4.1899999999999959,Yes,X,,Flex Asset EOL and Site Risk Evaluation Tool Ver 3.0 3.6.25.xlsx,Entry- Site SPOF Data,76,107,110,Valid
JAX01,4.1899999999999959,N/A,X,,Flex Asset EOL and Site Risk Evaluation Tool Ver 3.0 3.6.25.xlsx,Entry- Site SPOF Data,76,111,114,Valid
JAX02,4.1899999999999959,Yes,X,,Flex Asset EOL and Site Risk Evaluation Tool Ver 3.0 3.6.25.xlsx,Entry- Site SPOF Data,76,115,118,Valid
LAS03,4.1899999999999959,No,X,,Flex Asset EOL and Site Risk Evaluation Tool Ver 3.0 3.6.25.xlsx,Entry- Site SPOF Data,76,119,122,Valid
LAS04,4.1899999999999959,Yes,X,,Flex Asset EOL and Site Risk Evaluation Tool Ver 3.0 3.6.25.xlsx,Entry- Site SPOF Data,76,123,126,Valid
LAS05,4.1899999999999959,No,X,,Flex Asset EOL and Site Risk Evaluation Tool Ver 3.0 3.6.25.xlsx,Entry- Site SPOF Data,76,127,130,Valid
LOU02,4.1899999999999959,No,X,Belimo valves fail closed.,Flex Asset EOL and Site Risk Evaluation Tool Ver 3.0 3.6.25.xlsx,Entry- Site SPOF Data,76,131,134,Valid
LOU03,4.1899999999999959,Yes,X,,Flex Asset EOL and Site Risk Evaluation Tool Ver 3.0 3.6.25.xlsx,Entry- Site SPOF Data,76,135,138,Valid
LOU04,4.1899999999999959,Yes,X,,Flex Asset EOL and Site Risk Evaluation Tool Ver 3.0 3.6.25.xlsx,Entry- Site SPOF Data,76,139,142,Valid
LOU05,4.1899999999999959,N/A,X,,Flex Asset EOL and Site Risk Evaluation Tool Ver 3.0 3.6.25.xlsx,Entry- Site SPOF Data,76,143,146,Valid
MSP01,4.1899999999999959,Yes,X,,Flex Asset EOL and Site Risk Evaluation Tool Ver 3.0 3.6.25.xlsx,Entry- Site SPOF Data,76,147,150,Valid
NAS01,4.1899999999999959,Yes,x,,Flex Asset EOL and Site Risk Evaluation Tool Ver 3.0 3.6.25.xlsx,Entry- Site SPOF Data,76,151,154,Valid
NAS02,4.1899999999999959,Yes,x,,Flex Asset EOL and Site Risk Evaluation Tool Ver 3.0 3.6.25.xlsx,Entry- Site SPOF Data,76,155,158,Valid
NAS03,4.1899999999999959,Yes,x,,Flex Asset EOL and Site Risk Evaluation Tool Ver 3.0 3.6.25.xlsx,Entry- Site SPOF Data,76,159,162,Valid
NAS04,4.1899999999999959,Yes,x,,Flex Asset EOL and Site Risk Evaluation Tool Ver 3.0 3.6.25.xlsx,Entry- Site SPOF Data,76,163,166,Valid
NAS05,4.1899999999999959,Yes,x,,Flex Asset EOL and Site Risk Evaluation Tool Ver 3.0 3.6.25.xlsx,Entry- Site SPOF Data,76,167,170,Valid
NAS06,4.1899999999999959,Yes,x,,Flex Asset EOL and Site Risk Evaluation Tool Ver 3.0 3.6.25.xlsx,Entry- Site SPOF Data,76,171,174,Valid
PDX01.01,4.1899999999999959,Yes,x,,Flex Asset EOL and Site Risk Evaluation Tool Ver 3.0 3.6.25.xlsx,Entry- Site SPOF Data,76,175,178,Valid
PDX01.02,4.1899999999999959,Yes,x,,Flex Asset EOL and Site Risk Evaluation Tool Ver 3.0 3.6.25.xlsx,Entry- Site SPOF Data,76,179,182,Valid
PDX02,4.1899999999999959,Yes,X,,Flex Asset EOL and Site Risk Evaluation Tool Ver 3.0 3.6.25.xlsx,Entry- Site SPOF Data,76,183,186,Valid
PDX03,4.1899999999999959,Yes,X,,Flex Asset EOL and Site Risk Evaluation Tool Ver 3.0 3.6.25.xlsx,Entry- Site SPOF Data,76,187,190,Valid
PDX04,4.1899999999999959,No,X,,Flex Asset EOL and Site Risk Evaluation Tool Ver 3.0 3.6.25.xlsx,Entry- Site SPOF Data,76,191,194,Valid
PHL01,4.1899999999999959,No,X,,Flex Asset EOL and Site Risk Evaluation Tool Ver 3.0 3.6.25.xlsx,Entry- Site SPOF Data,76,195,198,Valid
PHX01,4.1899999999999959,Yes,X,,Flex Asset EOL and Site Risk Evaluation Tool Ver 3.0 3.6.25.xlsx,Entry- Site SPOF Data,76,199,202,Valid
RAL01,4.1899999999999959,Yes,X,,Flex Asset EOL and Site Risk Evaluation Tool Ver 3.0 3.6.25.xlsx,Entry- Site SPOF Data,76,203,206,Valid
RAL02,4.1899999999999959,Yes,X,,Flex Asset EOL and Site Risk Evaluation Tool Ver 3.0 3.6.25.xlsx,Entry- Site SPOF Data,76,207,210,Valid
RAL03,4.1899999999999959,Yes,X,,Flex Asset EOL and Site Risk Evaluation Tool Ver 3.0 3.6.25.xlsx,Entry- Site SPOF Data,76,211,214,Valid
RCH01,4.1899999999999959,Yes,x,,Flex Asset EOL and Site Risk Evaluation Tool Ver 3.0 3.6.25.xlsx,Entry- Site SPOF Data,76,215,218,Valid
RIC01,4.1899999999999959,Yes,x,,Flex Asset EOL and Site Risk Evaluation Tool Ver 3.0 3.6.25.xlsx,Entry- Site SPOF Data,76,219,222,Valid
RIC02,4.1899999999999959,Yes,x,,Flex Asset EOL and Site Risk Evaluation Tool Ver 3.0 3.6.25.xlsx,Entry- Site SPOF Data,76,223,226,Valid
SLC03,4.1899999999999959,N/A,X,,Flex Asset EOL and Site Risk Evaluation Tool Ver 3.0 3.6.25.xlsx,Entry- Site SPOF Data,76,227,230,Valid
SLC04.01,4.1899999999999959,N/A,X,,Flex Asset EOL and Site Risk Evaluation Tool Ver 3.0 3.6.25.xlsx,Entry- Site SPOF Data,76,231,234,Valid
SLC04.02,4.1899999999999959,N/A,X,,Flex Asset EOL and Site Risk Evaluation Tool Ver 3.0 3.6.25.xlsx,Entry- Site SPOF Data,76,235,238,Valid
SLC04.03,4.1899999999999959,N/A,X,,Flex Asset EOL and Site Risk Evaluation Tool Ver 3.0 3.6.25.xlsx,Entry- Site SPOF Data,76,239,242,Valid
SLC07,4.1899999999999959,N/A,X,,Flex Asset EOL and Site Risk Evaluation Tool Ver 3.0 3.6.25.xlsx,Entry- Site SPOF Data,76,243,246,Valid
SLC09,4.1899999999999959,N/A,X,,Flex Asset EOL and Site Risk Evaluation Tool Ver 3.0 3.6.25.xlsx,Entry- Site SPOF Data,76,247,250,Valid
SLC10,4.1899999999999959,N/A,X,,Flex Asset EOL and Site Risk Evaluation Tool Ver 3.0 3.6.25.xlsx,Entry- Site SPOF Data,76,251,254,Valid
TPA01,4.1899999999999959,Yes,X,,Flex Asset EOL and Site Risk Evaluation Tool Ver 3.0 3.6.25.xlsx,Entry- Site SPOF Data,76,255,258,Valid
TPA02,4.1899999999999959,Yes,X,,Flex Asset EOL and Site Risk Evaluation Tool Ver 3.0 3.6.25.xlsx,Entry- Site SPOF Data,76,259,262,Valid
TPA03,4.1899999999999959,Yes,X,,Flex Asset EOL and Site Risk Evaluation Tool Ver 3.0 3.6.25.xlsx,Entry- Site SPOF Data,76,263,266,Valid
TPA04,4.1899999999999959,Yes,X,,Flex Asset EOL and Site Risk Evaluation Tool Ver 3.0 3.6.25.xlsx,Entry- Site SPOF Data,76,267,270,Valid
ABE01,5,Blank,,,Flex Asset EOL and Site Risk Evaluation Tool Ver 3.0 3.6.25.xlsx,Entry- Site SPOF Data,77,7,10,Blank
ATL01,5,Blank,,,Flex Asset EOL and Site Risk Evaluation Tool Ver 3.0 3.6.25.xlsx,Entry- Site SPOF Data,77,11,14,Blank
ATL02,5,Blank,,,Flex Asset EOL and Site Risk Evaluation Tool Ver 3.0 3.6.25.xlsx,Entry- Site SPOF Data,77,15,18,Blank
ATL03,5,Blank,,,Flex Asset EOL and Site Risk Evaluation Tool Ver 3.0 3.6.25.xlsx,Entry- Site SPOF Data,77,19,22,Blank
ATL04,5,Blank,,,Flex Asset EOL and Site Risk Evaluation Tool Ver 3.0 3.6.25.xlsx,Entry- Site SPOF Data,77,23,26,Blank
ATL05,5,Blank,,,Flex Asset EOL and Site Risk Evaluation Tool Ver 3.0 3.6.25.xlsx,Entry- Site SPOF Data,77,27,30,Blank
CIN01,5,Blank,,,Flex Asset EOL and Site Risk Evaluation Tool Ver 3.0 3.6.25.xlsx,Entry- Site SPOF Data,77,31,34,Blank
CIN02,5,Blank,,,Flex Asset EOL and Site Risk Evaluation Tool Ver 3.0 3.6.25.xlsx,Entry- Site SPOF Data,77,35,38,Blank
CLT01,5,Blank,,,Flex Asset EOL and Site Risk Evaluation Tool Ver 3.0 3.6.25.xlsx,Entry- Site SPOF Data,77,39,42,Blank
CLT02,5,Blank,,,Flex Asset EOL and Site Risk Evaluation Tool Ver 3.0 3.6.25.xlsx,Entry- Site SPOF Data,77,43,46,Blank
CLT03,5,Blank,,,Flex Asset EOL and Site Risk Evaluation Tool Ver 3.0 3.6.25.xlsx,Entry- Site SPOF Data,77,47,50,Blank
CLT04,5,Blank,,,Flex Asset EOL and Site Risk Evaluation Tool Ver 3.0 3.6.25.xlsx,Entry- Site SPOF Data,77,51,54,Blank
CLT05,5,Blank,,,Flex Asset EOL and Site Risk Evaluation Tool Ver 3.0 3.6.25.xlsx,Entry- Site SPOF Data,77,55,58,Blank
DAL01,5,Blank,,,Flex Asset EOL and Site Risk Evaluation Tool Ver 3.0 3.6.25.xlsx,Entry- Site SPOF Data,77,59,62,Blank
DAL02,5,Blank,,,Flex Asset EOL and Site Risk Evaluation Tool Ver 3.0 3.6.25.xlsx,Entry- Site SPOF Data,77,63,66,Blank
DAL03,5,Blank,,,Flex Asset EOL and Site Risk Evaluation Tool Ver 3.0 3.6.25.xlsx,Entry- Site SPOF Data,77,67,70,Blank
DAL04,5,Blank,,,Flex Asset EOL and Site Risk Evaluation Tool Ver 3.0 3.6.25.xlsx,Entry- Site SPOF Data,77,71,74,Blank
DAL05,5,Blank,,,Flex Asset EOL and Site Risk Evaluation Tool Ver 3.0 3.6.25.xlsx,Entry- Site SPOF Data,77,75,78,Blank
DEN02,5,Blank,,,Flex Asset EOL and Site Risk Evaluation Tool Ver 3.0 3.6.25.xlsx,Entry- Site SPOF Data,77,79,82,Blank
DEN03,5,Blank,,,Flex Asset EOL and Site Risk Evaluation Tool Ver 3.0 3.6.25.xlsx,Entry- Site SPOF Data,77,83,86,Blank
DEN05.01,5,Blank,,,Flex Asset EOL and Site Risk Evaluation Tool Ver 3.0 3.6.25.xlsx,Entry- Site SPOF Data,77,87,90,Blank
DEN05.02,5,Blank,,,Flex Asset EOL and Site Risk Evaluation Tool Ver 3.0 3.6.25.xlsx,Entry- Site SPOF Data,77,91,94,Blank
DEN11,5,Blank,,,Flex Asset EOL and Site Risk Evaluation Tool Ver 3.0 3.6.25.xlsx,Entry- Site SPOF Data,77,95,98,Blank
DFW01,5,Blank,,,Flex Asset EOL and Site Risk Evaluation Tool Ver 3.0 3.6.25.xlsx,Entry- Site SPOF Data,77,99,102,Blank
FLL01,5,Blank,,,Flex Asset EOL and Site Risk Evaluation Tool Ver 3.0 3.6.25.xlsx,Entry- Site SPOF Data,77,103,106,Blank
FLL02,5,Blank,,,Flex Asset EOL and Site Risk Evaluation Tool Ver 3.0 3.6.25.xlsx,Entry- Site SPOF Data,77,107,110,Blank
JAX01,5,Blank,,,Flex Asset EOL and Site Risk Evaluation Tool Ver 3.0 3.6.25.xlsx,Entry- Site SPOF Data,77,111,114,Blank
JAX02,5,Blank,,,Flex Asset EOL and Site Risk Evaluation Tool Ver 3.0 3.6.25.xlsx,Entry- Site SPOF Data,77,115,118,Blank
LAS03,5,Blank,,,Flex Asset EOL and Site Risk Evaluation Tool Ver 3.0 3.6.25.xlsx,Entry- Site SPOF Data,77,119,122,Blank
LAS04,5,Blank,,,Flex Asset EOL and Site Risk Evaluation Tool Ver 3.0 3.6.25.xlsx,Entry- Site SPOF Data,77,123,126,Blank
LAS05,5,Blank,,,Flex Asset EOL and Site Risk Evaluation Tool Ver 3.0 3.6.25.xlsx,Entry- Site SPOF Data,77,127,130,Blank
LOU02,5,Blank,,,Flex Asset EOL and Site Risk Evaluation Tool Ver 3.0 3.6.25.xlsx,Entry- Site SPOF Data,77,131,134,Blank
LOU03,5,Blank,,,Flex Asset EOL and Site Risk Evaluation Tool Ver 3.0 3.6.25.xlsx,Entry- Site SPOF Data,77,135,138,Blank
LOU04,5,Blank,,,Flex Asset EOL and Site Risk Evaluation Tool Ver 3.0 3.6.25.xlsx,Entry- Site SPOF Data,77,139,142,Blank
LOU05,5,Blank,,,Flex Asset EOL and Site Risk Evaluation Tool Ver 3.0 3.6.25.xlsx,Entry- Site SPOF Data,77,143,146,Blank
MSP01,5,Blank,,,Flex Asset EOL and Site Risk Evaluation Tool Ver 3.0 3.6.25.xlsx,Entry- Site SPOF Data,77,147,150,Blank
NAS01,5,Blank,,,Flex Asset EOL and Site Risk Evaluation Tool Ver 3.0 3.6.25.xlsx,Entry- Site SPOF Data,77,151,154,Blank
NAS02,5,Blank,,,Flex Asset EOL and Site Risk Evaluation Tool Ver 3.0 3.6.25.xlsx,Entry- Site SPOF Data,77,155,158,Blank
NAS03,5,Blank,,,Flex Asset EOL and Site Risk Evaluation Tool Ver 3.0 3.6.25.xlsx,Entry- Site SPOF Data,77,159,162,Blank
NAS04,5,Blank,,,Flex Asset EOL and Site Risk Evaluation Tool Ver 3.0 3.6.25.xlsx,Entry- Site SPOF Data,77,163,166,Blank
NAS05,5,Blank,,,Flex Asset EOL and Site Risk Evaluation Tool Ver 3.0 3.6.25.xlsx,Entry- Site SPOF Data,77,167,170,Blank
NAS06,5,Blank,,,Flex Asset EOL and Site Risk Evaluation Tool Ver 3.0 3.6.25.xlsx,Entry- Site SPOF Data,77,171,174,Blank
PDX01.01,5,Blank,,,Flex Asset EOL and Site Risk Evaluation Tool Ver 3.0 3.6.25.xlsx,Entry- Site SPOF Data,77,175,178,Blank
PDX01.02,5,Blank,,,Flex Asset EOL and Site Risk Evaluation Tool Ver 3.0 3.6.25.xlsx,Entry- Site SPOF Data,77,179,182,Blank
PDX02,5,Blank,,,Flex Asset EOL and Site Risk Evaluation Tool Ver 3.0 3.6.25.xlsx,Entry- Site SPOF Data,77,183,186,Blank
PDX03,5,Blank,,,Flex Asset EOL and Site Risk Evaluation Tool Ver 3.0 3.6.25.xlsx,Entry- Site SPOF Data,77,187,190,Blank
PDX04,5,Blank,,,Flex Asset EOL and Site Risk Evaluation Tool Ver 3.0 3.6.25.xlsx,Entry- Site SPOF Data,77,191,194,Blank
PHL01,5,Blank,,,Flex Asset EOL and Site Risk Evaluation Tool Ver 3.0 3.6.25.xlsx,Entry- Site SPOF Data,77,195,198,Blank
PHX01,5,Blank,,,Flex Asset EOL and Site Risk Evaluation Tool Ver 3.0 3.6.25.xlsx,Entry- Site SPOF Data,77,199,202,Blank
RAL01,5,Blank,,,Flex Asset EOL and Site Risk Evaluation Tool Ver 3.0 3.6.25.xlsx,Entry- Site SPOF Data,77,203,206,Blank
RAL02,5,Blank,,,Flex Asset EOL and Site Risk Evaluation Tool Ver 3.0 3.6.25.xlsx,Entry- Site SPOF Data,77,207,210,Blank
RAL03,5,Blank,,,Flex Asset EOL and Site Risk Evaluation Tool Ver 3.0 3.6.25.xlsx,Entry- Site SPOF Data,77,211,214,Blank
RCH01,5,Blank,,,Flex Asset EOL and Site Risk Evaluation Tool Ver 3.0 3.6.25.xlsx,Entry- Site SPOF Data,77,215,218,Blank
RIC01,5,Blank,,,Flex Asset EOL and Site Risk Evaluation Tool Ver 3.0 3.6.25.xlsx,Entry- Site SPOF Data,77,219,222,Blank
RIC02,5,Blank,,,Flex Asset EOL and Site Risk Evaluation Tool Ver 3.0 3.6.25.xlsx,Entry- Site SPOF Data,77,223,226,Blank
SLC03,5,Blank,,,Flex Asset EOL and Site Risk Evaluation Tool Ver 3.0 3.6.25.xlsx,Entry- Site SPOF Data,77,227,230,Blank
SLC04.01,5,Blank,,,Flex Asset EOL and Site Risk Evaluation Tool Ver 3.0 3.6.25.xlsx,Entry- Site SPOF Data,77,231,234,Blank
SLC04.02,5,Blank,,,Flex Asset EOL and Site Risk Evaluation Tool Ver 3.0 3.6.25.xlsx,Entry- Site SPOF Data,77,235,238,Blank
SLC04.03,5,Blank,,,Flex Asset EOL and Site Risk Evaluation Tool Ver 3.0 3.6.25.xlsx,Entry- Site SPOF Data,77,239,242,Blank
SLC07,5,Blank,,,Flex Asset EOL and Site Risk Evaluation Tool Ver 3.0 3.6.25.xlsx,Entry- Site SPOF Data,77,243,246,Blank
SLC09,5,Blank,,,Flex Asset EOL and Site Risk Evaluation Tool Ver 3.0 3.6.25.xlsx,Entry- Site SPOF Data,77,247,250,Blank
SLC10,5,Blank,,,Flex Asset EOL and Site Risk Evaluation Tool Ver 3.0 3.6.25.xlsx,Entry- Site SPOF Data,77,251,254,Blank
TPA01,5,Blank,,,Flex Asset EOL and Site Risk Evaluation Tool Ver 3.0 3.6.25.xlsx,Entry- Site SPOF Data,77,255,258,Blank
TPA02,5,Blank,,,Flex Asset EOL and Site Risk Evaluation Tool Ver 3.0 3.6.25.xlsx,Entry- Site SPOF Data,77,259,262,Blank
TPA03,5,Blank,,,Flex Asset EOL and Site Risk Evaluation Tool Ver 3.0 3.6.25.xlsx,Entry- Site SPOF Data,77,263,266,Blank
TPA04,5,Blank,,,Flex Asset EOL and Site Risk Evaluation Tool Ver 3.0 3.6.25.xlsx,Entry- Site SPOF Data,77,267,270,Blank
ABE01,5.01,No,x,,Flex Asset EOL and Site Risk Evaluation Tool Ver 3.0 3.6.25.xlsx,Entry- Site SPOF Data,78,7,10,Valid
ATL01,5.01,Yes,X,,Flex Asset EOL and Site Risk Evaluation Tool Ver 3.0 3.6.25.xlsx,Entry- Site SPOF Data,78,11,14,Valid
ATL02,5.01,Yes,X,,Flex Asset EOL and Site Risk Evaluation Tool Ver 3.0 3.6.25.xlsx,Entry- Site SPOF Data,78,15,18,Valid
ATL03,5.01,Yes,x,,Flex Asset EOL and Site Risk Evaluation Tool Ver 3.0 3.6.25.xlsx,Entry- Site SPOF Data,78,19,22,Valid
ATL04,5.01,Yes,x,,Flex Asset EOL and Site Risk Evaluation Tool Ver 3.0 3.6.25.xlsx,Entry- Site SPOF Data,78,23,26,Valid
ATL05,5.01,Yes,X,,Flex Asset EOL and Site Risk Evaluation Tool Ver 3.0 3.6.25.xlsx,Entry- Site SPOF Data,78,27,30,Valid
CIN01,5.01,N/A,X,,Flex Asset EOL and Site Risk Evaluation Tool Ver 3.0 3.6.25.xlsx,Entry- Site SPOF Data,78,31,34,Valid
CIN02,5.01,N/A,X,,Flex Asset EOL and Site Risk Evaluation Tool Ver 3.0 3.6.25.xlsx,Entry- Site SPOF Data,78,35,38,Valid
CLT01,5.01,N/A,x,,Flex Asset EOL and Site Risk Evaluation Tool Ver 3.0 3.6.25.xlsx,Entry- Site SPOF Data,78,39,42,Valid
CLT02,5.01,N/A,x,,Flex Asset EOL and Site Risk Evaluation Tool Ver 3.0 3.6.25.xlsx,Entry- Site SPOF Data,78,43,46,Valid
CLT03,5.01,N/A,x,,Flex Asset EOL and Site Risk Evaluation Tool Ver 3.0 3.6.25.xlsx,Entry- Site SPOF Data,78,47,50,Valid
CLT04,5.01,N/A,x,,Flex Asset EOL and Site Risk Evaluation Tool Ver 3.0 3.6.25.xlsx,Entry- Site SPOF Data,78,51,54,Valid
CLT05,5.01,Yes,x,,Flex Asset EOL and Site Risk Evaluation Tool Ver 3.0 3.6.25.xlsx,Entry- Site SPOF Data,78,55,58,Valid
DAL01,5.01,N/A,X,,Flex Asset EOL and Site Risk Evaluation Tool Ver 3.0 3.6.25.xlsx,Entry- Site SPOF Data,78,59,62,Valid
DAL02,5.01,N/A,X,,Flex Asset EOL and Site Risk Evaluation Tool Ver 3.0 3.6.25.xlsx,Entry- Site SPOF Data,78,63,66,Valid
DAL03,5.01,No,X,,Flex Asset EOL and Site Risk Evaluation Tool Ver 3.0 3.6.25.xlsx,Entry- Site SPOF Data,78,67,70,Valid
DAL04,5.01,No,X,,Flex Asset EOL and Site Risk Evaluation Tool Ver 3.0 3.6.25.xlsx,Entry- Site SPOF Data,78,71,74,Valid
DAL05,5.01,Yes,X,,Flex Asset EOL and Site Risk Evaluation Tool Ver 3.0 3.6.25.xlsx,Entry- Site SPOF Data,78,75,78,Valid
DEN02,5.01,No,X,,Flex Asset EOL and Site Risk Evaluation Tool Ver 3.0 3.6.25.xlsx,Entry- Site SPOF Data,78,79,82,Valid
DEN03,5.01,Yes,X,,Flex Asset EOL and Site Risk Evaluation Tool Ver 3.0 3.6.25.xlsx,Entry- Site SPOF Data,78,83,86,Valid
DEN05.01,5.01,Yes,X,,Flex Asset EOL and Site Risk Evaluation Tool Ver 3.0 3.6.25.xlsx,Entry- Site SPOF Data,78,87,90,Valid
DEN05.02,5.01,Yes,X,,Flex Asset EOL and Site Risk Evaluation Tool Ver 3.0 3.6.25.xlsx,Entry- Site SPOF Data,78,91,94,Valid
DEN11,5.01,N/A,x,,Flex Asset EOL and Site Risk Evaluation Tool Ver 3.0 3.6.25.xlsx,Entry- Site SPOF Data,78,95,98,Valid
DFW01,5.01,Yes,X,,Flex Asset EOL and Site Risk Evaluation Tool Ver 3.0 3.6.25.xlsx,Entry- Site SPOF Data,78,99,102,Valid
FLL01,5.01,N/A,X,N/A,Flex Asset EOL and Site Risk Evaluation Tool Ver 3.0 3.6.25.xlsx,Entry- Site SPOF Data,78,103,106,Valid
FLL02,5.01,N/A,X,N/A,Flex Asset EOL and Site Risk Evaluation Tool Ver 3.0 3.6.25.xlsx,Entry- Site SPOF Data,78,107,110,Valid
JAX01,5.01,N/A,X,,Flex Asset EOL and Site Risk Evaluation Tool Ver 3.0 3.6.25.xlsx,Entry- Site SPOF Data,78,111,114,Valid
JAX02,5.01,N/A,X,,Flex Asset EOL and Site Risk Evaluation Tool Ver 3.0 3.6.25.xlsx,Entry- Site SPOF Data,78,115,118,Valid
LAS03,5.01,N/A,X,,Flex Asset EOL and Site Risk Evaluation Tool Ver 3.0 3.6.25.xlsx,Entry- Site SPOF Data,78,119,122,Valid
LAS04,5.01,Yes,X,,Flex Asset EOL and Site Risk Evaluation Tool Ver 3.0 3.6.25.xlsx,Entry- Site SPOF Data,78,123,126,Valid
LAS05,5.01,N/A,X,,Flex Asset EOL and Site Risk Evaluation Tool Ver 3.0 3.6.25.xlsx,Entry- Site SPOF Data,78,127,130,Valid
LOU02,5.01,N/A,X,,Flex Asset EOL and Site Risk Evaluation Tool Ver 3.0 3.6.25.xlsx,Entry- Site SPOF Data,78,131,134,Valid
LOU03,5.01,N/A,X,,Flex Asset EOL and Site Risk Evaluation Tool Ver 3.0 3.6.25.xlsx,Entry- Site SPOF Data,78,135,138,Valid
LOU04,5.01,N/A,X,,Flex Asset EOL and Site Risk Evaluation Tool Ver 3.0 3.6.25.xlsx,Entry- Site SPOF Data,78,139,142,Valid
LOU05,5.01,Yes,X,,Flex Asset EOL and Site Risk Evaluation Tool Ver 3.0 3.6.25.xlsx,Entry- Site SPOF Data,78,143,146,Valid
MSP01,5.01,Yes,X,,Flex Asset EOL and Site Risk Evaluation Tool Ver 3.0 3.6.25.xlsx,Entry- Site SPOF Data,78,147,150,Valid
NAS01,5.01,N/A,x,,Flex Asset EOL and Site Risk Evaluation Tool Ver 3.0 3.6.25.xlsx,Entry- Site SPOF Data,78,151,154,Valid
NAS02,5.01,N/A,x,Single source utility,Flex Asset EOL and Site Risk Evaluation Tool Ver 3.0 3.6.25.xlsx,Entry- Site SPOF Data,78,155,158,Valid
NAS03,5.01,N/A,x,Single source utility,Flex Asset EOL and Site Risk Evaluation Tool Ver 3.0 3.6.25.xlsx,Entry- Site SPOF Data,78,159,162,Valid
NAS04,5.01,N/A,x,,Flex Asset EOL and Site Risk Evaluation Tool Ver 3.0 3.6.25.xlsx,Entry- Site SPOF Data,78,163,166,Valid
NAS05,5.01,Yes,x,,Flex Asset EOL and Site Risk Evaluation Tool Ver 3.0 3.6.25.xlsx,Entry- Site SPOF Data,78,167,170,Valid
NAS06,5.01,Yes,x,,Flex Asset EOL and Site Risk Evaluation Tool Ver 3.0 3.6.25.xlsx,Entry- Site SPOF Data,78,171,174,Valid
PDX01.01,5.01,Yes,x,,Flex Asset EOL and Site Risk Evaluation Tool Ver 3.0 3.6.25.xlsx,Entry- Site SPOF Data,78,175,178,Valid
PDX01.02,5.01,Yes,x,,Flex Asset EOL and Site Risk Evaluation Tool Ver 3.0 3.6.25.xlsx,Entry- Site SPOF Data,78,179,182,Valid
PDX02,5.01,Yes,X,,Flex Asset EOL and Site Risk Evaluation Tool Ver 3.0 3.6.25.xlsx,Entry- Site SPOF Data,78,183,186,Valid
PDX03,5.01,Yes,X,,Flex Asset EOL and Site Risk Evaluation Tool Ver 3.0 3.6.25.xlsx,Entry- Site SPOF Data,78,187,190,Valid
PDX04,5.01,N/A,X,,Flex Asset EOL and Site Risk Evaluation Tool Ver 3.0 3.6.25.xlsx,Entry- Site SPOF Data,78,191,194,Valid
PHL01,5.01,Yes,X,,Flex Asset EOL and Site Risk Evaluation Tool Ver 3.0 3.6.25.xlsx,Entry- Site SPOF Data,78,195,198,Valid
PHX01,5.01,Yes,X,,Flex Asset EOL and Site Risk Evaluation Tool Ver 3.0 3.6.25.xlsx,Entry- Site SPOF Data,78,199,202,Valid
RAL01,5.01,Yes,X,,Flex Asset EOL and Site Risk Evaluation Tool Ver 3.0 3.6.25.xlsx,Entry- Site SPOF Data,78,203,206,Valid
RAL02,5.01,Yes,X,,Flex Asset EOL and Site Risk Evaluation Tool Ver 3.0 3.6.25.xlsx,Entry- Site SPOF Data,78,207,210,Valid
RAL03,5.01,Yes,X,,Flex Asset EOL and Site Risk Evaluation Tool Ver 3.0 3.6.25.xlsx,Entry- Site SPOF Data,78,211,214,Valid
RCH01,5.01,Yes,x,,Flex Asset EOL and Site Risk Evaluation Tool Ver 3.0 3.6.25.xlsx,Entry- Site SPOF Data,78,215,218,Valid
RIC01,5.01,Yes,x,,Flex Asset EOL and Site Risk Evaluation Tool Ver 3.0 3.6.25.xlsx,Entry- Site SPOF Data,78,219,222,Valid
RIC02,5.01,Yes,x,,Flex Asset EOL and Site Risk Evaluation Tool Ver 3.0 3.6.25.xlsx,Entry- Site SPOF Data,78,223,226,Valid
SLC03,5.01,N/A,X,,Flex Asset EOL and Site Risk Evaluation Tool Ver 3.0 3.6.25.xlsx,Entry- Site SPOF Data,78,227,230,Valid
SLC04.01,5.01,Yes,X,,Flex Asset EOL and Site Risk Evaluation Tool Ver 3.0 3.6.25.xlsx,Entry- Site SPOF Data,78,231,234,Valid
SLC04.02,5.01,Yes,X,,Flex Asset EOL and Site Risk Evaluation Tool Ver 3.0 3.6.25.xlsx,Entry- Site SPOF Data,78,235,238,Valid
SLC04.03,5.01,Yes,X,,Flex Asset EOL and Site Risk Evaluation Tool Ver 3.0 3.6.25.xlsx,Entry- Site SPOF Data,78,239,242,Valid
SLC07,5.01,N/A,X,,Flex Asset EOL and Site Risk Evaluation Tool Ver 3.0 3.6.25.xlsx,Entry- Site SPOF Data,78,243,246,Valid
SLC09,5.01,Yes,X,,Flex Asset EOL and Site Risk Evaluation Tool Ver 3.0 3.6.25.xlsx,Entry- Site SPOF Data,78,247,250,Valid
SLC10,5.01,N/A,X,We have 2 A sides and 2 B sides. There is a tie between these and there is a kirk key interlock.,Flex Asset EOL and Site Risk Evaluation Tool Ver 3.0 3.6.25.xlsx,Entry- Site SPOF Data,78,251,254,Valid
TPA01,5.01,Yes,X,,Flex Asset EOL and Site Risk Evaluation Tool Ver 3.0 3.6.25.xlsx,Entry- Site SPOF Data,78,255,258,Valid
TPA02,5.01,Yes,X,,Flex Asset EOL and Site Risk Evaluation Tool Ver 3.0 3.6.25.xlsx,Entry- Site SPOF Data,78,259,262,Valid
TPA03,5.01,Yes,X,,Flex Asset EOL and Site Risk Evaluation Tool Ver 3.0 3.6.25.xlsx,Entry- Site SPOF Data,78,263,266,Valid
TPA04,5.01,Yes,X,,Flex Asset EOL and Site Risk Evaluation Tool Ver 3.0 3.6.25.xlsx,Entry- Site SPOF Data,78,267,270,Valid
ABE01,5.0199999999999996,No,x,,Flex Asset EOL and Site Risk Evaluation Tool Ver 3.0 3.6.25.xlsx,Entry- Site SPOF Data,79,7,10,Valid
ATL01,5.0199999999999996,No,X,,Flex Asset EOL and Site Risk Evaluation Tool Ver 3.0 3.6.25.xlsx,Entry- Site SPOF Data,79,11,14,Valid
ATL02,5.0199999999999996,No,X,,Flex Asset EOL and Site Risk Evaluation Tool Ver 3.0 3.6.25.xlsx,Entry- Site SPOF Data,79,15,18,Valid
ATL03,5.0199999999999996,No,x,,Flex Asset EOL and Site Risk Evaluation Tool Ver 3.0 3.6.25.xlsx,Entry- Site SPOF Data,79,19,22,Valid
ATL04,5.0199999999999996,No,x,,Flex Asset EOL and Site Risk Evaluation Tool Ver 3.0 3.6.25.xlsx,Entry- Site SPOF Data,79,23,26,Valid
ATL05,5.0199999999999996,Yes,X,,Flex Asset EOL and Site Risk Evaluation Tool Ver 3.0 3.6.25.xlsx,Entry- Site SPOF Data,79,27,30,Valid
CIN01,5.0199999999999996,N/A,X,,Flex Asset EOL and Site Risk Evaluation Tool Ver 3.0 3.6.25.xlsx,Entry- Site SPOF Data,79,31,34,Valid
CIN02,5.0199999999999996,N/A,X,,Flex Asset EOL and Site Risk Evaluation Tool Ver 3.0 3.6.25.xlsx,Entry- Site SPOF Data,79,35,38,Valid
CLT01,5.0199999999999996,N/A,x,,Flex Asset EOL and Site Risk Evaluation Tool Ver 3.0 3.6.25.xlsx,Entry- Site SPOF Data,79,39,42,Valid
CLT02,5.0199999999999996,N/A,x,,Flex Asset EOL and Site Risk Evaluation Tool Ver 3.0 3.6.25.xlsx,Entry- Site SPOF Data,79,43,46,Valid
CLT03,5.0199999999999996,N/A,x,,Flex Asset EOL and Site Risk Evaluation Tool Ver 3.0 3.6.25.xlsx,Entry- Site SPOF Data,79,47,50,Valid
CLT04,5.0199999999999996,N/A,x,,Flex Asset EOL and Site Risk Evaluation Tool Ver 3.0 3.6.25.xlsx,Entry- Site SPOF Data,79,51,54,Valid
CLT05,5.0199999999999996,Yes,x,,Flex Asset EOL and Site Risk Evaluation Tool Ver 3.0 3.6.25.xlsx,Entry- Site SPOF Data,79,55,58,Valid
DAL01,5.0199999999999996,N/A,X,,Flex Asset EOL and Site Risk Evaluation Tool Ver 3.0 3.6.25.xlsx,Entry- Site SPOF Data,79,59,62,Valid
DAL02,5.0199999999999996,N/A,X,,Flex Asset EOL and Site Risk Evaluation Tool Ver 3.0 3.6.25.xlsx,Entry- Site SPOF Data,79,63,66,Valid
DAL03,5.0199999999999996,No,X,,Flex Asset EOL and Site Risk Evaluation Tool Ver 3.0 3.6.25.xlsx,Entry- Site SPOF Data,79,67,70,Valid
DAL04,5.0199999999999996,Yes,X,,Flex Asset EOL and Site Risk Evaluation Tool Ver 3.0 3.6.25.xlsx,Entry- Site SPOF Data,79,71,74,Valid
DAL05,5.0199999999999996,No,X,,Flex Asset EOL and Site Risk Evaluation Tool Ver 3.0 3.6.25.xlsx,Entry- Site SPOF Data,79,75,78,Valid
DEN02,5.0199999999999996,No,X,,Flex Asset EOL and Site Risk Evaluation Tool Ver 3.0 3.6.25.xlsx,Entry- Site SPOF Data,79,79,82,Valid
DEN03,5.0199999999999996,Yes,X,,Flex Asset EOL and Site Risk Evaluation Tool Ver 3.0 3.6.25.xlsx,Entry- Site SPOF Data,79,83,86,Valid
DEN05.01,5.0199999999999996,No,X,,Flex Asset EOL and Site Risk Evaluation Tool Ver 3.0 3.6.25.xlsx,Entry- Site SPOF Data,79,87,90,Valid
DEN05.02,5.0199999999999996,No,X,,Flex Asset EOL and Site Risk Evaluation Tool Ver 3.0 3.6.25.xlsx,Entry- Site SPOF Data,79,91,94,Valid
DEN11,5.0199999999999996,N/A,x,,Flex Asset EOL and Site Risk Evaluation Tool Ver 3.0 3.6.25.xlsx,Entry- Site SPOF Data,79,95,98,Valid
DFW01,5.0199999999999996,Yes,X,,Flex Asset EOL and Site Risk Evaluation Tool Ver 3.0 3.6.25.xlsx,Entry- Site SPOF Data,79,99,102,Valid
FLL01,5.0199999999999996,Yes,X,,Flex Asset EOL and Site Risk Evaluation Tool Ver 3.0 3.6.25.xlsx,Entry- Site SPOF Data,79,103,106,Valid
FLL02,5.0199999999999996,Yes,X,,Flex Asset EOL and Site Risk Evaluation Tool Ver 3.0 3.6.25.xlsx,Entry- Site SPOF Data,79,107,110,Valid
JAX01,5.0199999999999996,N/A,X,,Flex Asset EOL and Site Risk Evaluation Tool Ver 3.0 3.6.25.xlsx,Entry- Site SPOF Data,79,111,114,Valid
JAX02,5.0199999999999996,N/A,X,,Flex Asset EOL and Site Risk Evaluation Tool Ver 3.0 3.6.25.xlsx,Entry- Site SPOF Data,79,115,118,Valid
LAS03,5.0199999999999996,N/A,X,,Flex Asset EOL and Site Risk Evaluation Tool Ver 3.0 3.6.25.xlsx,Entry- Site SPOF Data,79,119,122,Valid
LAS04,5.0199999999999996,Yes,X,,Flex Asset EOL and Site Risk Evaluation Tool Ver 3.0 3.6.25.xlsx,Entry- Site SPOF Data,79,123,126,Valid
LAS05,5.0199999999999996,N/A,X,,Flex Asset EOL and Site Risk Evaluation Tool Ver 3.0 3.6.25.xlsx,Entry- Site SPOF Data,79,127,130,Valid
LOU02,5.0199999999999996,N/A,X,,Flex Asset EOL and Site Risk Evaluation Tool Ver 3.0 3.6.25.xlsx,Entry- Site SPOF Data,79,131,134,Valid
LOU03,5.0199999999999996,N/A,X,,Flex Asset EOL and Site Risk Evaluation Tool Ver 3.0 3.6.25.xlsx,Entry- Site SPOF Data,79,135,138,Valid
LOU04,5.0199999999999996,N/A,X,,Flex Asset EOL and Site Risk Evaluation Tool Ver 3.0 3.6.25.xlsx,Entry- Site SPOF Data,79,139,142,Valid
LOU05,5.0199999999999996,Yes,X,,Flex Asset EOL and Site Risk Evaluation Tool Ver 3.0 3.6.25.xlsx,Entry- Site SPOF Data,79,143,146,Valid
MSP01,5.0199999999999996,Yes,X,,Flex Asset EOL and Site Risk Evaluation Tool Ver 3.0 3.6.25.xlsx,Entry- Site SPOF Data,79,147,150,Valid
NAS01,5.0199999999999996,N/A,X,,Flex Asset EOL and Site Risk Evaluation Tool Ver 3.0 3.6.25.xlsx,Entry- Site SPOF Data,79,151,154,Valid
NAS02,5.0199999999999996,N/A,x,Single source utility,Flex Asset EOL and Site Risk Evaluation Tool Ver 3.0 3.6.25.xlsx,Entry- Site SPOF Data,79,155,158,Valid
NAS03,5.0199999999999996,N/A,x,Single source utility,Flex Asset EOL and Site Risk Evaluation Tool Ver 3.0 3.6.25.xlsx,Entry- Site SPOF Data,79,159,162,Valid
NAS04,5.0199999999999996,Yes,x,,Flex Asset EOL and Site Risk Evaluation Tool Ver 3.0 3.6.25.xlsx,Entry- Site SPOF Data,79,163,166,Valid
NAS05,5.0199999999999996,No,x,,Flex Asset EOL and Site Risk Evaluation Tool Ver 3.0 3.6.25.xlsx,Entry- Site SPOF Data,79,167,170,Valid
NAS06,5.0199999999999996,No,x,,Flex Asset EOL and Site Risk Evaluation Tool Ver 3.0 3.6.25.xlsx,Entry- Site SPOF Data,79,171,174,Valid
PDX01.01,5.0199999999999996,No,x,,Flex Asset EOL and Site Risk Evaluation Tool Ver 3.0 3.6.25.xlsx,Entry- Site SPOF Data,79,175,178,Valid
PDX01.02,5.0199999999999996,No,x,,Flex Asset EOL and Site Risk Evaluation Tool Ver 3.0 3.6.25.xlsx,Entry- Site SPOF Data,79,179,182,Valid
PDX02,5.0199999999999996,Yes,X,,Flex Asset EOL and Site Risk Evaluation Tool Ver 3.0 3.6.25.xlsx,Entry- Site SPOF Data,79,183,186,Valid
PDX03,5.0199999999999996,Yes,X,,Flex Asset EOL and Site Risk Evaluation Tool Ver 3.0 3.6.25.xlsx,Entry- Site SPOF Data,79,187,190,Valid
PDX04,5.0199999999999996,N/A,X,,Flex Asset EOL and Site Risk Evaluation Tool Ver 3.0 3.6.25.xlsx,Entry- Site SPOF Data,79,191,194,Valid
PHL01,5.0199999999999996,Yes,X,,Flex Asset EOL and Site Risk Evaluation Tool Ver 3.0 3.6.25.xlsx,Entry- Site SPOF Data,79,195,198,Valid
PHX01,5.0199999999999996,Yes,X,,Flex Asset EOL and Site Risk Evaluation Tool Ver 3.0 3.6.25.xlsx,Entry- Site SPOF Data,79,199,202,Valid
RAL01,5.0199999999999996,Yes,X,,Flex Asset EOL and Site Risk Evaluation Tool Ver 3.0 3.6.25.xlsx,Entry- Site SPOF Data,79,203,206,Valid
RAL02,5.0199999999999996,Yes,X,,Flex Asset EOL and Site Risk Evaluation Tool Ver 3.0 3.6.25.xlsx,Entry- Site SPOF Data,79,207,210,Valid
RAL03,5.0199999999999996,Yes,X,,Flex Asset EOL and Site Risk Evaluation Tool Ver 3.0 3.6.25.xlsx,Entry- Site SPOF Data,79,211,214,Valid
RCH01,5.0199999999999996,Yes,x,,Flex Asset EOL and Site Risk Evaluation Tool Ver 3.0 3.6.25.xlsx,Entry- Site SPOF Data,79,215,218,Valid
RIC01,5.0199999999999996,Yes,x,,Flex Asset EOL and Site Risk Evaluation Tool Ver 3.0 3.6.25.xlsx,Entry- Site SPOF Data,79,219,222,Valid
RIC02,5.0199999999999996,Yes,x,,Flex Asset EOL and Site Risk Evaluation Tool Ver 3.0 3.6.25.xlsx,Entry- Site SPOF Data,79,223,226,Valid
SLC03,5.0199999999999996,N/A,X,,Flex Asset EOL and Site Risk Evaluation Tool Ver 3.0 3.6.25.xlsx,Entry- Site SPOF Data,79,227,230,Valid
SLC04.01,5.0199999999999996,Yes,X,,Flex Asset EOL and Site Risk Evaluation Tool Ver 3.0 3.6.25.xlsx,Entry- Site SPOF Data,79,231,234,Valid
SLC04.02,5.0199999999999996,Yes,X,,Flex Asset EOL and Site Risk Evaluation Tool Ver 3.0 3.6.25.xlsx,Entry- Site SPOF Data,79,235,238,Valid
SLC04.03,5.0199999999999996,Yes,X,,Flex Asset EOL and Site Risk Evaluation Tool Ver 3.0 3.6.25.xlsx,Entry- Site SPOF Data,79,239,242,Valid
SLC07,5.0199999999999996,N/A,X,,Flex Asset EOL and Site Risk Evaluation Tool Ver 3.0 3.6.25.xlsx,Entry- Site SPOF Data,79,243,246,Valid
SLC09,5.0199999999999996,Yes,X,,Flex Asset EOL and Site Risk Evaluation Tool Ver 3.0 3.6.25.xlsx,Entry- Site SPOF Data,79,247,250,Valid
SLC10,5.0199999999999996,N/A,X,No tie breakers operate remotely.,Flex Asset EOL and Site Risk Evaluation Tool Ver 3.0 3.6.25.xlsx,Entry- Site SPOF Data,79,251,254,Valid
TPA01,5.0199999999999996,Yes,X,,Flex Asset EOL and Site Risk Evaluation Tool Ver 3.0 3.6.25.xlsx,Entry- Site SPOF Data,79,255,258,Valid
TPA02,5.0199999999999996,Yes,X,,Flex Asset EOL and Site Risk Evaluation Tool Ver 3.0 3.6.25.xlsx,Entry- Site SPOF Data,79,259,262,Valid
TPA03,5.0199999999999996,Yes,X,,Flex Asset EOL and Site Risk Evaluation Tool Ver 3.0 3.6.25.xlsx,Entry- Site SPOF Data,79,263,266,Valid
TPA04,5.0199999999999996,Yes,X,,Flex Asset EOL and Site Risk Evaluation Tool Ver 3.0 3.6.25.xlsx,Entry- Site SPOF Data,79,267,270,Valid
ABE01,5.0299999999999994,No,x,,Flex Asset EOL and Site Risk Evaluation Tool Ver 3.0 3.6.25.xlsx,Entry- Site SPOF Data,80,7,10,Valid
ATL01,5.0299999999999994,Yes,X,,Flex Asset EOL and Site Risk Evaluation Tool Ver 3.0 3.6.25.xlsx,Entry- Site SPOF Data,80,11,14,Valid
ATL02,5.0299999999999994,Yes,X,,Flex Asset EOL and Site Risk Evaluation Tool Ver 3.0 3.6.25.xlsx,Entry- Site SPOF Data,80,15,18,Valid
ATL03,5.0299999999999994,Yes,x,,Flex Asset EOL and Site Risk Evaluation Tool Ver 3.0 3.6.25.xlsx,Entry- Site SPOF Data,80,19,22,Valid
ATL04,5.0299999999999994,Yes,x,,Flex Asset EOL and Site Risk Evaluation Tool Ver 3.0 3.6.25.xlsx,Entry- Site SPOF Data,80,23,26,Valid
ATL05,5.0299999999999994,N/A,X,,Flex Asset EOL and Site Risk Evaluation Tool Ver 3.0 3.6.25.xlsx,Entry- Site SPOF Data,80,27,30,Valid
CIN01,5.0299999999999994,Yes,X,,Flex Asset EOL and Site Risk Evaluation Tool Ver 3.0 3.6.25.xlsx,Entry- Site SPOF Data,80,31,34,Valid
CIN02,5.0299999999999994,Yes,X,,Flex Asset EOL and Site Risk Evaluation Tool Ver 3.0 3.6.25.xlsx,Entry- Site SPOF Data,80,35,38,Valid
CLT01,5.0299999999999994,No,x,,Flex Asset EOL and Site Risk Evaluation Tool Ver 3.0 3.6.25.xlsx,Entry- Site SPOF Data,80,39,42,Valid
CLT02,5.0299999999999994,Yes,x,,Flex Asset EOL and Site Risk Evaluation Tool Ver 3.0 3.6.25.xlsx,Entry- Site SPOF Data,80,43,46,Valid
CLT03,5.0299999999999994,Yes,x,,Flex Asset EOL and Site Risk Evaluation Tool Ver 3.0 3.6.25.xlsx,Entry- Site SPOF Data,80,47,50,Valid
CLT04,5.0299999999999994,Yes,x,,Flex Asset EOL and Site Risk Evaluation Tool Ver 3.0 3.6.25.xlsx,Entry- Site SPOF Data,80,51,54,Valid
CLT05,5.0299999999999994,Yes,x,,Flex Asset EOL and Site Risk Evaluation Tool Ver 3.0 3.6.25.xlsx,Entry- Site SPOF Data,80,55,58,Valid
DAL01,5.0299999999999994,No,X,,Flex Asset EOL and Site Risk Evaluation Tool Ver 3.0 3.6.25.xlsx,Entry- Site SPOF Data,80,59,62,Valid
DAL02,5.0299999999999994,No,X,,Flex Asset EOL and Site Risk Evaluation Tool Ver 3.0 3.6.25.xlsx,Entry- Site SPOF Data,80,63,66,Valid
DAL03,5.0299999999999994,No,X,,Flex Asset EOL and Site Risk Evaluation Tool Ver 3.0 3.6.25.xlsx,Entry- Site SPOF Data,80,67,70,Valid
DAL04,5.0299999999999994,Yes,X,,Flex Asset EOL and Site Risk Evaluation Tool Ver 3.0 3.6.25.xlsx,Entry- Site SPOF Data,80,71,74,Valid
DAL05,5.0299999999999994,Yes,X,,Flex Asset EOL and Site Risk Evaluation Tool Ver 3.0 3.6.25.xlsx,Entry- Site SPOF Data,80,75,78,Valid
DEN02,5.0299999999999994,N/A,X,,Flex Asset EOL and Site Risk Evaluation Tool Ver 3.0 3.6.25.xlsx,Entry- Site SPOF Data,80,79,82,Valid
DEN03,5.0299999999999994,Yes,X,,Flex Asset EOL and Site Risk Evaluation Tool Ver 3.0 3.6.25.xlsx,Entry- Site SPOF Data,80,83,86,Valid
DEN05.01,5.0299999999999994,N/A,X,,Flex Asset EOL and Site Risk Evaluation Tool Ver 3.0 3.6.25.xlsx,Entry- Site SPOF Data,80,87,90,Valid
DEN05.02,5.0299999999999994,N/A,X,,Flex Asset EOL and Site Risk Evaluation Tool Ver 3.0 3.6.25.xlsx,Entry- Site SPOF Data,80,91,94,Valid
DEN11,5.0299999999999994,Yes,x,Mechanical substations need additional work to have functional interlocks,Flex Asset EOL and Site Risk Evaluation Tool Ver 3.0 3.6.25.xlsx,Entry- Site SPOF Data,80,95,98,Valid
DFW01,5.0299999999999994,No,X,,Flex Asset EOL and Site Risk Evaluation Tool Ver 3.0 3.6.25.xlsx,Entry- Site SPOF Data,80,99,102,Valid
FLL01,5.0299999999999994,No,X,,Flex Asset EOL and Site Risk Evaluation Tool Ver 3.0 3.6.25.xlsx,Entry- Site SPOF Data,80,103,106,Valid
FLL02,5.0299999999999994,No,X,,Flex Asset EOL and Site Risk Evaluation Tool Ver 3.0 3.6.25.xlsx,Entry- Site SPOF Data,80,107,110,Valid
JAX01,5.0299999999999994,N/A,X,UPS system fed from JAX2,Flex Asset EOL and Site Risk Evaluation Tool Ver 3.0 3.6.25.xlsx,Entry- Site SPOF Data,80,111,114,Valid
JAX02,5.0299999999999994,N/A,X,,Flex Asset EOL and Site Risk Evaluation Tool Ver 3.0 3.6.25.xlsx,Entry- Site SPOF Data,80,115,118,Valid
LAS03,5.0299999999999994,N/A,X,,Flex Asset EOL and Site Risk Evaluation Tool Ver 3.0 3.6.25.xlsx,Entry- Site SPOF Data,80,119,122,Valid
LAS04,5.0299999999999994,Yes,X,,Flex Asset EOL and Site Risk Evaluation Tool Ver 3.0 3.6.25.xlsx,Entry- Site SPOF Data,80,123,126,Valid
LAS05,5.0299999999999994,N/A,X,,Flex Asset EOL and Site Risk Evaluation Tool Ver 3.0 3.6.25.xlsx,Entry- Site SPOF Data,80,127,130,Valid
LOU02,5.0299999999999994,Yes,X,,Flex Asset EOL and Site Risk Evaluation Tool Ver 3.0 3.6.25.xlsx,Entry- Site SPOF Data,80,131,134,Valid
LOU03,5.0299999999999994,Yes,X,,Flex Asset EOL and Site Risk Evaluation Tool Ver 3.0 3.6.25.xlsx,Entry- Site SPOF Data,80,135,138,Valid
LOU04,5.0299999999999994,Yes,X,,Flex Asset EOL and Site Risk Evaluation Tool Ver 3.0 3.6.25.xlsx,Entry- Site SPOF Data,80,139,142,Valid
LOU05,5.0299999999999994,N/A,X,,Flex Asset EOL and Site Risk Evaluation Tool Ver 3.0 3.6.25.xlsx,Entry- Site SPOF Data,80,143,146,Valid
MSP01,5.0299999999999994,Yes,X,,Flex Asset EOL and Site Risk Evaluation Tool Ver 3.0 3.6.25.xlsx,Entry- Site SPOF Data,80,147,150,Valid
NAS01,5.0299999999999994,N/A,x,,Flex Asset EOL and Site Risk Evaluation Tool Ver 3.0 3.6.25.xlsx,Entry- Site SPOF Data,80,151,154,Valid
NAS02,5.0299999999999994,N/A,x,Single source utility,Flex Asset EOL and Site Risk Evaluation Tool Ver 3.0 3.6.25.xlsx,Entry- Site SPOF Data,80,155,158,Valid
NAS03,5.0299999999999994,N/A,x,Single source utility,Flex Asset EOL and Site Risk Evaluation Tool Ver 3.0 3.6.25.xlsx,Entry- Site SPOF Data,80,159,162,Valid
NAS04,5.0299999999999994,N/A,x,,Flex Asset EOL and Site Risk Evaluation Tool Ver 3.0 3.6.25.xlsx,Entry- Site SPOF Data,80,163,166,Valid
NAS05,5.0299999999999994,N/A,x,Contolled by utility outside of facility,Flex Asset EOL and Site Risk Evaluation Tool Ver 3.0 3.6.25.xlsx,Entry- Site SPOF Data,80,167,170,Valid
NAS06,5.0299999999999994,N/A,x,Contolled by utility outside of facility,Flex Asset EOL and Site Risk Evaluation Tool Ver 3.0 3.6.25.xlsx,Entry- Site SPOF Data,80,171,174,Valid
PDX01.01,5.0299999999999994,Yes,x,,Flex Asset EOL and Site Risk Evaluation Tool Ver 3.0 3.6.25.xlsx,Entry- Site SPOF Data,80,175,178,Valid
PDX01.02,5.0299999999999994,Yes,x,,Flex Asset EOL and Site Risk Evaluation Tool Ver 3.0 3.6.25.xlsx,Entry- Site SPOF Data,80,179,182,Valid
PDX02,5.0299999999999994,Yes,X,,Flex Asset EOL and Site Risk Evaluation Tool Ver 3.0 3.6.25.xlsx,Entry- Site SPOF Data,80,183,186,Valid
PDX03,5.0299999999999994,Yes,X,,Flex Asset EOL and Site Risk Evaluation Tool Ver 3.0 3.6.25.xlsx,Entry- Site SPOF Data,80,187,190,Valid
PDX04,5.0299999999999994,N/A,X,,Flex Asset EOL and Site Risk Evaluation Tool Ver 3.0 3.6.25.xlsx,Entry- Site SPOF Data,80,191,194,Valid
PHL01,5.0299999999999994,Yes,X,,Flex Asset EOL and Site Risk Evaluation Tool Ver 3.0 3.6.25.xlsx,Entry- Site SPOF Data,80,195,198,Valid
PHX01,5.0299999999999994,Yes,X,,Flex Asset EOL and Site Risk Evaluation Tool Ver 3.0 3.6.25.xlsx,Entry- Site SPOF Data,80,199,202,Valid
RAL01,5.0299999999999994,N/A,X,,Flex Asset EOL and Site Risk Evaluation Tool Ver 3.0 3.6.25.xlsx,Entry- Site SPOF Data,80,203,206,Valid
RAL02,5.0299999999999994,N/A,X,,Flex Asset EOL and Site Risk Evaluation Tool Ver 3.0 3.6.25.xlsx,Entry- Site SPOF Data,80,207,210,Valid
RAL03,5.0299999999999994,N/A,X,,Flex Asset EOL and Site Risk Evaluation Tool Ver 3.0 3.6.25.xlsx,Entry- Site SPOF Data,80,211,214,Valid
RCH01,5.0299999999999994,No,x,,Flex Asset EOL and Site Risk Evaluation Tool Ver 3.0 3.6.25.xlsx,Entry- Site SPOF Data,80,215,218,Valid
RIC01,5.0299999999999994,N/A,x,,Flex Asset EOL and Site Risk Evaluation Tool Ver 3.0 3.6.25.xlsx,Entry- Site SPOF Data,80,219,222,Valid
RIC02,5.0299999999999994,N/A,x,,Flex Asset EOL and Site Risk Evaluation Tool Ver 3.0 3.6.25.xlsx,Entry- Site SPOF Data,80,223,226,Valid
SLC03,5.0299999999999994,N/A,X,,Flex Asset EOL and Site Risk Evaluation Tool Ver 3.0 3.6.25.xlsx,Entry- Site SPOF Data,80,227,230,Valid
SLC04.01,5.0299999999999994,Yes,X,,Flex Asset EOL and Site Risk Evaluation Tool Ver 3.0 3.6.25.xlsx,Entry- Site SPOF Data,80,231,234,Valid
SLC04.02,5.0299999999999994,Yes,X,,Flex Asset EOL and Site Risk Evaluation Tool Ver 3.0 3.6.25.xlsx,Entry- Site SPOF Data,80,235,238,Valid
SLC04.03,5.0299999999999994,Yes,X,,Flex Asset EOL and Site Risk Evaluation Tool Ver 3.0 3.6.25.xlsx,Entry- Site SPOF Data,80,239,242,Valid
SLC07,5.0299999999999994,N/A,X,,Flex Asset EOL and Site Risk Evaluation Tool Ver 3.0 3.6.25.xlsx,Entry- Site SPOF Data,80,243,246,Valid
SLC09,5.0299999999999994,Yes,X,We have a kirk key and dual system but we only have one input.,Flex Asset EOL and Site Risk Evaluation Tool Ver 3.0 3.6.25.xlsx,Entry- Site SPOF Data,80,247,250,Valid
SLC10,5.0299999999999994,N/A,X,While we have 2 mains we do not have feeds to each of the 4 main switchboards.,Flex Asset EOL and Site Risk Evaluation Tool Ver 3.0 3.6.25.xlsx,Entry- Site SPOF Data,80,251,254,Valid
TPA01,5.0299999999999994,N/A,X,,Flex Asset EOL and Site Risk Evaluation Tool Ver 3.0 3.6.25.xlsx,Entry- Site SPOF Data,80,255,258,Valid
TPA02,5.0299999999999994,N/A,X,,Flex Asset EOL and Site Risk Evaluation Tool Ver 3.0 3.6.25.xlsx,Entry- Site SPOF Data,80,259,262,Valid
TPA03,5.0299999999999994,N/A,X,,Flex Asset EOL and Site Risk Evaluation Tool Ver 3.0 3.6.25.xlsx,Entry- Site SPOF Data,80,263,266,Valid
TPA04,5.0299999999999994,N/A,X,,Flex Asset EOL and Site Risk Evaluation Tool Ver 3.0 3.6.25.xlsx,Entry- Site SPOF Data,80,267,270,Valid
ABE01,5.0399999999999991,Yes,x,,Flex Asset EOL and Site Risk Evaluation Tool Ver 3.0 3.6.25.xlsx,Entry- Site SPOF Data,81,7,10,Valid
ATL01,5.0399999999999991,No,X,,Flex Asset EOL and Site Risk Evaluation Tool Ver 3.0 3.6.25.xlsx,Entry- Site SPOF Data,81,11,14,Valid
ATL02,5.0399999999999991,No,X,,Flex Asset EOL and Site Risk Evaluation Tool Ver 3.0 3.6.25.xlsx,Entry- Site SPOF Data,81,15,18,Valid
ATL03,5.0399999999999991,No,x,,Flex Asset EOL and Site Risk Evaluation Tool Ver 3.0 3.6.25.xlsx,Entry- Site SPOF Data,81,19,22,Valid
ATL04,5.0399999999999991,N/A,x,,Flex Asset EOL and Site Risk Evaluation Tool Ver 3.0 3.6.25.xlsx,Entry- Site SPOF Data,81,23,26,Valid
ATL05,5.0399999999999991,No,X,,Flex Asset EOL and Site Risk Evaluation Tool Ver 3.0 3.6.25.xlsx,Entry- Site SPOF Data,81,27,30,Valid
CIN01,5.0399999999999991,No,X,Only breakers.,Flex Asset EOL and Site Risk Evaluation Tool Ver 3.0 3.6.25.xlsx,Entry- Site SPOF Data,81,31,34,Valid
CIN02,5.0399999999999991,No,X,Only breakers.,Flex Asset EOL and Site Risk Evaluation Tool Ver 3.0 3.6.25.xlsx,Entry- Site SPOF Data,81,35,38,Valid
CLT01,5.0399999999999991,No,x,,Flex Asset EOL and Site Risk Evaluation Tool Ver 3.0 3.6.25.xlsx,Entry- Site SPOF Data,81,39,42,Valid
CLT02,5.0399999999999991,No,x,,Flex Asset EOL and Site Risk Evaluation Tool Ver 3.0 3.6.25.xlsx,Entry- Site SPOF Data,81,43,46,Valid
CLT03,5.0399999999999991,N/A,x,,Flex Asset EOL and Site Risk Evaluation Tool Ver 3.0 3.6.25.xlsx,Entry- Site SPOF Data,81,47,50,Valid
CLT04,5.0399999999999991,N/A,x,,Flex Asset EOL and Site Risk Evaluation Tool Ver 3.0 3.6.25.xlsx,Entry- Site SPOF Data,81,51,54,Valid
CLT05,5.0399999999999991,N/A,x,,Flex Asset EOL and Site Risk Evaluation Tool Ver 3.0 3.6.25.xlsx,Entry- Site SPOF Data,81,55,58,Valid
DAL01,5.0399999999999991,No,X,,Flex Asset EOL and Site Risk Evaluation Tool Ver 3.0 3.6.25.xlsx,Entry- Site SPOF Data,81,59,62,Valid
DAL02,5.0399999999999991,Yes,X,,Flex Asset EOL and Site Risk Evaluation Tool Ver 3.0 3.6.25.xlsx,Entry- Site SPOF Data,81,63,66,Valid
DAL03,5.0399999999999991,Yes,X,,Flex Asset EOL and Site Risk Evaluation Tool Ver 3.0 3.6.25.xlsx,Entry- Site SPOF Data,81,67,70,Valid
DAL04,5.0399999999999991,Yes,X,,Flex Asset EOL and Site Risk Evaluation Tool Ver 3.0 3.6.25.xlsx,Entry- Site SPOF Data,81,71,74,Valid
DAL05,5.0399999999999991,No,X,,Flex Asset EOL and Site Risk Evaluation Tool Ver 3.0 3.6.25.xlsx,Entry- Site SPOF Data,81,75,78,Valid
DEN02,5.0399999999999991,No,X,,Flex Asset EOL and Site Risk Evaluation Tool Ver 3.0 3.6.25.xlsx,Entry- Site SPOF Data,81,79,82,Valid
DEN03,5.0399999999999991,Yes,X,,Flex Asset EOL and Site Risk Evaluation Tool Ver 3.0 3.6.25.xlsx,Entry- Site SPOF Data,81,83,86,Valid
DEN05.01,5.0399999999999991,Yes,X,,Flex Asset EOL and Site Risk Evaluation Tool Ver 3.0 3.6.25.xlsx,Entry- Site SPOF Data,81,87,90,Valid
DEN05.02,5.0399999999999991,Yes,X,,Flex Asset EOL and Site Risk Evaluation Tool Ver 3.0 3.6.25.xlsx,Entry- Site SPOF Data,81,91,94,Valid
DEN11,5.0399999999999991,Yes,x,ATSs have draw out mechanisms installed or draw out breakers for the input,Flex Asset EOL and Site Risk Evaluation Tool Ver 3.0 3.6.25.xlsx,Entry- Site SPOF Data,81,95,98,Valid
DFW01,5.0399999999999991,No,X,ATSs are for Mech ONLY,Flex Asset EOL and Site Risk Evaluation Tool Ver 3.0 3.6.25.xlsx,Entry- Site SPOF Data,81,99,102,Valid
FLL01,5.0399999999999991,No,X,,Flex Asset EOL and Site Risk Evaluation Tool Ver 3.0 3.6.25.xlsx,Entry- Site SPOF Data,81,103,106,Valid
FLL02,5.0399999999999991,No,X,,Flex Asset EOL and Site Risk Evaluation Tool Ver 3.0 3.6.25.xlsx,Entry- Site SPOF Data,81,107,110,Valid
JAX01,5.0399999999999991,No,X,,Flex Asset EOL and Site Risk Evaluation Tool Ver 3.0 3.6.25.xlsx,Entry- Site SPOF Data,81,111,114,Valid
JAX02,5.0399999999999991,No,X,,Flex Asset EOL and Site Risk Evaluation Tool Ver 3.0 3.6.25.xlsx,Entry- Site SPOF Data,81,115,118,Valid
LAS03,5.0399999999999991,Yes,X,,Flex Asset EOL and Site Risk Evaluation Tool Ver 3.0 3.6.25.xlsx,Entry- Site SPOF Data,81,119,122,Valid
LAS04,5.0399999999999991,No,X,,Flex Asset EOL and Site Risk Evaluation Tool Ver 3.0 3.6.25.xlsx,Entry- Site SPOF Data,81,123,126,Valid
LAS05,5.0399999999999991,No,X,,Flex Asset EOL and Site Risk Evaluation Tool Ver 3.0 3.6.25.xlsx,Entry- Site SPOF Data,81,127,130,Valid
LOU02,5.0399999999999991,No,X,,Flex Asset EOL and Site Risk Evaluation Tool Ver 3.0 3.6.25.xlsx,Entry- Site SPOF Data,81,131,134,Valid
LOU03,5.0399999999999991,No,X,Only breakers.,Flex Asset EOL and Site Risk Evaluation Tool Ver 3.0 3.6.25.xlsx,Entry- Site SPOF Data,81,135,138,Valid
LOU04,5.0399999999999991,No,X,Only breakers.,Flex Asset EOL and Site Risk Evaluation Tool Ver 3.0 3.6.25.xlsx,Entry- Site SPOF Data,81,139,142,Valid
LOU05,5.0399999999999991,Yes,X,,Flex Asset EOL and Site Risk Evaluation Tool Ver 3.0 3.6.25.xlsx,Entry- Site SPOF Data,81,143,146,Valid
MSP01,5.0399999999999991,No,X,,Flex Asset EOL and Site Risk Evaluation Tool Ver 3.0 3.6.25.xlsx,Entry- Site SPOF Data,81,147,150,Valid
NAS01,5.0399999999999991,Yes,X,,Flex Asset EOL and Site Risk Evaluation Tool Ver 3.0 3.6.25.xlsx,Entry- Site SPOF Data,81,151,154,Valid
NAS02,5.0399999999999991,No,x,Electronic ATS,Flex Asset EOL and Site Risk Evaluation Tool Ver 3.0 3.6.25.xlsx,Entry- Site SPOF Data,81,155,158,Valid
NAS03,5.0399999999999991,No,X,Electronic ATS,Flex Asset EOL and Site Risk Evaluation Tool Ver 3.0 3.6.25.xlsx,Entry- Site SPOF Data,81,159,162,Valid
NAS04,5.0399999999999991,Yes,X,,Flex Asset EOL and Site Risk Evaluation Tool Ver 3.0 3.6.25.xlsx,Entry- Site SPOF Data,81,163,166,Valid
NAS05,5.0399999999999991,No,X,Electronic ATS,Flex Asset EOL and Site Risk Evaluation Tool Ver 3.0 3.6.25.xlsx,Entry- Site SPOF Data,81,167,170,Valid
NAS06,5.0399999999999991,No,X,Electronic ATS,Flex Asset EOL and Site Risk Evaluation Tool Ver 3.0 3.6.25.xlsx,Entry- Site SPOF Data,81,171,174,Valid
PDX01.01,5.0399999999999991,No,X,,Flex Asset EOL and Site Risk Evaluation Tool Ver 3.0 3.6.25.xlsx,Entry- Site SPOF Data,81,175,178,Valid
PDX01.02,5.0399999999999991,No,X,,Flex Asset EOL and Site Risk Evaluation Tool Ver 3.0 3.6.25.xlsx,Entry- Site SPOF Data,81,179,182,Valid
PDX02,5.0399999999999991,Yes,X,,Flex Asset EOL and Site Risk Evaluation Tool Ver 3.0 3.6.25.xlsx,Entry- Site SPOF Data,81,183,186,Valid
PDX03,5.0399999999999991,Yes,X,,Flex Asset EOL and Site Risk Evaluation Tool Ver 3.0 3.6.25.xlsx,Entry- Site SPOF Data,81,187,190,Valid
PDX04,5.0399999999999991,Yes,X,,Flex Asset EOL and Site Risk Evaluation Tool Ver 3.0 3.6.25.xlsx,Entry- Site SPOF Data,81,191,194,Valid
PHL01,5.0399999999999991,Yes,X,,Flex Asset EOL and Site Risk Evaluation Tool Ver 3.0 3.6.25.xlsx,Entry- Site SPOF Data,81,195,198,Valid
PHX01,5.0399999999999991,No,X,"OUR SYSTEM ONLY USES ATS AT ENDPOINT USE (CHILLERS, ETC.) ALL SWTCHGEARS ARE GENS ARE INTEGRATED INTO EACH UTILITY BUS AND DOWNSTREAM SUBSTATIONS.",Flex Asset EOL and Site Risk Evaluation Tool Ver 3.0 3.6.25.xlsx,Entry- Site SPOF Data,81,199,202,Valid
RAL01,5.0399999999999991,Yes,X,,Flex Asset EOL and Site Risk Evaluation Tool Ver 3.0 3.6.25.xlsx,Entry- Site SPOF Data,81,203,206,Valid
RAL02,5.0399999999999991,Yes,X,,Flex Asset EOL and Site Risk Evaluation Tool Ver 3.0 3.6.25.xlsx,Entry- Site SPOF Data,81,207,210,Valid
RAL03,5.0399999999999991,Yes,X,,Flex Asset EOL and Site Risk Evaluation Tool Ver 3.0 3.6.25.xlsx,Entry- Site SPOF Data,81,211,214,Valid
RCH01,5.0399999999999991,No,x,,Flex Asset EOL and Site Risk Evaluation Tool Ver 3.0 3.6.25.xlsx,Entry- Site SPOF Data,81,215,218,Valid
RIC01,5.0399999999999991,Yes,x,,Flex Asset EOL and Site Risk Evaluation Tool Ver 3.0 3.6.25.xlsx,Entry- Site SPOF Data,81,219,222,Valid
RIC02,5.0399999999999991,Yes,x,,Flex Asset EOL and Site Risk Evaluation Tool Ver 3.0 3.6.25.xlsx,Entry- Site SPOF Data,81,223,226,Valid
SLC03,5.0399999999999991,No,X,,Flex Asset EOL and Site Risk Evaluation Tool Ver 3.0 3.6.25.xlsx,Entry- Site SPOF Data,81,227,230,Valid
SLC04.01,5.0399999999999991,No,X,,Flex Asset EOL and Site Risk Evaluation Tool Ver 3.0 3.6.25.xlsx,Entry- Site SPOF Data,81,231,234,Valid
SLC04.02,5.0399999999999991,No,X,,Flex Asset EOL and Site Risk Evaluation Tool Ver 3.0 3.6.25.xlsx,Entry- Site SPOF Data,81,235,238,Valid
SLC04.03,5.0399999999999991,No,X,,Flex Asset EOL and Site Risk Evaluation Tool Ver 3.0 3.6.25.xlsx,Entry- Site SPOF Data,81,239,242,Valid
SLC07,5.0399999999999991,No,X,,Flex Asset EOL and Site Risk Evaluation Tool Ver 3.0 3.6.25.xlsx,Entry- Site SPOF Data,81,243,246,Valid
SLC09,5.0399999999999991,No,X,,Flex Asset EOL and Site Risk Evaluation Tool Ver 3.0 3.6.25.xlsx,Entry- Site SPOF Data,81,247,250,Valid
SLC10,5.0399999999999991,No,X,,Flex Asset EOL and Site Risk Evaluation Tool Ver 3.0 3.6.25.xlsx,Entry- Site SPOF Data,81,251,254,Valid
TPA01,5.0399999999999991,Yes,X,,Flex Asset EOL and Site Risk Evaluation Tool Ver 3.0 3.6.25.xlsx,Entry- Site SPOF Data,81,255,258,Valid
TPA02,5.0399999999999991,Yes,X,,Flex Asset EOL and Site Risk Evaluation Tool Ver 3.0 3.6.25.xlsx,Entry- Site SPOF Data,81,259,262,Valid
TPA03,5.0399999999999991,Yes,X,,Flex Asset EOL and Site Risk Evaluation Tool Ver 3.0 3.6.25.xlsx,Entry- Site SPOF Data,81,263,266,Valid
TPA04,5.0399999999999991,Yes,X,,Flex Asset EOL and Site Risk Evaluation Tool Ver 3.0 3.6.25.xlsx,Entry- Site SPOF Data,81,267,270,Valid
ABE01,5.0499999999999989,No,x,,Flex Asset EOL and Site Risk Evaluation Tool Ver 3.0 3.6.25.xlsx,Entry- Site SPOF Data,82,7,10,Valid
ATL01,5.0499999999999989,Yes,X,,Flex Asset EOL and Site Risk Evaluation Tool Ver 3.0 3.6.25.xlsx,Entry- Site SPOF Data,82,11,14,Valid
ATL02,5.0499999999999989,Yes,X,,Flex Asset EOL and Site Risk Evaluation Tool Ver 3.0 3.6.25.xlsx,Entry- Site SPOF Data,82,15,18,Valid
ATL03,5.0499999999999989,Yes,x,,Flex Asset EOL and Site Risk Evaluation Tool Ver 3.0 3.6.25.xlsx,Entry- Site SPOF Data,82,19,22,Valid
ATL04,5.0499999999999989,Yes,x,,Flex Asset EOL and Site Risk Evaluation Tool Ver 3.0 3.6.25.xlsx,Entry- Site SPOF Data,82,23,26,Valid
ATL05,5.0499999999999989,Yes,X,,Flex Asset EOL and Site Risk Evaluation Tool Ver 3.0 3.6.25.xlsx,Entry- Site SPOF Data,82,27,30,Valid
CIN01,5.0499999999999989,Yes,X,,Flex Asset EOL and Site Risk Evaluation Tool Ver 3.0 3.6.25.xlsx,Entry- Site SPOF Data,82,31,34,Valid
CIN02,5.0499999999999989,Yes,X,,Flex Asset EOL and Site Risk Evaluation Tool Ver 3.0 3.6.25.xlsx,Entry- Site SPOF Data,82,35,38,Valid
CLT01,5.0499999999999989,N/A,x,Bus system,Flex Asset EOL and Site Risk Evaluation Tool Ver 3.0 3.6.25.xlsx,Entry- Site SPOF Data,82,39,42,Valid
CLT02,5.0499999999999989,Yes,x,,Flex Asset EOL and Site Risk Evaluation Tool Ver 3.0 3.6.25.xlsx,Entry- Site SPOF Data,82,43,46,Valid
CLT03,5.0499999999999989,Yes,x,,Flex Asset EOL and Site Risk Evaluation Tool Ver 3.0 3.6.25.xlsx,Entry- Site SPOF Data,82,47,50,Valid
CLT04,5.0499999999999989,Yes,x,,Flex Asset EOL and Site Risk Evaluation Tool Ver 3.0 3.6.25.xlsx,Entry- Site SPOF Data,82,51,54,Valid
CLT05,5.0499999999999989,Yes,x,,Flex Asset EOL and Site Risk Evaluation Tool Ver 3.0 3.6.25.xlsx,Entry- Site SPOF Data,82,55,58,Valid
DAL01,5.0499999999999989,No,X,,Flex Asset EOL and Site Risk Evaluation Tool Ver 3.0 3.6.25.xlsx,Entry- Site SPOF Data,82,59,62,Valid
DAL02,5.0499999999999989,Yes,X,,Flex Asset EOL and Site Risk Evaluation Tool Ver 3.0 3.6.25.xlsx,Entry- Site SPOF Data,82,63,66,Valid
DAL03,5.0499999999999989,No,X,,Flex Asset EOL and Site Risk Evaluation Tool Ver 3.0 3.6.25.xlsx,Entry- Site SPOF Data,82,67,70,Valid
DAL04,5.0499999999999989,Yes,X,,Flex Asset EOL and Site Risk Evaluation Tool Ver 3.0 3.6.25.xlsx,Entry- Site SPOF Data,82,71,74,Valid
DAL05,5.0499999999999989,Yes,X,,Flex Asset EOL and Site Risk Evaluation Tool Ver 3.0 3.6.25.xlsx,Entry- Site SPOF Data,82,75,78,Valid
DEN02,5.0499999999999989,Yes,X,,Flex Asset EOL and Site Risk Evaluation Tool Ver 3.0 3.6.25.xlsx,Entry- Site SPOF Data,82,79,82,Valid
DEN03,5.0499999999999989,Yes,X,,Flex Asset EOL and Site Risk Evaluation Tool Ver 3.0 3.6.25.xlsx,Entry- Site SPOF Data,82,83,86,Valid
DEN05.01,5.0499999999999989,Yes,X,,Flex Asset EOL and Site Risk Evaluation Tool Ver 3.0 3.6.25.xlsx,Entry- Site SPOF Data,82,87,90,Valid
DEN05.02,5.0499999999999989,Yes,X,,Flex Asset EOL and Site Risk Evaluation Tool Ver 3.0 3.6.25.xlsx,Entry- Site SPOF Data,82,91,94,Valid
DEN11,5.0499999999999989,Yes,x,,Flex Asset EOL and Site Risk Evaluation Tool Ver 3.0 3.6.25.xlsx,Entry- Site SPOF Data,82,95,98,Valid
DFW01,5.0499999999999989,No,X,,Flex Asset EOL and Site Risk Evaluation Tool Ver 3.0 3.6.25.xlsx,Entry- Site SPOF Data,82,99,102,Valid
FLL01,5.0499999999999989,No,X,,Flex Asset EOL and Site Risk Evaluation Tool Ver 3.0 3.6.25.xlsx,Entry- Site SPOF Data,82,103,106,Valid
FLL02,5.0499999999999989,No,X,,Flex Asset EOL and Site Risk Evaluation Tool Ver 3.0 3.6.25.xlsx,Entry- Site SPOF Data,82,107,110,Valid
JAX01,5.0499999999999989,Yes,X,,Flex Asset EOL and Site Risk Evaluation Tool Ver 3.0 3.6.25.xlsx,Entry- Site SPOF Data,82,111,114,Valid
JAX02,5.0499999999999989,No,X,,Flex Asset EOL and Site Risk Evaluation Tool Ver 3.0 3.6.25.xlsx,Entry- Site SPOF Data,82,115,118,Valid
LAS03,5.0499999999999989,Yes,X,,Flex Asset EOL and Site Risk Evaluation Tool Ver 3.0 3.6.25.xlsx,Entry- Site SPOF Data,82,119,122,Valid
LAS04,5.0499999999999989,Yes,X,,Flex Asset EOL and Site Risk Evaluation Tool Ver 3.0 3.6.25.xlsx,Entry- Site SPOF Data,82,123,126,Valid
LAS05,5.0499999999999989,No,X,,Flex Asset EOL and Site Risk Evaluation Tool Ver 3.0 3.6.25.xlsx,Entry- Site SPOF Data,82,127,130,Valid
LOU02,5.0499999999999989,Yes,X,Connected to EPO system which is in maintenance mode year round,Flex Asset EOL and Site Risk Evaluation Tool Ver 3.0 3.6.25.xlsx,Entry- Site SPOF Data,82,131,134,Valid
LOU03,5.0499999999999989,Yes,X,Connected to EPO system which is in maintenance mode year round,Flex Asset EOL and Site Risk Evaluation Tool Ver 3.0 3.6.25.xlsx,Entry- Site SPOF Data,82,135,138,Valid
LOU04,5.0499999999999989,Yes,X,Connected to EPO system which is in maintenance mode year round,Flex Asset EOL and Site Risk Evaluation Tool Ver 3.0 3.6.25.xlsx,Entry- Site SPOF Data,82,139,142,Valid
LOU05,5.0499999999999989,No,X,"Two of the 4 do, 2 do not.",Flex Asset EOL and Site Risk Evaluation Tool Ver 3.0 3.6.25.xlsx,Entry- Site SPOF Data,82,143,146,Valid
MSP01,5.0499999999999989,No,X,,Flex Asset EOL and Site Risk Evaluation Tool Ver 3.0 3.6.25.xlsx,Entry- Site SPOF Data,82,147,150,Valid
NAS01,5.0499999999999989,No,X,,Flex Asset EOL and Site Risk Evaluation Tool Ver 3.0 3.6.25.xlsx,Entry- Site SPOF Data,82,151,154,Valid
NAS02,5.0499999999999989,No,x,,Flex Asset EOL and Site Risk Evaluation Tool Ver 3.0 3.6.25.xlsx,Entry- Site SPOF Data,82,155,158,Valid
NAS03,5.0499999999999989,No,X,,Flex Asset EOL and Site Risk Evaluation Tool Ver 3.0 3.6.25.xlsx,Entry- Site SPOF Data,82,159,162,Valid
NAS04,5.0499999999999989,No,X,,Flex Asset EOL and Site Risk Evaluation Tool Ver 3.0 3.6.25.xlsx,Entry- Site SPOF Data,82,163,166,Valid
NAS05,5.0499999999999989,No,X,,Flex Asset EOL and Site Risk Evaluation Tool Ver 3.0 3.6.25.xlsx,Entry- Site SPOF Data,82,167,170,Valid
NAS06,5.0499999999999989,No,X,,Flex Asset EOL and Site Risk Evaluation Tool Ver 3.0 3.6.25.xlsx,Entry- Site SPOF Data,82,171,174,Valid
PDX01.01,5.0499999999999989,Yes,X,,Flex Asset EOL and Site Risk Evaluation Tool Ver 3.0 3.6.25.xlsx,Entry- Site SPOF Data,82,175,178,Valid
PDX01.02,5.0499999999999989,Yes,X,,Flex Asset EOL and Site Risk Evaluation Tool Ver 3.0 3.6.25.xlsx,Entry- Site SPOF Data,82,179,182,Valid
PDX02,5.0499999999999989,Yes,X,,Flex Asset EOL and Site Risk Evaluation Tool Ver 3.0 3.6.25.xlsx,Entry- Site SPOF Data,82,183,186,Valid
PDX03,5.0499999999999989,Yes,X,,Flex Asset EOL and Site Risk Evaluation Tool Ver 3.0 3.6.25.xlsx,Entry- Site SPOF Data,82,187,190,Valid
PDX04,5.0499999999999989,Yes,X,,Flex Asset EOL and Site Risk Evaluation Tool Ver 3.0 3.6.25.xlsx,Entry- Site SPOF Data,82,191,194,Valid
PHL01,5.0499999999999989,Yes,X,,Flex Asset EOL and Site Risk Evaluation Tool Ver 3.0 3.6.25.xlsx,Entry- Site SPOF Data,82,195,198,Valid
PHX01,5.0499999999999989,Yes,X,THE PDU MAIN,Flex Asset EOL and Site Risk Evaluation Tool Ver 3.0 3.6.25.xlsx,Entry- Site SPOF Data,82,199,202,Valid
RAL01,5.0499999999999989,Yes,X,,Flex Asset EOL and Site Risk Evaluation Tool Ver 3.0 3.6.25.xlsx,Entry- Site SPOF Data,82,203,206,Valid
RAL02,5.0499999999999989,Yes,X,,Flex Asset EOL and Site Risk Evaluation Tool Ver 3.0 3.6.25.xlsx,Entry- Site SPOF Data,82,207,210,Valid
RAL03,5.0499999999999989,Yes,X,,Flex Asset EOL and Site Risk Evaluation Tool Ver 3.0 3.6.25.xlsx,Entry- Site SPOF Data,82,211,214,Valid
RCH01,5.0499999999999989,Yes,x,,Flex Asset EOL and Site Risk Evaluation Tool Ver 3.0 3.6.25.xlsx,Entry- Site SPOF Data,82,215,218,Valid
RIC01,5.0499999999999989,Yes,x,,Flex Asset EOL and Site Risk Evaluation Tool Ver 3.0 3.6.25.xlsx,Entry- Site SPOF Data,82,219,222,Valid
RIC02,5.0499999999999989,Yes,x,,Flex Asset EOL and Site Risk Evaluation Tool Ver 3.0 3.6.25.xlsx,Entry- Site SPOF Data,82,223,226,Valid
SLC03,5.0499999999999989,Yes,X,,Flex Asset EOL and Site Risk Evaluation Tool Ver 3.0 3.6.25.xlsx,Entry- Site SPOF Data,82,227,230,Valid
SLC04.01,5.0499999999999989,Yes,X,,Flex Asset EOL and Site Risk Evaluation Tool Ver 3.0 3.6.25.xlsx,Entry- Site SPOF Data,82,231,234,Valid
SLC04.02,5.0499999999999989,Yes,X,,Flex Asset EOL and Site Risk Evaluation Tool Ver 3.0 3.6.25.xlsx,Entry- Site SPOF Data,82,235,238,Valid
SLC04.03,5.0499999999999989,Yes,X,,Flex Asset EOL and Site Risk Evaluation Tool Ver 3.0 3.6.25.xlsx,Entry- Site SPOF Data,82,239,242,Valid
SLC07,5.0499999999999989,Yes,X,,Flex Asset EOL and Site Risk Evaluation Tool Ver 3.0 3.6.25.xlsx,Entry- Site SPOF Data,82,243,246,Valid
SLC09,5.0499999999999989,Yes,X,,Flex Asset EOL and Site Risk Evaluation Tool Ver 3.0 3.6.25.xlsx,Entry- Site SPOF Data,82,247,250,Valid
SLC10,5.0499999999999989,Yes,X,,Flex Asset EOL and Site Risk Evaluation Tool Ver 3.0 3.6.25.xlsx,Entry- Site SPOF Data,82,251,254,Valid
TPA01,5.0499999999999989,Yes,X,,Flex Asset EOL and Site Risk Evaluation Tool Ver 3.0 3.6.25.xlsx,Entry- Site SPOF Data,82,255,258,Valid
TPA02,5.0499999999999989,Yes,X,,Flex Asset EOL and Site Risk Evaluation Tool Ver 3.0 3.6.25.xlsx,Entry- Site SPOF Data,82,259,262,Valid
TPA03,5.0499999999999989,Yes,X,,Flex Asset EOL and Site Risk Evaluation Tool Ver 3.0 3.6.25.xlsx,Entry- Site SPOF Data,82,263,266,Valid
TPA04,5.0499999999999989,Yes,X,,Flex Asset EOL and Site Risk Evaluation Tool Ver 3.0 3.6.25.xlsx,Entry- Site SPOF Data,82,267,270,Valid
ABE01,5.0599999999999987,Yes,x,,Flex Asset EOL and Site Risk Evaluation Tool Ver 3.0 3.6.25.xlsx,Entry- Site SPOF Data,83,7,10,Valid
ATL01,5.0599999999999987,Yes,X,,Flex Asset EOL and Site Risk Evaluation Tool Ver 3.0 3.6.25.xlsx,Entry- Site SPOF Data,83,11,14,Valid
ATL02,5.0599999999999987,No,X,,Flex Asset EOL and Site Risk Evaluation Tool Ver 3.0 3.6.25.xlsx,Entry- Site SPOF Data,83,15,18,Valid
ATL03,5.0599999999999987,No,x,,Flex Asset EOL and Site Risk Evaluation Tool Ver 3.0 3.6.25.xlsx,Entry- Site SPOF Data,83,19,22,Valid
ATL04,5.0599999999999987,N/A,x,,Flex Asset EOL and Site Risk Evaluation Tool Ver 3.0 3.6.25.xlsx,Entry- Site SPOF Data,83,23,26,Valid
ATL05,5.0599999999999987,No,X,,Flex Asset EOL and Site Risk Evaluation Tool Ver 3.0 3.6.25.xlsx,Entry- Site SPOF Data,83,27,30,Valid
CIN01,5.0599999999999987,No,X,Nexgear does not have a bypass.,Flex Asset EOL and Site Risk Evaluation Tool Ver 3.0 3.6.25.xlsx,Entry- Site SPOF Data,83,31,34,Valid
CIN02,5.0599999999999987,No,X,Nexgear does not have a bypass.,Flex Asset EOL and Site Risk Evaluation Tool Ver 3.0 3.6.25.xlsx,Entry- Site SPOF Data,83,35,38,Valid
CLT01,5.0599999999999987,No,x,,Flex Asset EOL and Site Risk Evaluation Tool Ver 3.0 3.6.25.xlsx,Entry- Site SPOF Data,83,39,42,Valid
CLT02,5.0599999999999987,No,x,,Flex Asset EOL and Site Risk Evaluation Tool Ver 3.0 3.6.25.xlsx,Entry- Site SPOF Data,83,43,46,Valid
CLT03,5.0599999999999987,N/A,x,,Flex Asset EOL and Site Risk Evaluation Tool Ver 3.0 3.6.25.xlsx,Entry- Site SPOF Data,83,47,50,Valid
CLT04,5.0599999999999987,Yes,x,,Flex Asset EOL and Site Risk Evaluation Tool Ver 3.0 3.6.25.xlsx,Entry- Site SPOF Data,83,51,54,Valid
CLT05,5.0599999999999987,Yes,x,,Flex Asset EOL and Site Risk Evaluation Tool Ver 3.0 3.6.25.xlsx,Entry- Site SPOF Data,83,55,58,Valid
DAL01,5.0599999999999987,No,X,,Flex Asset EOL and Site Risk Evaluation Tool Ver 3.0 3.6.25.xlsx,Entry- Site SPOF Data,83,59,62,Valid
DAL02,5.0599999999999987,Yes,X,,Flex Asset EOL and Site Risk Evaluation Tool Ver 3.0 3.6.25.xlsx,Entry- Site SPOF Data,83,63,66,Valid
DAL03,5.0599999999999987,Yes,X,,Flex Asset EOL and Site Risk Evaluation Tool Ver 3.0 3.6.25.xlsx,Entry- Site SPOF Data,83,67,70,Valid
DAL04,5.0599999999999987,Yes,X,,Flex Asset EOL and Site Risk Evaluation Tool Ver 3.0 3.6.25.xlsx,Entry- Site SPOF Data,83,71,74,Valid
DAL05,5.0599999999999987,Yes,X,,Flex Asset EOL and Site Risk Evaluation Tool Ver 3.0 3.6.25.xlsx,Entry- Site SPOF Data,83,75,78,Valid
DEN02,5.0599999999999987,No,X,,Flex Asset EOL and Site Risk Evaluation Tool Ver 3.0 3.6.25.xlsx,Entry- Site SPOF Data,83,79,82,Valid
DEN03,5.0599999999999987,Yes,X,,Flex Asset EOL and Site Risk Evaluation Tool Ver 3.0 3.6.25.xlsx,Entry- Site SPOF Data,83,83,86,Valid
DEN05.01,5.0599999999999987,No,X,,Flex Asset EOL and Site Risk Evaluation Tool Ver 3.0 3.6.25.xlsx,Entry- Site SPOF Data,83,87,90,Valid
DEN05.02,5.0599999999999987,No,X,,Flex Asset EOL and Site Risk Evaluation Tool Ver 3.0 3.6.25.xlsx,Entry- Site SPOF Data,83,91,94,Valid
DEN11,5.0599999999999987,No,x,,Flex Asset EOL and Site Risk Evaluation Tool Ver 3.0 3.6.25.xlsx,Entry- Site SPOF Data,83,95,98,Valid
DFW01,5.0599999999999987,No,X,,Flex Asset EOL and Site Risk Evaluation Tool Ver 3.0 3.6.25.xlsx,Entry- Site SPOF Data,83,99,102,Valid
FLL01,5.0599999999999987,Yes,X,,Flex Asset EOL and Site Risk Evaluation Tool Ver 3.0 3.6.25.xlsx,Entry- Site SPOF Data,83,103,106,Valid
FLL02,5.0599999999999987,Yes,X,,Flex Asset EOL and Site Risk Evaluation Tool Ver 3.0 3.6.25.xlsx,Entry- Site SPOF Data,83,107,110,Valid
JAX01,5.0599999999999987,No,X,,Flex Asset EOL and Site Risk Evaluation Tool Ver 3.0 3.6.25.xlsx,Entry- Site SPOF Data,83,111,114,Valid
JAX02,5.0599999999999987,No,X,,Flex Asset EOL and Site Risk Evaluation Tool Ver 3.0 3.6.25.xlsx,Entry- Site SPOF Data,83,115,118,Valid
LAS03,5.0599999999999987,Yes,X,,Flex Asset EOL and Site Risk Evaluation Tool Ver 3.0 3.6.25.xlsx,Entry- Site SPOF Data,83,119,122,Valid
LAS04,5.0599999999999987,No,X,,Flex Asset EOL and Site Risk Evaluation Tool Ver 3.0 3.6.25.xlsx,Entry- Site SPOF Data,83,123,126,Valid
LAS05,5.0599999999999987,No,X,,Flex Asset EOL and Site Risk Evaluation Tool Ver 3.0 3.6.25.xlsx,Entry- Site SPOF Data,83,127,130,Valid
LOU02,5.0599999999999987,No,X,,Flex Asset EOL and Site Risk Evaluation Tool Ver 3.0 3.6.25.xlsx,Entry- Site SPOF Data,83,131,134,Valid
LOU03,5.0599999999999987,No,X,Nexgear does not have a bypass.,Flex Asset EOL and Site Risk Evaluation Tool Ver 3.0 3.6.25.xlsx,Entry- Site SPOF Data,83,135,138,Valid
LOU04,5.0599999999999987,No,X,Nexgear does not have a bypass.,Flex Asset EOL and Site Risk Evaluation Tool Ver 3.0 3.6.25.xlsx,Entry- Site SPOF Data,83,139,142,Valid
LOU05,5.0599999999999987,Yes,X,,Flex Asset EOL and Site Risk Evaluation Tool Ver 3.0 3.6.25.xlsx,Entry- Site SPOF Data,83,143,146,Valid
MSP01,5.0599999999999987,Yes,X,,Flex Asset EOL and Site Risk Evaluation Tool Ver 3.0 3.6.25.xlsx,Entry- Site SPOF Data,83,147,150,Valid
NAS01,5.0599999999999987,Yes,X,,Flex Asset EOL and Site Risk Evaluation Tool Ver 3.0 3.6.25.xlsx,Entry- Site SPOF Data,83,151,154,Valid
NAS02,5.0599999999999987,Yes,x,,Flex Asset EOL and Site Risk Evaluation Tool Ver 3.0 3.6.25.xlsx,Entry- Site SPOF Data,83,155,158,Valid
NAS03,5.0599999999999987,Yes,X,,Flex Asset EOL and Site Risk Evaluation Tool Ver 3.0 3.6.25.xlsx,Entry- Site SPOF Data,83,159,162,Valid
NAS04,5.0599999999999987,Yes,X,,Flex Asset EOL and Site Risk Evaluation Tool Ver 3.0 3.6.25.xlsx,Entry- Site SPOF Data,83,163,166,Valid
NAS05,5.0599999999999987,Yes,X,,Flex Asset EOL and Site Risk Evaluation Tool Ver 3.0 3.6.25.xlsx,Entry- Site SPOF Data,83,167,170,Valid
NAS06,5.0599999999999987,Yes,X,,Flex Asset EOL and Site Risk Evaluation Tool Ver 3.0 3.6.25.xlsx,Entry- Site SPOF Data,83,171,174,Valid
PDX01.01,5.0599999999999987,Yes,X,,Flex Asset EOL and Site Risk Evaluation Tool Ver 3.0 3.6.25.xlsx,Entry- Site SPOF Data,83,175,178,Valid
PDX01.02,5.0599999999999987,Yes,X,,Flex Asset EOL and Site Risk Evaluation Tool Ver 3.0 3.6.25.xlsx,Entry- Site SPOF Data,83,179,182,Valid
PDX02,5.0599999999999987,No,X,No mechanical bypass for ATS attached to non critical load equipment,Flex Asset EOL and Site Risk Evaluation Tool Ver 3.0 3.6.25.xlsx,Entry- Site SPOF Data,83,183,186,Valid
PDX03,5.0599999999999987,Yes,X,,Flex Asset EOL and Site Risk Evaluation Tool Ver 3.0 3.6.25.xlsx,Entry- Site SPOF Data,83,187,190,Valid
PDX04,5.0599999999999987,Yes,X,,Flex Asset EOL and Site Risk Evaluation Tool Ver 3.0 3.6.25.xlsx,Entry- Site SPOF Data,83,191,194,Valid
PHL01,5.0599999999999987,Yes,X,,Flex Asset EOL and Site Risk Evaluation Tool Ver 3.0 3.6.25.xlsx,Entry- Site SPOF Data,83,195,198,Valid
PHX01,5.0599999999999987,No,X,OUR SYSTEMS HAVE EXTERNAL BYPASS CBINET.,Flex Asset EOL and Site Risk Evaluation Tool Ver 3.0 3.6.25.xlsx,Entry- Site SPOF Data,83,199,202,Valid
RAL01,5.0599999999999987,Yes,X,,Flex Asset EOL and Site Risk Evaluation Tool Ver 3.0 3.6.25.xlsx,Entry- Site SPOF Data,83,203,206,Valid
RAL02,5.0599999999999987,Yes,X,,Flex Asset EOL and Site Risk Evaluation Tool Ver 3.0 3.6.25.xlsx,Entry- Site SPOF Data,83,207,210,Valid
RAL03,5.0599999999999987,Yes,X,,Flex Asset EOL and Site Risk Evaluation Tool Ver 3.0 3.6.25.xlsx,Entry- Site SPOF Data,83,211,214,Valid
RCH01,5.0599999999999987,No,x,,Flex Asset EOL and Site Risk Evaluation Tool Ver 3.0 3.6.25.xlsx,Entry- Site SPOF Data,83,215,218,Valid
RIC01,5.0599999999999987,Yes,x,,Flex Asset EOL and Site Risk Evaluation Tool Ver 3.0 3.6.25.xlsx,Entry- Site SPOF Data,83,219,222,Valid
RIC02,5.0599999999999987,Yes,x,,Flex Asset EOL and Site Risk Evaluation Tool Ver 3.0 3.6.25.xlsx,Entry- Site SPOF Data,83,223,226,Valid
SLC03,5.0599999999999987,No,X,,Flex Asset EOL and Site Risk Evaluation Tool Ver 3.0 3.6.25.xlsx,Entry- Site SPOF Data,83,227,230,Valid
SLC04.01,5.0599999999999987,No,X,,Flex Asset EOL and Site Risk Evaluation Tool Ver 3.0 3.6.25.xlsx,Entry- Site SPOF Data,83,231,234,Valid
SLC04.02,5.0599999999999987,No,X,,Flex Asset EOL and Site Risk Evaluation Tool Ver 3.0 3.6.25.xlsx,Entry- Site SPOF Data,83,235,238,Valid
SLC04.03,5.0599999999999987,No,X,,Flex Asset EOL and Site Risk Evaluation Tool Ver 3.0 3.6.25.xlsx,Entry- Site SPOF Data,83,239,242,Valid
SLC07,5.0599999999999987,No,X,,Flex Asset EOL and Site Risk Evaluation Tool Ver 3.0 3.6.25.xlsx,Entry- Site SPOF Data,83,243,246,Valid
SLC09,5.0599999999999987,No,X,,Flex Asset EOL and Site Risk Evaluation Tool Ver 3.0 3.6.25.xlsx,Entry- Site SPOF Data,83,247,250,Valid
SLC10,5.0599999999999987,No,X,We do not have a bypass but we do have TIE breakers between the boards so we could electrically secure one side of the utility breaker.,Flex Asset EOL and Site Risk Evaluation Tool Ver 3.0 3.6.25.xlsx,Entry- Site SPOF Data,83,251,254,Valid
TPA01,5.0599999999999987,Yes,X,,Flex Asset EOL and Site Risk Evaluation Tool Ver 3.0 3.6.25.xlsx,Entry- Site SPOF Data,83,255,258,Valid
TPA02,5.0599999999999987,Yes,X,,Flex Asset EOL and Site Risk Evaluation Tool Ver 3.0 3.6.25.xlsx,Entry- Site SPOF Data,83,259,262,Valid
TPA03,5.0599999999999987,Yes,X,,Flex Asset EOL and Site Risk Evaluation Tool Ver 3.0 3.6.25.xlsx,Entry- Site SPOF Data,83,263,266,Valid
TPA04,5.0599999999999987,Yes,X,,Flex Asset EOL and Site Risk Evaluation Tool Ver 3.0 3.6.25.xlsx,Entry- Site SPOF Data,83,267,270,Valid
ABE01,5.0699999999999985,No,x,,Flex Asset EOL and Site Risk Evaluation Tool Ver 3.0 3.6.25.xlsx,Entry- Site SPOF Data,84,7,10,Valid
ATL01,5.0699999999999985,Yes,X,,Flex Asset EOL and Site Risk Evaluation Tool Ver 3.0 3.6.25.xlsx,Entry- Site SPOF Data,84,11,14,Valid
ATL02,5.0699999999999985,Yes,X,,Flex Asset EOL and Site Risk Evaluation Tool Ver 3.0 3.6.25.xlsx,Entry- Site SPOF Data,84,15,18,Valid
ATL03,5.0699999999999985,N/A,X,,Flex Asset EOL and Site Risk Evaluation Tool Ver 3.0 3.6.25.xlsx,Entry- Site SPOF Data,84,19,22,Valid
ATL04,5.0699999999999985,N/A,X,,Flex Asset EOL and Site Risk Evaluation Tool Ver 3.0 3.6.25.xlsx,Entry- Site SPOF Data,84,23,26,Valid
ATL05,5.0699999999999985,Yes,X,,Flex Asset EOL and Site Risk Evaluation Tool Ver 3.0 3.6.25.xlsx,Entry- Site SPOF Data,84,27,30,Valid
CIN01,5.0699999999999985,Yes,X,,Flex Asset EOL and Site Risk Evaluation Tool Ver 3.0 3.6.25.xlsx,Entry- Site SPOF Data,84,31,34,Valid
CIN02,5.0699999999999985,Yes,X,,Flex Asset EOL and Site Risk Evaluation Tool Ver 3.0 3.6.25.xlsx,Entry- Site SPOF Data,84,35,38,Valid
CLT01,5.0699999999999985,Yes,x,,Flex Asset EOL and Site Risk Evaluation Tool Ver 3.0 3.6.25.xlsx,Entry- Site SPOF Data,84,39,42,Valid
CLT02,5.0699999999999985,Yes,x,,Flex Asset EOL and Site Risk Evaluation Tool Ver 3.0 3.6.25.xlsx,Entry- Site SPOF Data,84,43,46,Valid
CLT03,5.0699999999999985,Yes,x,,Flex Asset EOL and Site Risk Evaluation Tool Ver 3.0 3.6.25.xlsx,Entry- Site SPOF Data,84,47,50,Valid
CLT04,5.0699999999999985,Yes,x,,Flex Asset EOL and Site Risk Evaluation Tool Ver 3.0 3.6.25.xlsx,Entry- Site SPOF Data,84,51,54,Valid
CLT05,5.0699999999999985,Yes,x,,Flex Asset EOL and Site Risk Evaluation Tool Ver 3.0 3.6.25.xlsx,Entry- Site SPOF Data,84,55,58,Valid
DAL01,5.0699999999999985,N/A,X,,Flex Asset EOL and Site Risk Evaluation Tool Ver 3.0 3.6.25.xlsx,Entry- Site SPOF Data,84,59,62,Valid
DAL02,5.0699999999999985,N/A,X,,Flex Asset EOL and Site Risk Evaluation Tool Ver 3.0 3.6.25.xlsx,Entry- Site SPOF Data,84,63,66,Valid
DAL03,5.0699999999999985,N/A,X,,Flex Asset EOL and Site Risk Evaluation Tool Ver 3.0 3.6.25.xlsx,Entry- Site SPOF Data,84,67,70,Valid
DAL04,5.0699999999999985,N/A,X,,Flex Asset EOL and Site Risk Evaluation Tool Ver 3.0 3.6.25.xlsx,Entry- Site SPOF Data,84,71,74,Valid
DAL05,5.0699999999999985,No,X,,Flex Asset EOL and Site Risk Evaluation Tool Ver 3.0 3.6.25.xlsx,Entry- Site SPOF Data,84,75,78,Valid
DEN02,5.0699999999999985,N/A,X,,Flex Asset EOL and Site Risk Evaluation Tool Ver 3.0 3.6.25.xlsx,Entry- Site SPOF Data,84,79,82,Valid
DEN03,5.0699999999999985,N/A,X,,Flex Asset EOL and Site Risk Evaluation Tool Ver 3.0 3.6.25.xlsx,Entry- Site SPOF Data,84,83,86,Valid
DEN05.01,5.0699999999999985,N/A,X,,Flex Asset EOL and Site Risk Evaluation Tool Ver 3.0 3.6.25.xlsx,Entry- Site SPOF Data,84,87,90,Valid
DEN05.02,5.0699999999999985,N/A,X,,Flex Asset EOL and Site Risk Evaluation Tool Ver 3.0 3.6.25.xlsx,Entry- Site SPOF Data,84,91,94,Valid
DEN11,5.0699999999999985,N/A,x,,Flex Asset EOL and Site Risk Evaluation Tool Ver 3.0 3.6.25.xlsx,Entry- Site SPOF Data,84,95,98,Valid
DFW01,5.0699999999999985,N/A,X,,Flex Asset EOL and Site Risk Evaluation Tool Ver 3.0 3.6.25.xlsx,Entry- Site SPOF Data,84,99,102,Valid
FLL01,5.0699999999999985,Yes,X,,Flex Asset EOL and Site Risk Evaluation Tool Ver 3.0 3.6.25.xlsx,Entry- Site SPOF Data,84,103,106,Valid
FLL02,5.0699999999999985,Yes,X,,Flex Asset EOL and Site Risk Evaluation Tool Ver 3.0 3.6.25.xlsx,Entry- Site SPOF Data,84,107,110,Valid
JAX01,5.0699999999999985,Yes,X,,Flex Asset EOL and Site Risk Evaluation Tool Ver 3.0 3.6.25.xlsx,Entry- Site SPOF Data,84,111,114,Valid
JAX02,5.0699999999999985,Yes,X,,Flex Asset EOL and Site Risk Evaluation Tool Ver 3.0 3.6.25.xlsx,Entry- Site SPOF Data,84,115,118,Valid
LAS03,5.0699999999999985,N/A,X,Only Utility feed has oil filled transformer owned by utility provider,Flex Asset EOL and Site Risk Evaluation Tool Ver 3.0 3.6.25.xlsx,Entry- Site SPOF Data,84,119,122,Valid
LAS04,5.0699999999999985,Yes,X,Only Utility feed has oil filled transformer owned by utility provider,Flex Asset EOL and Site Risk Evaluation Tool Ver 3.0 3.6.25.xlsx,Entry- Site SPOF Data,84,123,126,Valid
LAS05,5.0699999999999985,N/A,X,Only Utility feed has oil filled transformer owned by utility provider,Flex Asset EOL and Site Risk Evaluation Tool Ver 3.0 3.6.25.xlsx,Entry- Site SPOF Data,84,127,130,Valid
LOU02,5.0699999999999985,Yes,X,,Flex Asset EOL and Site Risk Evaluation Tool Ver 3.0 3.6.25.xlsx,Entry- Site SPOF Data,84,131,134,Valid
LOU03,5.0699999999999985,Yes,X,,Flex Asset EOL and Site Risk Evaluation Tool Ver 3.0 3.6.25.xlsx,Entry- Site SPOF Data,84,135,138,Valid
LOU04,5.0699999999999985,Yes,X,,Flex Asset EOL and Site Risk Evaluation Tool Ver 3.0 3.6.25.xlsx,Entry- Site SPOF Data,84,139,142,Valid
LOU05,5.0699999999999985,Yes,X,,Flex Asset EOL and Site Risk Evaluation Tool Ver 3.0 3.6.25.xlsx,Entry- Site SPOF Data,84,143,146,Valid
MSP01,5.0699999999999985,Yes,X,,Flex Asset EOL and Site Risk Evaluation Tool Ver 3.0 3.6.25.xlsx,Entry- Site SPOF Data,84,147,150,Valid
NAS01,5.0699999999999985,N/A,x,,Flex Asset EOL and Site Risk Evaluation Tool Ver 3.0 3.6.25.xlsx,Entry- Site SPOF Data,84,151,154,Valid
NAS02,5.0699999999999985,N/A,x,,Flex Asset EOL and Site Risk Evaluation Tool Ver 3.0 3.6.25.xlsx,Entry- Site SPOF Data,84,155,158,Valid
NAS03,5.0699999999999985,N/A,x,,Flex Asset EOL and Site Risk Evaluation Tool Ver 3.0 3.6.25.xlsx,Entry- Site SPOF Data,84,159,162,Valid
NAS04,5.0699999999999985,N/A,x,,Flex Asset EOL and Site Risk Evaluation Tool Ver 3.0 3.6.25.xlsx,Entry- Site SPOF Data,84,163,166,Valid
NAS05,5.0699999999999985,N/A,x,,Flex Asset EOL and Site Risk Evaluation Tool Ver 3.0 3.6.25.xlsx,Entry- Site SPOF Data,84,167,170,Valid
NAS06,5.0699999999999985,N/A,x,,Flex Asset EOL and Site Risk Evaluation Tool Ver 3.0 3.6.25.xlsx,Entry- Site SPOF Data,84,171,174,Valid
PDX01.01,5.0699999999999985,N/A,x,,Flex Asset EOL and Site Risk Evaluation Tool Ver 3.0 3.6.25.xlsx,Entry- Site SPOF Data,84,175,178,Valid
PDX01.02,5.0699999999999985,N/A,x,,Flex Asset EOL and Site Risk Evaluation Tool Ver 3.0 3.6.25.xlsx,Entry- Site SPOF Data,84,179,182,Valid
PDX02,5.0699999999999985,N/A,X,,Flex Asset EOL and Site Risk Evaluation Tool Ver 3.0 3.6.25.xlsx,Entry- Site SPOF Data,84,183,186,Valid
PDX03,5.0699999999999985,Yes,X,,Flex Asset EOL and Site Risk Evaluation Tool Ver 3.0 3.6.25.xlsx,Entry- Site SPOF Data,84,187,190,Valid
PDX04,5.0699999999999985,Yes,X,,Flex Asset EOL and Site Risk Evaluation Tool Ver 3.0 3.6.25.xlsx,Entry- Site SPOF Data,84,191,194,Valid
PHL01,5.0699999999999985,Yes,X,,Flex Asset EOL and Site Risk Evaluation Tool Ver 3.0 3.6.25.xlsx,Entry- Site SPOF Data,84,195,198,Valid
PHX01,5.0699999999999985,No,X,VACUUM,Flex Asset EOL and Site Risk Evaluation Tool Ver 3.0 3.6.25.xlsx,Entry- Site SPOF Data,84,199,202,Valid
RAL01,5.0699999999999985,Yes,X,,Flex Asset EOL and Site Risk Evaluation Tool Ver 3.0 3.6.25.xlsx,Entry- Site SPOF Data,84,203,206,Valid
RAL02,5.0699999999999985,Yes,X,,Flex Asset EOL and Site Risk Evaluation Tool Ver 3.0 3.6.25.xlsx,Entry- Site SPOF Data,84,207,210,Valid
RAL03,5.0699999999999985,Yes,X,,Flex Asset EOL and Site Risk Evaluation Tool Ver 3.0 3.6.25.xlsx,Entry- Site SPOF Data,84,211,214,Valid
RCH01,5.0699999999999985,Yes,x,,Flex Asset EOL and Site Risk Evaluation Tool Ver 3.0 3.6.25.xlsx,Entry- Site SPOF Data,84,215,218,Valid
RIC01,5.0699999999999985,Yes,x,,Flex Asset EOL and Site Risk Evaluation Tool Ver 3.0 3.6.25.xlsx,Entry- Site SPOF Data,84,219,222,Valid
RIC02,5.0699999999999985,Yes,x,,Flex Asset EOL and Site Risk Evaluation Tool Ver 3.0 3.6.25.xlsx,Entry- Site SPOF Data,84,223,226,Valid
SLC03,5.0699999999999985,No,X,,Flex Asset EOL and Site Risk Evaluation Tool Ver 3.0 3.6.25.xlsx,Entry- Site SPOF Data,84,227,230,Valid
SLC04.01,5.0699999999999985,N/A,X,Flexential cannot check that. Utility transformers cabinets are locked by utility company.,Flex Asset EOL and Site Risk Evaluation Tool Ver 3.0 3.6.25.xlsx,Entry- Site SPOF Data,84,231,234,Valid
SLC04.02,5.0699999999999985,N/A,X,Flexential cannot check that. Utility transformers cabinets are locked by utility company.,Flex Asset EOL and Site Risk Evaluation Tool Ver 3.0 3.6.25.xlsx,Entry- Site SPOF Data,84,235,238,Valid
SLC04.03,5.0699999999999985,N/A,X,Flexential cannot check that. Utility transformers cabinets are locked by utility company.,Flex Asset EOL and Site Risk Evaluation Tool Ver 3.0 3.6.25.xlsx,Entry- Site SPOF Data,84,239,242,Valid
SLC07,5.0699999999999985,N/A,X,Flexential cannot check that. Utility transformers cabinets is locked by utility company.,Flex Asset EOL and Site Risk Evaluation Tool Ver 3.0 3.6.25.xlsx,Entry- Site SPOF Data,84,243,246,Valid
SLC09,5.0699999999999985,No,X,,Flex Asset EOL and Site Risk Evaluation Tool Ver 3.0 3.6.25.xlsx,Entry- Site SPOF Data,84,247,250,Valid
SLC10,5.0699999999999985,No,X,,Flex Asset EOL and Site Risk Evaluation Tool Ver 3.0 3.6.25.xlsx,Entry- Site SPOF Data,84,251,254,Valid
TPA01,5.0699999999999985,Yes,X,,Flex Asset EOL and Site Risk Evaluation Tool Ver 3.0 3.6.25.xlsx,Entry- Site SPOF Data,84,255,258,Valid
TPA02,5.0699999999999985,Yes,X,,Flex Asset EOL and Site Risk Evaluation Tool Ver 3.0 3.6.25.xlsx,Entry- Site SPOF Data,84,259,262,Valid
TPA03,5.0699999999999985,Yes,X,,Flex Asset EOL and Site Risk Evaluation Tool Ver 3.0 3.6.25.xlsx,Entry- Site SPOF Data,84,263,266,Valid
TPA04,5.0699999999999985,Yes,X,,Flex Asset EOL and Site Risk Evaluation Tool Ver 3.0 3.6.25.xlsx,Entry- Site SPOF Data,84,267,270,Valid
ABE01,6,Blank,,,Flex Asset EOL and Site Risk Evaluation Tool Ver 3.0 3.6.25.xlsx,Entry- Site SPOF Data,85,7,10,Blank
ATL01,6,Blank,,,Flex Asset EOL and Site Risk Evaluation Tool Ver 3.0 3.6.25.xlsx,Entry- Site SPOF Data,85,11,14,Blank
ATL02,6,Blank,`,,Flex Asset EOL and Site Risk Evaluation Tool Ver 3.0 3.6.25.xlsx,Entry- Site SPOF Data,85,15,18,Blank
ATL03,6,Blank,,,Flex Asset EOL and Site Risk Evaluation Tool Ver 3.0 3.6.25.xlsx,Entry- Site SPOF Data,85,19,22,Blank
ATL04,6,Blank,,,Flex Asset EOL and Site Risk Evaluation Tool Ver 3.0 3.6.25.xlsx,Entry- Site SPOF Data,85,23,26,Blank
ATL05,6,Blank,,,Flex Asset EOL and Site Risk Evaluation Tool Ver 3.0 3.6.25.xlsx,Entry- Site SPOF Data,85,27,30,Blank
CIN01,6,Blank,,,Flex Asset EOL and Site Risk Evaluation Tool Ver 3.0 3.6.25.xlsx,Entry- Site SPOF Data,85,31,34,Blank
CIN02,6,Blank,,,Flex Asset EOL and Site Risk Evaluation Tool Ver 3.0 3.6.25.xlsx,Entry- Site SPOF Data,85,35,38,Blank
CLT01,6,Blank,,,Flex Asset EOL and Site Risk Evaluation Tool Ver 3.0 3.6.25.xlsx,Entry- Site SPOF Data,85,39,42,Blank
CLT02,6,Blank,,,Flex Asset EOL and Site Risk Evaluation Tool Ver 3.0 3.6.25.xlsx,Entry- Site SPOF Data,85,43,46,Blank
CLT03,6,Blank,,,Flex Asset EOL and Site Risk Evaluation Tool Ver 3.0 3.6.25.xlsx,Entry- Site SPOF Data,85,47,50,Blank
CLT04,6,Blank,,,Flex Asset EOL and Site Risk Evaluation Tool Ver 3.0 3.6.25.xlsx,Entry- Site SPOF Data,85,51,54,Blank
CLT05,6,Blank,,,Flex Asset EOL and Site Risk Evaluation Tool Ver 3.0 3.6.25.xlsx,Entry- Site SPOF Data,85,55,58,Blank
DAL01,6,Blank,,,Flex Asset EOL and Site Risk Evaluation Tool Ver 3.0 3.6.25.xlsx,Entry- Site SPOF Data,85,59,62,Blank
DAL02,6,Blank,,,Flex Asset EOL and Site Risk Evaluation Tool Ver 3.0 3.6.25.xlsx,Entry- Site SPOF Data,85,63,66,Blank
DAL03,6,Blank,,,Flex Asset EOL and Site Risk Evaluation Tool Ver 3.0 3.6.25.xlsx,Entry- Site SPOF Data,85,67,70,Blank
DAL04,6,Blank,,,Flex Asset EOL and Site Risk Evaluation Tool Ver 3.0 3.6.25.xlsx,Entry- Site SPOF Data,85,71,74,Blank
DAL05,6,Blank,,,Flex Asset EOL and Site Risk Evaluation Tool Ver 3.0 3.6.25.xlsx,Entry- Site SPOF Data,85,75,78,Blank
DEN02,6,Blank,,,Flex Asset EOL and Site Risk Evaluation Tool Ver 3.0 3.6.25.xlsx,Entry- Site SPOF Data,85,79,82,Blank
DEN03,6,Blank,,,Flex Asset EOL and Site Risk Evaluation Tool Ver 3.0 3.6.25.xlsx,Entry- Site SPOF Data,85,83,86,Blank
DEN05.01,6,Blank,,,Flex Asset EOL and Site Risk Evaluation Tool Ver 3.0 3.6.25.xlsx,Entry- Site SPOF Data,85,87,90,Blank
DEN05.02,6,Blank,,,Flex Asset EOL and Site Risk Evaluation Tool Ver 3.0 3.6.25.xlsx,Entry- Site SPOF Data,85,91,94,Blank
DEN11,6,Blank,,,Flex Asset EOL and Site Risk Evaluation Tool Ver 3.0 3.6.25.xlsx,Entry- Site SPOF Data,85,95,98,Blank
DFW01,6,Blank,,,Flex Asset EOL and Site Risk Evaluation Tool Ver 3.0 3.6.25.xlsx,Entry- Site SPOF Data,85,99,102,Blank
FLL01,6,Blank,,,Flex Asset EOL and Site Risk Evaluation Tool Ver 3.0 3.6.25.xlsx,Entry- Site SPOF Data,85,103,106,Blank
FLL02,6,Blank,,,Flex Asset EOL and Site Risk Evaluation Tool Ver 3.0 3.6.25.xlsx,Entry- Site SPOF Data,85,107,110,Blank
JAX01,6,Blank,,,Flex Asset EOL and Site Risk Evaluation Tool Ver 3.0 3.6.25.xlsx,Entry- Site SPOF Data,85,111,114,Blank
JAX02,6,Blank,,,Flex Asset EOL and Site Risk Evaluation Tool Ver 3.0 3.6.25.xlsx,Entry- Site SPOF Data,85,115,118,Blank
LAS03,6,Blank,,,Flex Asset EOL and Site Risk Evaluation Tool Ver 3.0 3.6.25.xlsx,Entry- Site SPOF Data,85,119,122,Blank
LAS04,6,Blank,,,Flex Asset EOL and Site Risk Evaluation Tool Ver 3.0 3.6.25.xlsx,Entry- Site SPOF Data,85,123,126,Blank
LAS05,6,Blank,,,Flex Asset EOL and Site Risk Evaluation Tool Ver 3.0 3.6.25.xlsx,Entry- Site SPOF Data,85,127,130,Blank
LOU02,6,Blank,,,Flex Asset EOL and Site Risk Evaluation Tool Ver 3.0 3.6.25.xlsx,Entry- Site SPOF Data,85,131,134,Blank
LOU03,6,Blank,,,Flex Asset EOL and Site Risk Evaluation Tool Ver 3.0 3.6.25.xlsx,Entry- Site SPOF Data,85,135,138,Blank
LOU04,6,Blank,,,Flex Asset EOL and Site Risk Evaluation Tool Ver 3.0 3.6.25.xlsx,Entry- Site SPOF Data,85,139,142,Blank
LOU05,6,Blank,,,Flex Asset EOL and Site Risk Evaluation Tool Ver 3.0 3.6.25.xlsx,Entry- Site SPOF Data,85,143,146,Blank
MSP01,6,Blank,,,Flex Asset EOL and Site Risk Evaluation Tool Ver 3.0 3.6.25.xlsx,Entry- Site SPOF Data,85,147,150,Blank
NAS01,6,Blank,,,Flex Asset EOL and Site Risk Evaluation Tool Ver 3.0 3.6.25.xlsx,Entry- Site SPOF Data,85,151,154,Blank
NAS02,6,Blank,,,Flex Asset EOL and Site Risk Evaluation Tool Ver 3.0 3.6.25.xlsx,Entry- Site SPOF Data,85,155,158,Blank
NAS03,6,Blank,,,Flex Asset EOL and Site Risk Evaluation Tool Ver 3.0 3.6.25.xlsx,Entry- Site SPOF Data,85,159,162,Blank
NAS04,6,Blank,,,Flex Asset EOL and Site Risk Evaluation Tool Ver 3.0 3.6.25.xlsx,Entry- Site SPOF Data,85,163,166,Blank
NAS05,6,Blank,,,Flex Asset EOL and Site Risk Evaluation Tool Ver 3.0 3.6.25.xlsx,Entry- Site SPOF Data,85,167,170,Blank
NAS06,6,Blank,,,Flex Asset EOL and Site Risk Evaluation Tool Ver 3.0 3.6.25.xlsx,Entry- Site SPOF Data,85,171,174,Blank
PDX01.01,6,Blank,,,Flex Asset EOL and Site Risk Evaluation Tool Ver 3.0 3.6.25.xlsx,Entry- Site SPOF Data,85,175,178,Blank
PDX01.02,6,Blank,,,Flex Asset EOL and Site Risk Evaluation Tool Ver 3.0 3.6.25.xlsx,Entry- Site SPOF Data,85,179,182,Blank
PDX02,6,Blank,,,Flex Asset EOL and Site Risk Evaluation Tool Ver 3.0 3.6.25.xlsx,Entry- Site SPOF Data,85,183,186,Blank
PDX03,6,Blank,,,Flex Asset EOL and Site Risk Evaluation Tool Ver 3.0 3.6.25.xlsx,Entry- Site SPOF Data,85,187,190,Blank
PDX04,6,Blank,,,Flex Asset EOL and Site Risk Evaluation Tool Ver 3.0 3.6.25.xlsx,Entry- Site SPOF Data,85,191,194,Blank
PHL01,6,Blank,,,Flex Asset EOL and Site Risk Evaluation Tool Ver 3.0 3.6.25.xlsx,Entry- Site SPOF Data,85,195,198,Blank
PHX01,6,Blank,,,Flex Asset EOL and Site Risk Evaluation Tool Ver 3.0 3.6.25.xlsx,Entry- Site SPOF Data,85,199,202,Blank
RAL01,6,Blank,,,Flex Asset EOL and Site Risk Evaluation Tool Ver 3.0 3.6.25.xlsx,Entry- Site SPOF Data,85,203,206,Blank
RAL02,6,Blank,,,Flex Asset EOL and Site Risk Evaluation Tool Ver 3.0 3.6.25.xlsx,Entry- Site SPOF Data,85,207,210,Blank
RAL03,6,Blank,,,Flex Asset EOL and Site Risk Evaluation Tool Ver 3.0 3.6.25.xlsx,Entry- Site SPOF Data,85,211,214,Blank
RCH01,6,Blank,,,Flex Asset EOL and Site Risk Evaluation Tool Ver 3.0 3.6.25.xlsx,Entry- Site SPOF Data,85,215,218,Blank
RIC01,6,Blank,,,Flex Asset EOL and Site Risk Evaluation Tool Ver 3.0 3.6.25.xlsx,Entry- Site SPOF Data,85,219,222,Blank
RIC02,6,Blank,,,Flex Asset EOL and Site Risk Evaluation Tool Ver 3.0 3.6.25.xlsx,Entry- Site SPOF Data,85,223,226,Blank
SLC03,6,Blank,,,Flex Asset EOL and Site Risk Evaluation Tool Ver 3.0 3.6.25.xlsx,Entry- Site SPOF Data,85,227,230,Blank
SLC04.01,6,Blank,,,Flex Asset EOL and Site Risk Evaluation Tool Ver 3.0 3.6.25.xlsx,Entry- Site SPOF Data,85,231,234,Blank
SLC04.02,6,Blank,,,Flex Asset EOL and Site Risk Evaluation Tool Ver 3.0 3.6.25.xlsx,Entry- Site SPOF Data,85,235,238,Blank
SLC04.03,6,Blank,,,Flex Asset EOL and Site Risk Evaluation Tool Ver 3.0 3.6.25.xlsx,Entry- Site SPOF Data,85,239,242,Blank
SLC07,6,Blank,,,Flex Asset EOL and Site Risk Evaluation Tool Ver 3.0 3.6.25.xlsx,Entry- Site SPOF Data,85,243,246,Blank
SLC09,6,Blank,,,Flex Asset EOL and Site Risk Evaluation Tool Ver 3.0 3.6.25.xlsx,Entry- Site SPOF Data,85,247,250,Blank
SLC10,6,Blank,,,Flex Asset EOL and Site Risk Evaluation Tool Ver 3.0 3.6.25.xlsx,Entry- Site SPOF Data,85,251,254,Blank
TPA01,6,Blank,,,Flex Asset EOL and Site Risk Evaluation Tool Ver 3.0 3.6.25.xlsx,Entry- Site SPOF Data,85,255,258,Blank
TPA02,6,Blank,,,Flex Asset EOL and Site Risk Evaluation Tool Ver 3.0 3.6.25.xlsx,Entry- Site SPOF Data,85,259,262,Blank
TPA03,6,Blank,,,Flex Asset EOL and Site Risk Evaluation Tool Ver 3.0 3.6.25.xlsx,Entry- Site SPOF Data,85,263,266,Blank
TPA04,6,Blank,,,Flex Asset EOL and Site Risk Evaluation Tool Ver 3.0 3.6.25.xlsx,Entry- Site SPOF Data,85,267,270,Blank
ABE01,6.01,No,x,,Flex Asset EOL and Site Risk Evaluation Tool Ver 3.0 3.6.25.xlsx,Entry- Site SPOF Data,86,7,10,Valid
ATL01,6.01,Yes,X,,Flex Asset EOL and Site Risk Evaluation Tool Ver 3.0 3.6.25.xlsx,Entry- Site SPOF Data,86,11,14,Valid
ATL02,6.01,Yes,X,,Flex Asset EOL and Site Risk Evaluation Tool Ver 3.0 3.6.25.xlsx,Entry- Site SPOF Data,86,15,18,Valid
ATL03,6.01,Yes,x,,Flex Asset EOL and Site Risk Evaluation Tool Ver 3.0 3.6.25.xlsx,Entry- Site SPOF Data,86,19,22,Valid
ATL04,6.01,Yes,x,,Flex Asset EOL and Site Risk Evaluation Tool Ver 3.0 3.6.25.xlsx,Entry- Site SPOF Data,86,23,26,Valid
ATL05,6.01,Yes,X,,Flex Asset EOL and Site Risk Evaluation Tool Ver 3.0 3.6.25.xlsx,Entry- Site SPOF Data,86,27,30,Valid
CIN01,6.01,Yes,X,,Flex Asset EOL and Site Risk Evaluation Tool Ver 3.0 3.6.25.xlsx,Entry- Site SPOF Data,86,31,34,Valid
CIN02,6.01,Yes,X,,Flex Asset EOL and Site Risk Evaluation Tool Ver 3.0 3.6.25.xlsx,Entry- Site SPOF Data,86,35,38,Valid
CLT01,6.01,Yes,x,,Flex Asset EOL and Site Risk Evaluation Tool Ver 3.0 3.6.25.xlsx,Entry- Site SPOF Data,86,39,42,Valid
CLT02,6.01,Yes,x,,Flex Asset EOL and Site Risk Evaluation Tool Ver 3.0 3.6.25.xlsx,Entry- Site SPOF Data,86,43,46,Valid
CLT03,6.01,Yes,x,,Flex Asset EOL and Site Risk Evaluation Tool Ver 3.0 3.6.25.xlsx,Entry- Site SPOF Data,86,47,50,Valid
CLT04,6.01,No,x,,Flex Asset EOL and Site Risk Evaluation Tool Ver 3.0 3.6.25.xlsx,Entry- Site SPOF Data,86,51,54,Valid
CLT05,6.01,No,x,Wet,Flex Asset EOL and Site Risk Evaluation Tool Ver 3.0 3.6.25.xlsx,Entry- Site SPOF Data,86,55,58,Valid
DAL01,6.01,N/A,X,Landlord maintains,Flex Asset EOL and Site Risk Evaluation Tool Ver 3.0 3.6.25.xlsx,Entry- Site SPOF Data,86,59,62,Valid
DAL02,6.01,N/A,X,Landlord owned,Flex Asset EOL and Site Risk Evaluation Tool Ver 3.0 3.6.25.xlsx,Entry- Site SPOF Data,86,63,66,Valid
DAL03,6.01,N/A,X,Landlord owned,Flex Asset EOL and Site Risk Evaluation Tool Ver 3.0 3.6.25.xlsx,Entry- Site SPOF Data,86,67,70,Valid
DAL04,6.01,N/A,X,Landlord Owned,Flex Asset EOL and Site Risk Evaluation Tool Ver 3.0 3.6.25.xlsx,Entry- Site SPOF Data,86,71,74,Valid
DAL05,6.01,N/A,X,Landlord owned.,Flex Asset EOL and Site Risk Evaluation Tool Ver 3.0 3.6.25.xlsx,Entry- Site SPOF Data,86,75,78,Valid
DEN02,6.01,Yes,X,,Flex Asset EOL and Site Risk Evaluation Tool Ver 3.0 3.6.25.xlsx,Entry- Site SPOF Data,86,79,82,Valid
DEN03,6.01,Yes,X,,Flex Asset EOL and Site Risk Evaluation Tool Ver 3.0 3.6.25.xlsx,Entry- Site SPOF Data,86,83,86,Valid
DEN05.01,6.01,Yes,X,,Flex Asset EOL and Site Risk Evaluation Tool Ver 3.0 3.6.25.xlsx,Entry- Site SPOF Data,86,87,90,Valid
DEN05.02,6.01,Yes,X,,Flex Asset EOL and Site Risk Evaluation Tool Ver 3.0 3.6.25.xlsx,Entry- Site SPOF Data,86,91,94,Valid
DEN11,6.01,No,x,Wet pipe,Flex Asset EOL and Site Risk Evaluation Tool Ver 3.0 3.6.25.xlsx,Entry- Site SPOF Data,86,95,98,Valid
DFW01,6.01,Yes,X,,Flex Asset EOL and Site Risk Evaluation Tool Ver 3.0 3.6.25.xlsx,Entry- Site SPOF Data,86,99,102,Valid
FLL01,6.01,Yes,X,,Flex Asset EOL and Site Risk Evaluation Tool Ver 3.0 3.6.25.xlsx,Entry- Site SPOF Data,86,103,106,Valid
FLL02,6.01,Yes,X,,Flex Asset EOL and Site Risk Evaluation Tool Ver 3.0 3.6.25.xlsx,Entry- Site SPOF Data,86,107,110,Valid
JAX01,6.01,Yes,X,,Flex Asset EOL and Site Risk Evaluation Tool Ver 3.0 3.6.25.xlsx,Entry- Site SPOF Data,86,111,114,Valid
JAX02,6.01,Yes,X,,Flex Asset EOL and Site Risk Evaluation Tool Ver 3.0 3.6.25.xlsx,Entry- Site SPOF Data,86,115,118,Valid
LAS03,6.01,Yes,X,,Flex Asset EOL and Site Risk Evaluation Tool Ver 3.0 3.6.25.xlsx,Entry- Site SPOF Data,86,119,122,Valid
LAS04,6.01,Yes,X,,Flex Asset EOL and Site Risk Evaluation Tool Ver 3.0 3.6.25.xlsx,Entry- Site SPOF Data,86,123,126,Valid
LAS05,6.01,N/A,X,,Flex Asset EOL and Site Risk Evaluation Tool Ver 3.0 3.6.25.xlsx,Entry- Site SPOF Data,86,127,130,Valid
LOU02,6.01,Yes,X,,Flex Asset EOL and Site Risk Evaluation Tool Ver 3.0 3.6.25.xlsx,Entry- Site SPOF Data,86,131,134,Valid
LOU03,6.01,Yes,X,,Flex Asset EOL and Site Risk Evaluation Tool Ver 3.0 3.6.25.xlsx,Entry- Site SPOF Data,86,135,138,Valid
LOU04,6.01,Yes,X,,Flex Asset EOL and Site Risk Evaluation Tool Ver 3.0 3.6.25.xlsx,Entry- Site SPOF Data,86,139,142,Valid
LOU05,6.01,Yes,X,,Flex Asset EOL and Site Risk Evaluation Tool Ver 3.0 3.6.25.xlsx,Entry- Site SPOF Data,86,143,146,Valid
MSP01,6.01,No,X,"wet system, heater is installed on the dock.",Flex Asset EOL and Site Risk Evaluation Tool Ver 3.0 3.6.25.xlsx,Entry- Site SPOF Data,86,147,150,Valid
NAS01,6.01,N/A,x,Loading dock owned by building owner,Flex Asset EOL and Site Risk Evaluation Tool Ver 3.0 3.6.25.xlsx,Entry- Site SPOF Data,86,151,154,Valid
NAS02,6.01,Yes,x,,Flex Asset EOL and Site Risk Evaluation Tool Ver 3.0 3.6.25.xlsx,Entry- Site SPOF Data,86,155,158,Valid
NAS03,6.01,Yes,x,,Flex Asset EOL and Site Risk Evaluation Tool Ver 3.0 3.6.25.xlsx,Entry- Site SPOF Data,86,159,162,Valid
NAS04,6.01,N/A,x,Loading dock owned by building owner,Flex Asset EOL and Site Risk Evaluation Tool Ver 3.0 3.6.25.xlsx,Entry- Site SPOF Data,86,163,166,Valid
NAS05,6.01,Yes,x,,Flex Asset EOL and Site Risk Evaluation Tool Ver 3.0 3.6.25.xlsx,Entry- Site SPOF Data,86,167,170,Valid
NAS06,6.01,Yes,x,,Flex Asset EOL and Site Risk Evaluation Tool Ver 3.0 3.6.25.xlsx,Entry- Site SPOF Data,86,171,174,Valid
PDX01.01,6.01,Yes,x,,Flex Asset EOL and Site Risk Evaluation Tool Ver 3.0 3.6.25.xlsx,Entry- Site SPOF Data,86,175,178,Valid
PDX01.02,6.01,Yes,x,,Flex Asset EOL and Site Risk Evaluation Tool Ver 3.0 3.6.25.xlsx,Entry- Site SPOF Data,86,179,182,Valid
PDX02,6.01,No,X,,Flex Asset EOL and Site Risk Evaluation Tool Ver 3.0 3.6.25.xlsx,Entry- Site SPOF Data,86,183,186,Valid
PDX03,6.01,Yes,X,,Flex Asset EOL and Site Risk Evaluation Tool Ver 3.0 3.6.25.xlsx,Entry- Site SPOF Data,86,187,190,Valid
PDX04,6.01,No,X,,Flex Asset EOL and Site Risk Evaluation Tool Ver 3.0 3.6.25.xlsx,Entry- Site SPOF Data,86,191,194,Valid
PHL01,6.01,Yes,X,,Flex Asset EOL and Site Risk Evaluation Tool Ver 3.0 3.6.25.xlsx,Entry- Site SPOF Data,86,195,198,Valid
PHX01,6.01,N/A,X,NOT REQUIRED,Flex Asset EOL and Site Risk Evaluation Tool Ver 3.0 3.6.25.xlsx,Entry- Site SPOF Data,86,199,202,Valid
RAL01,6.01,No,X,,Flex Asset EOL and Site Risk Evaluation Tool Ver 3.0 3.6.25.xlsx,Entry- Site SPOF Data,86,203,206,Valid
RAL02,6.01,No,X,,Flex Asset EOL and Site Risk Evaluation Tool Ver 3.0 3.6.25.xlsx,Entry- Site SPOF Data,86,207,210,Valid
RAL03,6.01,No,X,,Flex Asset EOL and Site Risk Evaluation Tool Ver 3.0 3.6.25.xlsx,Entry- Site SPOF Data,86,211,214,Valid
RCH01,6.01,Yes,x,,Flex Asset EOL and Site Risk Evaluation Tool Ver 3.0 3.6.25.xlsx,Entry- Site SPOF Data,86,215,218,Valid
RIC01,6.01,Yes,x,,Flex Asset EOL and Site Risk Evaluation Tool Ver 3.0 3.6.25.xlsx,Entry- Site SPOF Data,86,219,222,Valid
RIC02,6.01,Yes,x,,Flex Asset EOL and Site Risk Evaluation Tool Ver 3.0 3.6.25.xlsx,Entry- Site SPOF Data,86,223,226,Valid
SLC03,6.01,N/A,X,,Flex Asset EOL and Site Risk Evaluation Tool Ver 3.0 3.6.25.xlsx,Entry- Site SPOF Data,86,227,230,Valid
SLC04.01,6.01,Yes,X,Loading dock areas are climate controlled.,Flex Asset EOL and Site Risk Evaluation Tool Ver 3.0 3.6.25.xlsx,Entry- Site SPOF Data,86,231,234,Valid
SLC04.02,6.01,Yes,X,Loading dock areas are climate controlled.,Flex Asset EOL and Site Risk Evaluation Tool Ver 3.0 3.6.25.xlsx,Entry- Site SPOF Data,86,235,238,Valid
SLC04.03,6.01,Yes,X,Loading dock areas are climate controlled.,Flex Asset EOL and Site Risk Evaluation Tool Ver 3.0 3.6.25.xlsx,Entry- Site SPOF Data,86,239,242,Valid
SLC07,6.01,N/A,X,We use the elevator as a loading dock.,Flex Asset EOL and Site Risk Evaluation Tool Ver 3.0 3.6.25.xlsx,Entry- Site SPOF Data,86,243,246,Valid
SLC09,6.01,Yes,X,,Flex Asset EOL and Site Risk Evaluation Tool Ver 3.0 3.6.25.xlsx,Entry- Site SPOF Data,86,247,250,Valid
SLC10,6.01,No,X,No automatic fire protection on loading dock or in any area's other then DC and UPS A/B/C Rooms. UPS D and ATS rooms does not have agent.,Flex Asset EOL and Site Risk Evaluation Tool Ver 3.0 3.6.25.xlsx,Entry- Site SPOF Data,86,251,254,Valid
TPA01,6.01,Yes,X,,Flex Asset EOL and Site Risk Evaluation Tool Ver 3.0 3.6.25.xlsx,Entry- Site SPOF Data,86,255,258,Valid
TPA02,6.01,Yes,X,,Flex Asset EOL and Site Risk Evaluation Tool Ver 3.0 3.6.25.xlsx,Entry- Site SPOF Data,86,259,262,Valid
TPA03,6.01,Yes,X,,Flex Asset EOL and Site Risk Evaluation Tool Ver 3.0 3.6.25.xlsx,Entry- Site SPOF Data,86,263,266,Valid
TPA04,6.01,Yes,X,,Flex Asset EOL and Site Risk Evaluation Tool Ver 3.0 3.6.25.xlsx,Entry- Site SPOF Data,86,267,270,Valid
ABE01,6.02,Yes,x,,Flex Asset EOL and Site Risk Evaluation Tool Ver 3.0 3.6.25.xlsx,Entry- Site SPOF Data,87,7,10,Valid
ATL01,6.02,Yes,X,,Flex Asset EOL and Site Risk Evaluation Tool Ver 3.0 3.6.25.xlsx,Entry- Site SPOF Data,87,11,14,Valid
ATL02,6.02,Yes,X,,Flex Asset EOL and Site Risk Evaluation Tool Ver 3.0 3.6.25.xlsx,Entry- Site SPOF Data,87,15,18,Valid
ATL03,6.02,No,x,,Flex Asset EOL and Site Risk Evaluation Tool Ver 3.0 3.6.25.xlsx,Entry- Site SPOF Data,87,19,22,Valid
ATL04,6.02,N/A,x,,Flex Asset EOL and Site Risk Evaluation Tool Ver 3.0 3.6.25.xlsx,Entry- Site SPOF Data,87,23,26,Valid
ATL05,6.02,Yes,X,Conditioned by RTU,Flex Asset EOL and Site Risk Evaluation Tool Ver 3.0 3.6.25.xlsx,Entry- Site SPOF Data,87,27,30,Valid
CIN01,6.02,Yes,X,,Flex Asset EOL and Site Risk Evaluation Tool Ver 3.0 3.6.25.xlsx,Entry- Site SPOF Data,87,31,34,Valid
CIN02,6.02,Yes,X,,Flex Asset EOL and Site Risk Evaluation Tool Ver 3.0 3.6.25.xlsx,Entry- Site SPOF Data,87,35,38,Valid
CLT01,6.02,Yes,x,,Flex Asset EOL and Site Risk Evaluation Tool Ver 3.0 3.6.25.xlsx,Entry- Site SPOF Data,87,39,42,Valid
CLT02,6.02,Yes,x,,Flex Asset EOL and Site Risk Evaluation Tool Ver 3.0 3.6.25.xlsx,Entry- Site SPOF Data,87,43,46,Valid
CLT03,6.02,Yes,x,,Flex Asset EOL and Site Risk Evaluation Tool Ver 3.0 3.6.25.xlsx,Entry- Site SPOF Data,87,47,50,Valid
CLT04,6.02,Yes,x,,Flex Asset EOL and Site Risk Evaluation Tool Ver 3.0 3.6.25.xlsx,Entry- Site SPOF Data,87,51,54,Valid
CLT05,6.02,Yes,x,,Flex Asset EOL and Site Risk Evaluation Tool Ver 3.0 3.6.25.xlsx,Entry- Site SPOF Data,87,55,58,Valid
DAL01,6.02,N/A,X,Landlord maintains,Flex Asset EOL and Site Risk Evaluation Tool Ver 3.0 3.6.25.xlsx,Entry- Site SPOF Data,87,59,62,Valid
DAL02,6.02,N/A,X,Landlord owned,Flex Asset EOL and Site Risk Evaluation Tool Ver 3.0 3.6.25.xlsx,Entry- Site SPOF Data,87,63,66,Valid
DAL03,6.02,N/A,X,Landlord owned,Flex Asset EOL and Site Risk Evaluation Tool Ver 3.0 3.6.25.xlsx,Entry- Site SPOF Data,87,67,70,Valid
DAL04,6.02,N/A,X,Landlord Owned,Flex Asset EOL and Site Risk Evaluation Tool Ver 3.0 3.6.25.xlsx,Entry- Site SPOF Data,87,71,74,Valid
DAL05,6.02,N/A,X,Landlord owned.,Flex Asset EOL and Site Risk Evaluation Tool Ver 3.0 3.6.25.xlsx,Entry- Site SPOF Data,87,75,78,Valid
DEN02,6.02,No,X,,Flex Asset EOL and Site Risk Evaluation Tool Ver 3.0 3.6.25.xlsx,Entry- Site SPOF Data,87,79,82,Valid
DEN03,6.02,Yes,X,,Flex Asset EOL and Site Risk Evaluation Tool Ver 3.0 3.6.25.xlsx,Entry- Site SPOF Data,87,83,86,Valid
DEN05.01,6.02,Yes,X,,Flex Asset EOL and Site Risk Evaluation Tool Ver 3.0 3.6.25.xlsx,Entry- Site SPOF Data,87,87,90,Valid
DEN05.02,6.02,Yes,X,,Flex Asset EOL and Site Risk Evaluation Tool Ver 3.0 3.6.25.xlsx,Entry- Site SPOF Data,87,91,94,Valid
DEN11,6.02,N/A,x,,Flex Asset EOL and Site Risk Evaluation Tool Ver 3.0 3.6.25.xlsx,Entry- Site SPOF Data,87,95,98,Valid
DFW01,6.02,Yes,X,,Flex Asset EOL and Site Risk Evaluation Tool Ver 3.0 3.6.25.xlsx,Entry- Site SPOF Data,87,99,102,Valid
FLL01,6.02,No,X,,Flex Asset EOL and Site Risk Evaluation Tool Ver 3.0 3.6.25.xlsx,Entry- Site SPOF Data,87,103,106,Valid
FLL02,6.02,No,X,,Flex Asset EOL and Site Risk Evaluation Tool Ver 3.0 3.6.25.xlsx,Entry- Site SPOF Data,87,107,110,Valid
JAX01,6.02,Yes,X,,Flex Asset EOL and Site Risk Evaluation Tool Ver 3.0 3.6.25.xlsx,Entry- Site SPOF Data,87,111,114,Valid
JAX02,6.02,Yes,X,,Flex Asset EOL and Site Risk Evaluation Tool Ver 3.0 3.6.25.xlsx,Entry- Site SPOF Data,87,115,118,Valid
LAS03,6.02,N/A,X,,Flex Asset EOL and Site Risk Evaluation Tool Ver 3.0 3.6.25.xlsx,Entry- Site SPOF Data,87,119,122,Valid
LAS04,6.02,N/A,X,,Flex Asset EOL and Site Risk Evaluation Tool Ver 3.0 3.6.25.xlsx,Entry- Site SPOF Data,87,123,126,Valid
LAS05,6.02,N/A,X,,Flex Asset EOL and Site Risk Evaluation Tool Ver 3.0 3.6.25.xlsx,Entry- Site SPOF Data,87,127,130,Valid
LOU02,6.02,Yes,X,,Flex Asset EOL and Site Risk Evaluation Tool Ver 3.0 3.6.25.xlsx,Entry- Site SPOF Data,87,131,134,Valid
LOU03,6.02,Yes,X,,Flex Asset EOL and Site Risk Evaluation Tool Ver 3.0 3.6.25.xlsx,Entry- Site SPOF Data,87,135,138,Valid
LOU04,6.02,Yes,X,,Flex Asset EOL and Site Risk Evaluation Tool Ver 3.0 3.6.25.xlsx,Entry- Site SPOF Data,87,139,142,Valid
LOU05,6.02,Yes,X,,Flex Asset EOL and Site Risk Evaluation Tool Ver 3.0 3.6.25.xlsx,Entry- Site SPOF Data,87,143,146,Valid
MSP01,6.02,No,X,,Flex Asset EOL and Site Risk Evaluation Tool Ver 3.0 3.6.25.xlsx,Entry- Site SPOF Data,87,147,150,Valid
NAS01,6.02,Yes,x,,Flex Asset EOL and Site Risk Evaluation Tool Ver 3.0 3.6.25.xlsx,Entry- Site SPOF Data,87,151,154,Valid
NAS02,6.02,Yes,x,,Flex Asset EOL and Site Risk Evaluation Tool Ver 3.0 3.6.25.xlsx,Entry- Site SPOF Data,87,155,158,Valid
NAS03,6.02,Yes,x,,Flex Asset EOL and Site Risk Evaluation Tool Ver 3.0 3.6.25.xlsx,Entry- Site SPOF Data,87,159,162,Valid
NAS04,6.02,Yes,x,,Flex Asset EOL and Site Risk Evaluation Tool Ver 3.0 3.6.25.xlsx,Entry- Site SPOF Data,87,163,166,Valid
NAS05,6.02,Yes,x,,Flex Asset EOL and Site Risk Evaluation Tool Ver 3.0 3.6.25.xlsx,Entry- Site SPOF Data,87,167,170,Valid
NAS06,6.02,Yes,x,,Flex Asset EOL and Site Risk Evaluation Tool Ver 3.0 3.6.25.xlsx,Entry- Site SPOF Data,87,171,174,Valid
PDX01.01,6.02,Yes,x,,Flex Asset EOL and Site Risk Evaluation Tool Ver 3.0 3.6.25.xlsx,Entry- Site SPOF Data,87,175,178,Valid
PDX01.02,6.02,Yes,x,,Flex Asset EOL and Site Risk Evaluation Tool Ver 3.0 3.6.25.xlsx,Entry- Site SPOF Data,87,179,182,Valid
PDX02,6.02,Yes,X,,Flex Asset EOL and Site Risk Evaluation Tool Ver 3.0 3.6.25.xlsx,Entry- Site SPOF Data,87,183,186,Valid
PDX03,6.02,Yes,X,,Flex Asset EOL and Site Risk Evaluation Tool Ver 3.0 3.6.25.xlsx,Entry- Site SPOF Data,87,187,190,Valid
PDX04,6.02,Yes,X,,Flex Asset EOL and Site Risk Evaluation Tool Ver 3.0 3.6.25.xlsx,Entry- Site SPOF Data,87,191,194,Valid
PHL01,6.02,Yes,X,,Flex Asset EOL and Site Risk Evaluation Tool Ver 3.0 3.6.25.xlsx,Entry- Site SPOF Data,87,195,198,Valid
PHX01,6.02,No,X,PHOENIX,Flex Asset EOL and Site Risk Evaluation Tool Ver 3.0 3.6.25.xlsx,Entry- Site SPOF Data,87,199,202,Valid
RAL01,6.02,No,X,,Flex Asset EOL and Site Risk Evaluation Tool Ver 3.0 3.6.25.xlsx,Entry- Site SPOF Data,87,203,206,Valid
RAL02,6.02,No,X,,Flex Asset EOL and Site Risk Evaluation Tool Ver 3.0 3.6.25.xlsx,Entry- Site SPOF Data,87,207,210,Valid
RAL03,6.02,No,X,,Flex Asset EOL and Site Risk Evaluation Tool Ver 3.0 3.6.25.xlsx,Entry- Site SPOF Data,87,211,214,Valid
RCH01,6.02,Yes,x,,Flex Asset EOL and Site Risk Evaluation Tool Ver 3.0 3.6.25.xlsx,Entry- Site SPOF Data,87,215,218,Valid
RIC01,6.02,Yes,x,,Flex Asset EOL and Site Risk Evaluation Tool Ver 3.0 3.6.25.xlsx,Entry- Site SPOF Data,87,219,222,Valid
RIC02,6.02,Yes,x,,Flex Asset EOL and Site Risk Evaluation Tool Ver 3.0 3.6.25.xlsx,Entry- Site SPOF Data,87,223,226,Valid
SLC03,6.02,N/A,X,Loading dock and all interior spaces have conditioned air.,Flex Asset EOL and Site Risk Evaluation Tool Ver 3.0 3.6.25.xlsx,Entry- Site SPOF Data,87,227,230,Valid
SLC04.01,6.02,Yes,X,Loading dock areas are climate controlled.,Flex Asset EOL and Site Risk Evaluation Tool Ver 3.0 3.6.25.xlsx,Entry- Site SPOF Data,87,231,234,Valid
SLC04.02,6.02,Yes,X,Loading dock areas are climate controlled.,Flex Asset EOL and Site Risk Evaluation Tool Ver 3.0 3.6.25.xlsx,Entry- Site SPOF Data,87,235,238,Valid
SLC04.03,6.02,Yes,X,Loading dock areas are climate controlled.,Flex Asset EOL and Site Risk Evaluation Tool Ver 3.0 3.6.25.xlsx,Entry- Site SPOF Data,87,239,242,Valid
SLC07,6.02,N/A,X,Loading dock and all interior spaces have conditioned air.,Flex Asset EOL and Site Risk Evaluation Tool Ver 3.0 3.6.25.xlsx,Entry- Site SPOF Data,87,243,246,Valid
SLC09,6.02,Yes,X,Loading dock and all interior spaces have conditioned air.,Flex Asset EOL and Site Risk Evaluation Tool Ver 3.0 3.6.25.xlsx,Entry- Site SPOF Data,87,247,250,Valid
SLC10,6.02,Yes,X,Loading dock and all interior spaces have conditioned air.,Flex Asset EOL and Site Risk Evaluation Tool Ver 3.0 3.6.25.xlsx,Entry- Site SPOF Data,87,251,254,Valid
TPA01,6.02,No,X,,Flex Asset EOL and Site Risk Evaluation Tool Ver 3.0 3.6.25.xlsx,Entry- Site SPOF Data,87,255,258,Valid
TPA02,6.02,No,X,,Flex Asset EOL and Site Risk Evaluation Tool Ver 3.0 3.6.25.xlsx,Entry- Site SPOF Data,87,259,262,Valid
TPA03,6.02,No,X,,Flex Asset EOL and Site Risk Evaluation Tool Ver 3.0 3.6.25.xlsx,Entry- Site SPOF Data,87,263,266,Valid
TPA04,6.02,No,X,,Flex Asset EOL and Site Risk Evaluation Tool Ver 3.0 3.6.25.xlsx,Entry- Site SPOF Data,87,267,270,Valid
ABE01,6.0299999999999994,Yes,x,,Flex Asset EOL and Site Risk Evaluation Tool Ver 3.0 3.6.25.xlsx,Entry- Site SPOF Data,88,7,10,Valid
ATL01,6.0299999999999994,Yes,X,,Flex Asset EOL and Site Risk Evaluation Tool Ver 3.0 3.6.25.xlsx,Entry- Site SPOF Data,88,11,14,Valid
ATL02,6.0299999999999994,Yes,X,,Flex Asset EOL and Site Risk Evaluation Tool Ver 3.0 3.6.25.xlsx,Entry- Site SPOF Data,88,15,18,Valid
ATL03,6.0299999999999994,No,x,Air is controlled by RTU.,Flex Asset EOL and Site Risk Evaluation Tool Ver 3.0 3.6.25.xlsx,Entry- Site SPOF Data,88,19,22,Valid
ATL04,6.0299999999999994,Yes,x,,Flex Asset EOL and Site Risk Evaluation Tool Ver 3.0 3.6.25.xlsx,Entry- Site SPOF Data,88,23,26,Valid
ATL05,6.0299999999999994,Yes,X,Conditioned by RTU and backup Split unit,Flex Asset EOL and Site Risk Evaluation Tool Ver 3.0 3.6.25.xlsx,Entry- Site SPOF Data,88,27,30,Valid
CIN01,6.0299999999999994,Yes,X,,Flex Asset EOL and Site Risk Evaluation Tool Ver 3.0 3.6.25.xlsx,Entry- Site SPOF Data,88,31,34,Valid
CIN02,6.0299999999999994,Yes,X,,Flex Asset EOL and Site Risk Evaluation Tool Ver 3.0 3.6.25.xlsx,Entry- Site SPOF Data,88,35,38,Valid
CLT01,6.0299999999999994,Yes,x,,Flex Asset EOL and Site Risk Evaluation Tool Ver 3.0 3.6.25.xlsx,Entry- Site SPOF Data,88,39,42,Valid
CLT02,6.0299999999999994,Yes,x,,Flex Asset EOL and Site Risk Evaluation Tool Ver 3.0 3.6.25.xlsx,Entry- Site SPOF Data,88,43,46,Valid
CLT03,6.0299999999999994,Yes,x,,Flex Asset EOL and Site Risk Evaluation Tool Ver 3.0 3.6.25.xlsx,Entry- Site SPOF Data,88,47,50,Valid
CLT04,6.0299999999999994,Yes,x,,Flex Asset EOL and Site Risk Evaluation Tool Ver 3.0 3.6.25.xlsx,Entry- Site SPOF Data,88,51,54,Valid
CLT05,6.0299999999999994,Yes,x,,Flex Asset EOL and Site Risk Evaluation Tool Ver 3.0 3.6.25.xlsx,Entry- Site SPOF Data,88,55,58,Valid
DAL01,6.0299999999999994,N/A,X,Sprinkler riser room are in the interior of building.,Flex Asset EOL and Site Risk Evaluation Tool Ver 3.0 3.6.25.xlsx,Entry- Site SPOF Data,88,59,62,Valid
DAL02,6.0299999999999994,Yes,X,Located in the interior of the building.,Flex Asset EOL and Site Risk Evaluation Tool Ver 3.0 3.6.25.xlsx,Entry- Site SPOF Data,88,63,66,Valid
DAL03,6.0299999999999994,Yes,X,Located in the interior of the building.,Flex Asset EOL and Site Risk Evaluation Tool Ver 3.0 3.6.25.xlsx,Entry- Site SPOF Data,88,67,70,Valid
DAL04,6.0299999999999994,Yes,X,All systems are located on interior of building.,Flex Asset EOL and Site Risk Evaluation Tool Ver 3.0 3.6.25.xlsx,Entry- Site SPOF Data,88,71,74,Valid
DAL05,6.0299999999999994,Yes,X,Located on interior of building.,Flex Asset EOL and Site Risk Evaluation Tool Ver 3.0 3.6.25.xlsx,Entry- Site SPOF Data,88,75,78,Valid
DEN02,6.0299999999999994,N/A,X,,Flex Asset EOL and Site Risk Evaluation Tool Ver 3.0 3.6.25.xlsx,Entry- Site SPOF Data,88,79,82,Valid
DEN03,6.0299999999999994,Yes,X,,Flex Asset EOL and Site Risk Evaluation Tool Ver 3.0 3.6.25.xlsx,Entry- Site SPOF Data,88,83,86,Valid
DEN05.01,6.0299999999999994,Yes,X,,Flex Asset EOL and Site Risk Evaluation Tool Ver 3.0 3.6.25.xlsx,Entry- Site SPOF Data,88,87,90,Valid
DEN05.02,6.0299999999999994,Yes,X,,Flex Asset EOL and Site Risk Evaluation Tool Ver 3.0 3.6.25.xlsx,Entry- Site SPOF Data,88,91,94,Valid
DEN11,6.0299999999999994,Yes,x,,Flex Asset EOL and Site Risk Evaluation Tool Ver 3.0 3.6.25.xlsx,Entry- Site SPOF Data,88,95,98,Valid
DFW01,6.0299999999999994,Yes,X,,Flex Asset EOL and Site Risk Evaluation Tool Ver 3.0 3.6.25.xlsx,Entry- Site SPOF Data,88,99,102,Valid
FLL01,6.0299999999999994,No,X,,Flex Asset EOL and Site Risk Evaluation Tool Ver 3.0 3.6.25.xlsx,Entry- Site SPOF Data,88,103,106,Valid
FLL02,6.0299999999999994,No,X,,Flex Asset EOL and Site Risk Evaluation Tool Ver 3.0 3.6.25.xlsx,Entry- Site SPOF Data,88,107,110,Valid
JAX01,6.0299999999999994,Yes,X,,Flex Asset EOL and Site Risk Evaluation Tool Ver 3.0 3.6.25.xlsx,Entry- Site SPOF Data,88,111,114,Valid
JAX02,6.0299999999999994,Yes,X,,Flex Asset EOL and Site Risk Evaluation Tool Ver 3.0 3.6.25.xlsx,Entry- Site SPOF Data,88,115,118,Valid
LAS03,6.0299999999999994,No,X,,Flex Asset EOL and Site Risk Evaluation Tool Ver 3.0 3.6.25.xlsx,Entry- Site SPOF Data,88,119,122,Valid
LAS04,6.0299999999999994,N/A,X,,Flex Asset EOL and Site Risk Evaluation Tool Ver 3.0 3.6.25.xlsx,Entry- Site SPOF Data,88,123,126,Valid
LAS05,6.0299999999999994,N/A,X,FM200 in Colos only,Flex Asset EOL and Site Risk Evaluation Tool Ver 3.0 3.6.25.xlsx,Entry- Site SPOF Data,88,127,130,Valid
LOU02,6.0299999999999994,Yes,X,,Flex Asset EOL and Site Risk Evaluation Tool Ver 3.0 3.6.25.xlsx,Entry- Site SPOF Data,88,131,134,Valid
LOU03,6.0299999999999994,Yes,X,,Flex Asset EOL and Site Risk Evaluation Tool Ver 3.0 3.6.25.xlsx,Entry- Site SPOF Data,88,135,138,Valid
LOU04,6.0299999999999994,Yes,X,,Flex Asset EOL and Site Risk Evaluation Tool Ver 3.0 3.6.25.xlsx,Entry- Site SPOF Data,88,139,142,Valid
LOU05,6.0299999999999994,Yes,X,,Flex Asset EOL and Site Risk Evaluation Tool Ver 3.0 3.6.25.xlsx,Entry- Site SPOF Data,88,143,146,Valid
MSP01,6.0299999999999994,Yes,X,,Flex Asset EOL and Site Risk Evaluation Tool Ver 3.0 3.6.25.xlsx,Entry- Site SPOF Data,88,147,150,Valid
NAS01,6.0299999999999994,Yes,x,,Flex Asset EOL and Site Risk Evaluation Tool Ver 3.0 3.6.25.xlsx,Entry- Site SPOF Data,88,151,154,Valid
NAS02,6.0299999999999994,Yes,x,,Flex Asset EOL and Site Risk Evaluation Tool Ver 3.0 3.6.25.xlsx,Entry- Site SPOF Data,88,155,158,Valid
NAS03,6.0299999999999994,Yes,x,,Flex Asset EOL and Site Risk Evaluation Tool Ver 3.0 3.6.25.xlsx,Entry- Site SPOF Data,88,159,162,Valid
NAS04,6.0299999999999994,Yes,x,,Flex Asset EOL and Site Risk Evaluation Tool Ver 3.0 3.6.25.xlsx,Entry- Site SPOF Data,88,163,166,Valid
NAS05,6.0299999999999994,Yes,x,,Flex Asset EOL and Site Risk Evaluation Tool Ver 3.0 3.6.25.xlsx,Entry- Site SPOF Data,88,167,170,Valid
NAS06,6.0299999999999994,Yes,x,,Flex Asset EOL and Site Risk Evaluation Tool Ver 3.0 3.6.25.xlsx,Entry- Site SPOF Data,88,171,174,Valid
PDX01.01,6.0299999999999994,Yes,x,,Flex Asset EOL and Site Risk Evaluation Tool Ver 3.0 3.6.25.xlsx,Entry- Site SPOF Data,88,175,178,Valid
PDX01.02,6.0299999999999994,Yes,x,,Flex Asset EOL and Site Risk Evaluation Tool Ver 3.0 3.6.25.xlsx,Entry- Site SPOF Data,88,179,182,Valid
PDX02,6.0299999999999994,Yes,X,,Flex Asset EOL and Site Risk Evaluation Tool Ver 3.0 3.6.25.xlsx,Entry- Site SPOF Data,88,183,186,Valid
PDX03,6.0299999999999994,Yes,X,,Flex Asset EOL and Site Risk Evaluation Tool Ver 3.0 3.6.25.xlsx,Entry- Site SPOF Data,88,187,190,Valid
PDX04,6.0299999999999994,Yes,X,,Flex Asset EOL and Site Risk Evaluation Tool Ver 3.0 3.6.25.xlsx,Entry- Site SPOF Data,88,191,194,Valid
PHL01,6.0299999999999994,Yes,X,,Flex Asset EOL and Site Risk Evaluation Tool Ver 3.0 3.6.25.xlsx,Entry- Site SPOF Data,88,195,198,Valid
PHX01,6.0299999999999994,No,X,PHOENIX,Flex Asset EOL and Site Risk Evaluation Tool Ver 3.0 3.6.25.xlsx,Entry- Site SPOF Data,88,199,202,Valid
RAL01,6.0299999999999994,No,X,,Flex Asset EOL and Site Risk Evaluation Tool Ver 3.0 3.6.25.xlsx,Entry- Site SPOF Data,88,203,206,Valid
RAL02,6.0299999999999994,No,X,,Flex Asset EOL and Site Risk Evaluation Tool Ver 3.0 3.6.25.xlsx,Entry- Site SPOF Data,88,207,210,Valid
RAL03,6.0299999999999994,No,X,,Flex Asset EOL and Site Risk Evaluation Tool Ver 3.0 3.6.25.xlsx,Entry- Site SPOF Data,88,211,214,Valid
RCH01,6.0299999999999994,No,x,,Flex Asset EOL and Site Risk Evaluation Tool Ver 3.0 3.6.25.xlsx,Entry- Site SPOF Data,88,215,218,Valid
RIC01,6.0299999999999994,Yes,x,,Flex Asset EOL and Site Risk Evaluation Tool Ver 3.0 3.6.25.xlsx,Entry- Site SPOF Data,88,219,222,Valid
RIC02,6.0299999999999994,Yes,x,,Flex Asset EOL and Site Risk Evaluation Tool Ver 3.0 3.6.25.xlsx,Entry- Site SPOF Data,88,223,226,Valid
SLC03,6.0299999999999994,N/A,X,Sprinkler system is an air conditioned location.,Flex Asset EOL and Site Risk Evaluation Tool Ver 3.0 3.6.25.xlsx,Entry- Site SPOF Data,88,227,230,Valid
SLC04.01,6.0299999999999994,Yes,X,Fire Riser room is climate controlled.,Flex Asset EOL and Site Risk Evaluation Tool Ver 3.0 3.6.25.xlsx,Entry- Site SPOF Data,88,231,234,Valid
SLC04.02,6.0299999999999994,Yes,X,Fire Riser room is climate controlled.,Flex Asset EOL and Site Risk Evaluation Tool Ver 3.0 3.6.25.xlsx,Entry- Site SPOF Data,88,235,238,Valid
SLC04.03,6.0299999999999994,Yes,X,Fire Riser room is climate controlled.,Flex Asset EOL and Site Risk Evaluation Tool Ver 3.0 3.6.25.xlsx,Entry- Site SPOF Data,88,239,242,Valid
SLC07,6.0299999999999994,N/A,X,Sprinkler system is an air conditioned location.,Flex Asset EOL and Site Risk Evaluation Tool Ver 3.0 3.6.25.xlsx,Entry- Site SPOF Data,88,243,246,Valid
SLC09,6.0299999999999994,Yes,X,,Flex Asset EOL and Site Risk Evaluation Tool Ver 3.0 3.6.25.xlsx,Entry- Site SPOF Data,88,247,250,Valid
SLC10,6.0299999999999994,N/A,X,We do not have sprinklers onsite.,Flex Asset EOL and Site Risk Evaluation Tool Ver 3.0 3.6.25.xlsx,Entry- Site SPOF Data,88,251,254,Valid
TPA01,6.0299999999999994,No,X,,Flex Asset EOL and Site Risk Evaluation Tool Ver 3.0 3.6.25.xlsx,Entry- Site SPOF Data,88,255,258,Valid
TPA02,6.0299999999999994,No,X,,Flex Asset EOL and Site Risk Evaluation Tool Ver 3.0 3.6.25.xlsx,Entry- Site SPOF Data,88,259,262,Valid
TPA03,6.0299999999999994,No,X,,Flex Asset EOL and Site Risk Evaluation Tool Ver 3.0 3.6.25.xlsx,Entry- Site SPOF Data,88,263,266,Valid
TPA04,6.0299999999999994,No,X,,Flex Asset EOL and Site Risk Evaluation Tool Ver 3.0 3.6.25.xlsx,Entry- Site SPOF Data,88,267,270,Valid
ABE01,6.0399999999999991,No,x,DC3 - DC6 (NO)  DC7 (Yes),Flex Asset EOL and Site Risk Evaluation Tool Ver 3.0 3.6.25.xlsx,Entry- Site SPOF Data,89,7,10,Valid
ATL01,6.0399999999999991,Yes,X,,Flex Asset EOL and Site Risk Evaluation Tool Ver 3.0 3.6.25.xlsx,Entry- Site SPOF Data,89,11,14,Valid
ATL02,6.0399999999999991,Yes,X,,Flex Asset EOL and Site Risk Evaluation Tool Ver 3.0 3.6.25.xlsx,Entry- Site SPOF Data,89,15,18,Valid
ATL03,6.0399999999999991,Yes,x,,Flex Asset EOL and Site Risk Evaluation Tool Ver 3.0 3.6.25.xlsx,Entry- Site SPOF Data,89,19,22,Valid
ATL04,6.0399999999999991,Yes,x,,Flex Asset EOL and Site Risk Evaluation Tool Ver 3.0 3.6.25.xlsx,Entry- Site SPOF Data,89,23,26,Valid
ATL05,6.0399999999999991,Yes,X,,Flex Asset EOL and Site Risk Evaluation Tool Ver 3.0 3.6.25.xlsx,Entry- Site SPOF Data,89,27,30,Valid
CIN01,6.0399999999999991,Yes,X,,Flex Asset EOL and Site Risk Evaluation Tool Ver 3.0 3.6.25.xlsx,Entry- Site SPOF Data,89,31,34,Valid
CIN02,6.0399999999999991,Yes,X,,Flex Asset EOL and Site Risk Evaluation Tool Ver 3.0 3.6.25.xlsx,Entry- Site SPOF Data,89,35,38,Valid
CLT01,6.0399999999999991,Yes,x,,Flex Asset EOL and Site Risk Evaluation Tool Ver 3.0 3.6.25.xlsx,Entry- Site SPOF Data,89,39,42,Valid
CLT02,6.0399999999999991,Yes,x,,Flex Asset EOL and Site Risk Evaluation Tool Ver 3.0 3.6.25.xlsx,Entry- Site SPOF Data,89,43,46,Valid
CLT03,6.0399999999999991,Yes,x,,Flex Asset EOL and Site Risk Evaluation Tool Ver 3.0 3.6.25.xlsx,Entry- Site SPOF Data,89,47,50,Valid
CLT04,6.0399999999999991,Yes,x,,Flex Asset EOL and Site Risk Evaluation Tool Ver 3.0 3.6.25.xlsx,Entry- Site SPOF Data,89,51,54,Valid
CLT05,6.0399999999999991,Yes,x,,Flex Asset EOL and Site Risk Evaluation Tool Ver 3.0 3.6.25.xlsx,Entry- Site SPOF Data,89,55,58,Valid
DAL01,6.0399999999999991,Yes,X,,Flex Asset EOL and Site Risk Evaluation Tool Ver 3.0 3.6.25.xlsx,Entry- Site SPOF Data,89,59,62,Valid
DAL02,6.0399999999999991,Yes,X,,Flex Asset EOL and Site Risk Evaluation Tool Ver 3.0 3.6.25.xlsx,Entry- Site SPOF Data,89,63,66,Valid
DAL03,6.0399999999999991,Yes,X,,Flex Asset EOL and Site Risk Evaluation Tool Ver 3.0 3.6.25.xlsx,Entry- Site SPOF Data,89,67,70,Valid
DAL04,6.0399999999999991,Yes,X,,Flex Asset EOL and Site Risk Evaluation Tool Ver 3.0 3.6.25.xlsx,Entry- Site SPOF Data,89,71,74,Valid
DAL05,6.0399999999999991,Yes,X,,Flex Asset EOL and Site Risk Evaluation Tool Ver 3.0 3.6.25.xlsx,Entry- Site SPOF Data,89,75,78,Valid
DEN02,6.0399999999999991,Yes,X,,Flex Asset EOL and Site Risk Evaluation Tool Ver 3.0 3.6.25.xlsx,Entry- Site SPOF Data,89,79,82,Valid
DEN03,6.0399999999999991,Yes,X,,Flex Asset EOL and Site Risk Evaluation Tool Ver 3.0 3.6.25.xlsx,Entry- Site SPOF Data,89,83,86,Valid
DEN05.01,6.0399999999999991,Yes,X,,Flex Asset EOL and Site Risk Evaluation Tool Ver 3.0 3.6.25.xlsx,Entry- Site SPOF Data,89,87,90,Valid
DEN05.02,6.0399999999999991,Yes,X,,Flex Asset EOL and Site Risk Evaluation Tool Ver 3.0 3.6.25.xlsx,Entry- Site SPOF Data,89,91,94,Valid
DEN11,6.0399999999999991,Yes,x,,Flex Asset EOL and Site Risk Evaluation Tool Ver 3.0 3.6.25.xlsx,Entry- Site SPOF Data,89,95,98,Valid
DFW01,6.0399999999999991,Yes,X,,Flex Asset EOL and Site Risk Evaluation Tool Ver 3.0 3.6.25.xlsx,Entry- Site SPOF Data,89,99,102,Valid
FLL01,6.0399999999999991,Yes,X,,Flex Asset EOL and Site Risk Evaluation Tool Ver 3.0 3.6.25.xlsx,Entry- Site SPOF Data,89,103,106,Valid
FLL02,6.0399999999999991,Yes,X,,Flex Asset EOL and Site Risk Evaluation Tool Ver 3.0 3.6.25.xlsx,Entry- Site SPOF Data,89,107,110,Valid
JAX01,6.0399999999999991,Yes,X,,Flex Asset EOL and Site Risk Evaluation Tool Ver 3.0 3.6.25.xlsx,Entry- Site SPOF Data,89,111,114,Valid
JAX02,6.0399999999999991,Yes,X,,Flex Asset EOL and Site Risk Evaluation Tool Ver 3.0 3.6.25.xlsx,Entry- Site SPOF Data,89,115,118,Valid
LAS03,6.0399999999999991,Yes,X,,Flex Asset EOL and Site Risk Evaluation Tool Ver 3.0 3.6.25.xlsx,Entry- Site SPOF Data,89,119,122,Valid
LAS04,6.0399999999999991,Yes,X,,Flex Asset EOL and Site Risk Evaluation Tool Ver 3.0 3.6.25.xlsx,Entry- Site SPOF Data,89,123,126,Valid
LAS05,6.0399999999999991,Yes,X,,Flex Asset EOL and Site Risk Evaluation Tool Ver 3.0 3.6.25.xlsx,Entry- Site SPOF Data,89,127,130,Valid
LOU02,6.0399999999999991,Yes,X,,Flex Asset EOL and Site Risk Evaluation Tool Ver 3.0 3.6.25.xlsx,Entry- Site SPOF Data,89,131,134,Valid
LOU03,6.0399999999999991,Yes,X,,Flex Asset EOL and Site Risk Evaluation Tool Ver 3.0 3.6.25.xlsx,Entry- Site SPOF Data,89,135,138,Valid
LOU04,6.0399999999999991,Yes,X,,Flex Asset EOL and Site Risk Evaluation Tool Ver 3.0 3.6.25.xlsx,Entry- Site SPOF Data,89,139,142,Valid
LOU05,6.0399999999999991,Yes,X,,Flex Asset EOL and Site Risk Evaluation Tool Ver 3.0 3.6.25.xlsx,Entry- Site SPOF Data,89,143,146,Valid
MSP01,6.0399999999999991,Yes,X,,Flex Asset EOL and Site Risk Evaluation Tool Ver 3.0 3.6.25.xlsx,Entry- Site SPOF Data,89,147,150,Valid
NAS01,6.0399999999999991,Yes,X,,Flex Asset EOL and Site Risk Evaluation Tool Ver 3.0 3.6.25.xlsx,Entry- Site SPOF Data,89,151,154,Valid
NAS02,6.0399999999999991,Yes,x,,Flex Asset EOL and Site Risk Evaluation Tool Ver 3.0 3.6.25.xlsx,Entry- Site SPOF Data,89,155,158,Valid
NAS03,6.0399999999999991,Yes,X,,Flex Asset EOL and Site Risk Evaluation Tool Ver 3.0 3.6.25.xlsx,Entry- Site SPOF Data,89,159,162,Valid
NAS04,6.0399999999999991,Yes,X,,Flex Asset EOL and Site Risk Evaluation Tool Ver 3.0 3.6.25.xlsx,Entry- Site SPOF Data,89,163,166,Valid
NAS05,6.0399999999999991,Yes,X,,Flex Asset EOL and Site Risk Evaluation Tool Ver 3.0 3.6.25.xlsx,Entry- Site SPOF Data,89,167,170,Valid
NAS06,6.0399999999999991,Yes,X,,Flex Asset EOL and Site Risk Evaluation Tool Ver 3.0 3.6.25.xlsx,Entry- Site SPOF Data,89,171,174,Valid
PDX01.01,6.0399999999999991,Yes,X,,Flex Asset EOL and Site Risk Evaluation Tool Ver 3.0 3.6.25.xlsx,Entry- Site SPOF Data,89,175,178,Valid
PDX01.02,6.0399999999999991,Yes,X,,Flex Asset EOL and Site Risk Evaluation Tool Ver 3.0 3.6.25.xlsx,Entry- Site SPOF Data,89,179,182,Valid
PDX02,6.0399999999999991,Yes,X,,Flex Asset EOL and Site Risk Evaluation Tool Ver 3.0 3.6.25.xlsx,Entry- Site SPOF Data,89,183,186,Valid
PDX03,6.0399999999999991,Yes,X,,Flex Asset EOL and Site Risk Evaluation Tool Ver 3.0 3.6.25.xlsx,Entry- Site SPOF Data,89,187,190,Valid
PDX04,6.0399999999999991,Yes,X,,Flex Asset EOL and Site Risk Evaluation Tool Ver 3.0 3.6.25.xlsx,Entry- Site SPOF Data,89,191,194,Valid
PHL01,6.0399999999999991,Yes,X,,Flex Asset EOL and Site Risk Evaluation Tool Ver 3.0 3.6.25.xlsx,Entry- Site SPOF Data,89,195,198,Valid
PHX01,6.0399999999999991,Yes,X,,Flex Asset EOL and Site Risk Evaluation Tool Ver 3.0 3.6.25.xlsx,Entry- Site SPOF Data,89,199,202,Valid
RAL01,6.0399999999999991,No,X,,Flex Asset EOL and Site Risk Evaluation Tool Ver 3.0 3.6.25.xlsx,Entry- Site SPOF Data,89,203,206,Valid
RAL02,6.0399999999999991,No,X,,Flex Asset EOL and Site Risk Evaluation Tool Ver 3.0 3.6.25.xlsx,Entry- Site SPOF Data,89,207,210,Valid
RAL03,6.0399999999999991,No,X,,Flex Asset EOL and Site Risk Evaluation Tool Ver 3.0 3.6.25.xlsx,Entry- Site SPOF Data,89,211,214,Valid
RCH01,6.0399999999999991,Yes,x,,Flex Asset EOL and Site Risk Evaluation Tool Ver 3.0 3.6.25.xlsx,Entry- Site SPOF Data,89,215,218,Valid
RIC01,6.0399999999999991,Yes,x,,Flex Asset EOL and Site Risk Evaluation Tool Ver 3.0 3.6.25.xlsx,Entry- Site SPOF Data,89,219,222,Valid
RIC02,6.0399999999999991,Yes,x,,Flex Asset EOL and Site Risk Evaluation Tool Ver 3.0 3.6.25.xlsx,Entry- Site SPOF Data,89,223,226,Valid
SLC03,6.0399999999999991,Yes,X,There is no automatic fire protection in the power room or the battery room.,Flex Asset EOL and Site Risk Evaluation Tool Ver 3.0 3.6.25.xlsx,Entry- Site SPOF Data,89,227,230,Valid
SLC04.01,6.0399999999999991,Yes,X,,Flex Asset EOL and Site Risk Evaluation Tool Ver 3.0 3.6.25.xlsx,Entry- Site SPOF Data,89,231,234,Valid
SLC04.02,6.0399999999999991,Yes,X,,Flex Asset EOL and Site Risk Evaluation Tool Ver 3.0 3.6.25.xlsx,Entry- Site SPOF Data,89,235,238,Valid
SLC04.03,6.0399999999999991,Yes,X,,Flex Asset EOL and Site Risk Evaluation Tool Ver 3.0 3.6.25.xlsx,Entry- Site SPOF Data,89,239,242,Valid
SLC07,6.0399999999999991,Yes,X,There is no automatic fire protection in the power room or the battery room.,Flex Asset EOL and Site Risk Evaluation Tool Ver 3.0 3.6.25.xlsx,Entry- Site SPOF Data,89,243,246,Valid
SLC09,6.0399999999999991,No,X,Power rooms are Intergen gas systems.,Flex Asset EOL and Site Risk Evaluation Tool Ver 3.0 3.6.25.xlsx,Entry- Site SPOF Data,89,247,250,Valid
SLC10,6.0399999999999991,No,X,Power rooms are Intergen gas systems.,Flex Asset EOL and Site Risk Evaluation Tool Ver 3.0 3.6.25.xlsx,Entry- Site SPOF Data,89,251,254,Valid
TPA01,6.0399999999999991,Yes,X,,Flex Asset EOL and Site Risk Evaluation Tool Ver 3.0 3.6.25.xlsx,Entry- Site SPOF Data,89,255,258,Valid
TPA02,6.0399999999999991,Yes,X,,Flex Asset EOL and Site Risk Evaluation Tool Ver 3.0 3.6.25.xlsx,Entry- Site SPOF Data,89,259,262,Valid
TPA03,6.0399999999999991,Yes,X,,Flex Asset EOL and Site Risk Evaluation Tool Ver 3.0 3.6.25.xlsx,Entry- Site SPOF Data,89,263,266,Valid
TPA04,6.0399999999999991,Yes,X,,Flex Asset EOL and Site Risk Evaluation Tool Ver 3.0 3.6.25.xlsx,Entry- Site SPOF Data,89,267,270,Valid
ABE01,6.0499999999999989,No,x,,Flex Asset EOL and Site Risk Evaluation Tool Ver 3.0 3.6.25.xlsx,Entry- Site SPOF Data,90,7,10,Valid
ATL01,6.0499999999999989,Yes,X,,Flex Asset EOL and Site Risk Evaluation Tool Ver 3.0 3.6.25.xlsx,Entry- Site SPOF Data,90,11,14,Valid
ATL02,6.0499999999999989,Yes,X,,Flex Asset EOL and Site Risk Evaluation Tool Ver 3.0 3.6.25.xlsx,Entry- Site SPOF Data,90,15,18,Valid
ATL03,6.0499999999999989,Yes,x,,Flex Asset EOL and Site Risk Evaluation Tool Ver 3.0 3.6.25.xlsx,Entry- Site SPOF Data,90,19,22,Valid
ATL04,6.0499999999999989,Yes,x,,Flex Asset EOL and Site Risk Evaluation Tool Ver 3.0 3.6.25.xlsx,Entry- Site SPOF Data,90,23,26,Valid
ATL05,6.0499999999999989,Yes,X,,Flex Asset EOL and Site Risk Evaluation Tool Ver 3.0 3.6.25.xlsx,Entry- Site SPOF Data,90,27,30,Valid
CIN01,6.0499999999999989,Yes,x,,Flex Asset EOL and Site Risk Evaluation Tool Ver 3.0 3.6.25.xlsx,Entry- Site SPOF Data,90,31,34,Valid
CIN02,6.0499999999999989,Yes,x,,Flex Asset EOL and Site Risk Evaluation Tool Ver 3.0 3.6.25.xlsx,Entry- Site SPOF Data,90,35,38,Valid
CLT01,6.0499999999999989,Yes,x,Inside the TAC,Flex Asset EOL and Site Risk Evaluation Tool Ver 3.0 3.6.25.xlsx,Entry- Site SPOF Data,90,39,42,Valid
CLT02,6.0499999999999989,Yes,x,Inside the TAC,Flex Asset EOL and Site Risk Evaluation Tool Ver 3.0 3.6.25.xlsx,Entry- Site SPOF Data,90,43,46,Valid
CLT03,6.0499999999999989,Yes,x,Inside the TAC,Flex Asset EOL and Site Risk Evaluation Tool Ver 3.0 3.6.25.xlsx,Entry- Site SPOF Data,90,47,50,Valid
CLT04,6.0499999999999989,Yes,x,,Flex Asset EOL and Site Risk Evaluation Tool Ver 3.0 3.6.25.xlsx,Entry- Site SPOF Data,90,51,54,Valid
CLT05,6.0499999999999989,Yes,x,,Flex Asset EOL and Site Risk Evaluation Tool Ver 3.0 3.6.25.xlsx,Entry- Site SPOF Data,90,55,58,Valid
DAL01,6.0499999999999989,No,X,Preaction here are not zoned.,Flex Asset EOL and Site Risk Evaluation Tool Ver 3.0 3.6.25.xlsx,Entry- Site SPOF Data,90,59,62,Valid
DAL02,6.0499999999999989,No,X,Preaction here are not zoned.,Flex Asset EOL and Site Risk Evaluation Tool Ver 3.0 3.6.25.xlsx,Entry- Site SPOF Data,90,63,66,Valid
DAL03,6.0499999999999989,Yes,X,Preaction here are not zoned would cover all of DAL03.,Flex Asset EOL and Site Risk Evaluation Tool Ver 3.0 3.6.25.xlsx,Entry- Site SPOF Data,90,67,70,Valid
DAL04,6.0499999999999989,No,X,Preaction here are not zoned.,Flex Asset EOL and Site Risk Evaluation Tool Ver 3.0 3.6.25.xlsx,Entry- Site SPOF Data,90,71,74,Valid
DAL05,6.0499999999999989,No,X,Preaction here are not zoned.,Flex Asset EOL and Site Risk Evaluation Tool Ver 3.0 3.6.25.xlsx,Entry- Site SPOF Data,90,75,78,Valid
DEN02,6.0499999999999989,Yes,X,,Flex Asset EOL and Site Risk Evaluation Tool Ver 3.0 3.6.25.xlsx,Entry- Site SPOF Data,90,79,82,Valid
DEN03,6.0499999999999989,No,X,,Flex Asset EOL and Site Risk Evaluation Tool Ver 3.0 3.6.25.xlsx,Entry- Site SPOF Data,90,83,86,Valid
DEN05.01,6.0499999999999989,Yes,X,,Flex Asset EOL and Site Risk Evaluation Tool Ver 3.0 3.6.25.xlsx,Entry- Site SPOF Data,90,87,90,Valid
DEN05.02,6.0499999999999989,Yes,X,,Flex Asset EOL and Site Risk Evaluation Tool Ver 3.0 3.6.25.xlsx,Entry- Site SPOF Data,90,91,94,Valid
DEN11,6.0499999999999989,Yes,x,,Flex Asset EOL and Site Risk Evaluation Tool Ver 3.0 3.6.25.xlsx,Entry- Site SPOF Data,90,95,98,Valid
DFW01,6.0499999999999989,Yes,X,,Flex Asset EOL and Site Risk Evaluation Tool Ver 3.0 3.6.25.xlsx,Entry- Site SPOF Data,90,99,102,Valid
FLL01,6.0499999999999989,Yes,X,,Flex Asset EOL and Site Risk Evaluation Tool Ver 3.0 3.6.25.xlsx,Entry- Site SPOF Data,90,103,106,Valid
FLL02,6.0499999999999989,Yes,X,,Flex Asset EOL and Site Risk Evaluation Tool Ver 3.0 3.6.25.xlsx,Entry- Site SPOF Data,90,107,110,Valid
JAX01,6.0499999999999989,Yes,X,,Flex Asset EOL and Site Risk Evaluation Tool Ver 3.0 3.6.25.xlsx,Entry- Site SPOF Data,90,111,114,Valid
JAX02,6.0499999999999989,Yes,X,,Flex Asset EOL and Site Risk Evaluation Tool Ver 3.0 3.6.25.xlsx,Entry- Site SPOF Data,90,115,118,Valid
LAS03,6.0499999999999989,No,X,,Flex Asset EOL and Site Risk Evaluation Tool Ver 3.0 3.6.25.xlsx,Entry- Site SPOF Data,90,119,122,Valid
LAS04,6.0499999999999989,No,X,,Flex Asset EOL and Site Risk Evaluation Tool Ver 3.0 3.6.25.xlsx,Entry- Site SPOF Data,90,123,126,Valid
LAS05,6.0499999999999989,N/A,X,Each Zone has a map of coverage at locations,Flex Asset EOL and Site Risk Evaluation Tool Ver 3.0 3.6.25.xlsx,Entry- Site SPOF Data,90,127,130,Valid
LOU02,6.0499999999999989,Yes,x,,Flex Asset EOL and Site Risk Evaluation Tool Ver 3.0 3.6.25.xlsx,Entry- Site SPOF Data,90,131,134,Valid
LOU03,6.0499999999999989,Yes,x,,Flex Asset EOL and Site Risk Evaluation Tool Ver 3.0 3.6.25.xlsx,Entry- Site SPOF Data,90,135,138,Valid
LOU04,6.0499999999999989,Yes,x,,Flex Asset EOL and Site Risk Evaluation Tool Ver 3.0 3.6.25.xlsx,Entry- Site SPOF Data,90,139,142,Valid
LOU05,6.0499999999999989,Yes,x,,Flex Asset EOL and Site Risk Evaluation Tool Ver 3.0 3.6.25.xlsx,Entry- Site SPOF Data,90,143,146,Valid
MSP01,6.0499999999999989,Yes,X,,Flex Asset EOL and Site Risk Evaluation Tool Ver 3.0 3.6.25.xlsx,Entry- Site SPOF Data,90,147,150,Valid
NAS01,6.0499999999999989,Yes,x,,Flex Asset EOL and Site Risk Evaluation Tool Ver 3.0 3.6.25.xlsx,Entry- Site SPOF Data,90,151,154,Valid
NAS02,6.0499999999999989,Yes,x,,Flex Asset EOL and Site Risk Evaluation Tool Ver 3.0 3.6.25.xlsx,Entry- Site SPOF Data,90,155,158,Valid
NAS03,6.0499999999999989,Yes,x,,Flex Asset EOL and Site Risk Evaluation Tool Ver 3.0 3.6.25.xlsx,Entry- Site SPOF Data,90,159,162,Valid
NAS04,6.0499999999999989,Yes,x,,Flex Asset EOL and Site Risk Evaluation Tool Ver 3.0 3.6.25.xlsx,Entry- Site SPOF Data,90,163,166,Valid
NAS05,6.0499999999999989,Yes,x,,Flex Asset EOL and Site Risk Evaluation Tool Ver 3.0 3.6.25.xlsx,Entry- Site SPOF Data,90,167,170,Valid
NAS06,6.0499999999999989,Yes,x,,Flex Asset EOL and Site Risk Evaluation Tool Ver 3.0 3.6.25.xlsx,Entry- Site SPOF Data,90,171,174,Valid
PDX01.01,6.0499999999999989,Yes,x,,Flex Asset EOL and Site Risk Evaluation Tool Ver 3.0 3.6.25.xlsx,Entry- Site SPOF Data,90,175,178,Valid
PDX01.02,6.0499999999999989,Yes,x,,Flex Asset EOL and Site Risk Evaluation Tool Ver 3.0 3.6.25.xlsx,Entry- Site SPOF Data,90,179,182,Valid
PDX02,6.0499999999999989,Yes,X,,Flex Asset EOL and Site Risk Evaluation Tool Ver 3.0 3.6.25.xlsx,Entry- Site SPOF Data,90,183,186,Valid
PDX03,6.0499999999999989,Yes,X,,Flex Asset EOL and Site Risk Evaluation Tool Ver 3.0 3.6.25.xlsx,Entry- Site SPOF Data,90,187,190,Valid
PDX04,6.0499999999999989,Yes,X,,Flex Asset EOL and Site Risk Evaluation Tool Ver 3.0 3.6.25.xlsx,Entry- Site SPOF Data,90,191,194,Valid
PHL01,6.0499999999999989,No,X,Each riser is labeled to the area it covers,Flex Asset EOL and Site Risk Evaluation Tool Ver 3.0 3.6.25.xlsx,Entry- Site SPOF Data,90,195,198,Valid
PHX01,6.0499999999999989,Yes,X,,Flex Asset EOL and Site Risk Evaluation Tool Ver 3.0 3.6.25.xlsx,Entry- Site SPOF Data,90,199,202,Valid
RAL01,6.0499999999999989,Yes,X,,Flex Asset EOL and Site Risk Evaluation Tool Ver 3.0 3.6.25.xlsx,Entry- Site SPOF Data,90,203,206,Valid
RAL02,6.0499999999999989,Yes,X,,Flex Asset EOL and Site Risk Evaluation Tool Ver 3.0 3.6.25.xlsx,Entry- Site SPOF Data,90,207,210,Valid
RAL03,6.0499999999999989,Yes,X,,Flex Asset EOL and Site Risk Evaluation Tool Ver 3.0 3.6.25.xlsx,Entry- Site SPOF Data,90,211,214,Valid
RCH01,6.0499999999999989,Yes,x,,Flex Asset EOL and Site Risk Evaluation Tool Ver 3.0 3.6.25.xlsx,Entry- Site SPOF Data,90,215,218,Valid
RIC01,6.0499999999999989,Yes,x,,Flex Asset EOL and Site Risk Evaluation Tool Ver 3.0 3.6.25.xlsx,Entry- Site SPOF Data,90,219,222,Valid
RIC02,6.0499999999999989,Yes,x,,Flex Asset EOL and Site Risk Evaluation Tool Ver 3.0 3.6.25.xlsx,Entry- Site SPOF Data,90,223,226,Valid
SLC03,6.0499999999999989,No,X,,Flex Asset EOL and Site Risk Evaluation Tool Ver 3.0 3.6.25.xlsx,Entry- Site SPOF Data,90,227,230,Valid
SLC04.01,6.0499999999999989,No,X,,Flex Asset EOL and Site Risk Evaluation Tool Ver 3.0 3.6.25.xlsx,Entry- Site SPOF Data,90,231,234,Valid
SLC04.02,6.0499999999999989,No,X,,Flex Asset EOL and Site Risk Evaluation Tool Ver 3.0 3.6.25.xlsx,Entry- Site SPOF Data,90,235,238,Valid
SLC04.03,6.0499999999999989,No,X,,Flex Asset EOL and Site Risk Evaluation Tool Ver 3.0 3.6.25.xlsx,Entry- Site SPOF Data,90,239,242,Valid
SLC07,6.0499999999999989,No,X,,Flex Asset EOL and Site Risk Evaluation Tool Ver 3.0 3.6.25.xlsx,Entry- Site SPOF Data,90,243,246,Valid
SLC09,6.0499999999999989,No,X,,Flex Asset EOL and Site Risk Evaluation Tool Ver 3.0 3.6.25.xlsx,Entry- Site SPOF Data,90,247,250,Valid
SLC10,6.0499999999999989,No,X,,Flex Asset EOL and Site Risk Evaluation Tool Ver 3.0 3.6.25.xlsx,Entry- Site SPOF Data,90,251,254,Valid
TPA01,6.0499999999999989,Yes,X,,Flex Asset EOL and Site Risk Evaluation Tool Ver 3.0 3.6.25.xlsx,Entry- Site SPOF Data,90,255,258,Valid
TPA02,6.0499999999999989,Yes,X,,Flex Asset EOL and Site Risk Evaluation Tool Ver 3.0 3.6.25.xlsx,Entry- Site SPOF Data,90,259,262,Valid
TPA03,6.0499999999999989,Yes,X,,Flex Asset EOL and Site Risk Evaluation Tool Ver 3.0 3.6.25.xlsx,Entry- Site SPOF Data,90,263,266,Valid
TPA04,6.0499999999999989,Yes,X,,Flex Asset EOL and Site Risk Evaluation Tool Ver 3.0 3.6.25.xlsx,Entry- Site SPOF Data,90,267,270,Valid
ABE01,6.0599999999999987,No,x,,Flex Asset EOL and Site Risk Evaluation Tool Ver 3.0 3.6.25.xlsx,Entry- Site SPOF Data,91,7,10,Valid
ATL01,6.0599999999999987,Yes,X,,Flex Asset EOL and Site Risk Evaluation Tool Ver 3.0 3.6.25.xlsx,Entry- Site SPOF Data,91,11,14,Valid
ATL02,6.0599999999999987,Yes,X,,Flex Asset EOL and Site Risk Evaluation Tool Ver 3.0 3.6.25.xlsx,Entry- Site SPOF Data,91,15,18,Valid
ATL03,6.0599999999999987,Yes,x,,Flex Asset EOL and Site Risk Evaluation Tool Ver 3.0 3.6.25.xlsx,Entry- Site SPOF Data,91,19,22,Valid
ATL04,6.0599999999999987,Yes,x,,Flex Asset EOL and Site Risk Evaluation Tool Ver 3.0 3.6.25.xlsx,Entry- Site SPOF Data,91,23,26,Valid
ATL05,6.0599999999999987,Yes,X,,Flex Asset EOL and Site Risk Evaluation Tool Ver 3.0 3.6.25.xlsx,Entry- Site SPOF Data,91,27,30,Valid
CIN01,6.0599999999999987,Yes,X,,Flex Asset EOL and Site Risk Evaluation Tool Ver 3.0 3.6.25.xlsx,Entry- Site SPOF Data,91,31,34,Valid
CIN02,6.0599999999999987,Yes,X,,Flex Asset EOL and Site Risk Evaluation Tool Ver 3.0 3.6.25.xlsx,Entry- Site SPOF Data,91,35,38,Valid
CLT01,6.0599999999999987,Yes,x,,Flex Asset EOL and Site Risk Evaluation Tool Ver 3.0 3.6.25.xlsx,Entry- Site SPOF Data,91,39,42,Valid
CLT02,6.0599999999999987,Yes,x,,Flex Asset EOL and Site Risk Evaluation Tool Ver 3.0 3.6.25.xlsx,Entry- Site SPOF Data,91,43,46,Valid
CLT03,6.0599999999999987,Yes,x,,Flex Asset EOL and Site Risk Evaluation Tool Ver 3.0 3.6.25.xlsx,Entry- Site SPOF Data,91,47,50,Valid
CLT04,6.0599999999999987,Yes,x,,Flex Asset EOL and Site Risk Evaluation Tool Ver 3.0 3.6.25.xlsx,Entry- Site SPOF Data,91,51,54,Valid
CLT05,6.0599999999999987,Yes,x,,Flex Asset EOL and Site Risk Evaluation Tool Ver 3.0 3.6.25.xlsx,Entry- Site SPOF Data,91,55,58,Valid
DAL01,6.0599999999999987,No,X,If refered to smokes we do have fireworks system in NOC.,Flex Asset EOL and Site Risk Evaluation Tool Ver 3.0 3.6.25.xlsx,Entry- Site SPOF Data,91,59,62,Valid
DAL02,6.0599999999999987,Yes,X,If refered to smokes we do have fireworks system in NOC.,Flex Asset EOL and Site Risk Evaluation Tool Ver 3.0 3.6.25.xlsx,Entry- Site SPOF Data,91,63,66,Valid
DAL03,6.0599999999999987,Yes,X,If refered to smokes we do have fireworks system in NOC.,Flex Asset EOL and Site Risk Evaluation Tool Ver 3.0 3.6.25.xlsx,Entry- Site SPOF Data,91,67,70,Valid
DAL04,6.0599999999999987,No,X,If refered to smokes we do have fireworks system in NOC.,Flex Asset EOL and Site Risk Evaluation Tool Ver 3.0 3.6.25.xlsx,Entry- Site SPOF Data,91,71,74,Valid
DAL05,6.0599999999999987,Yes,X,If refered to smokes we do have fireworks system in NOC.,Flex Asset EOL and Site Risk Evaluation Tool Ver 3.0 3.6.25.xlsx,Entry- Site SPOF Data,91,75,78,Valid
DEN02,6.0599999999999987,Yes,X,,Flex Asset EOL and Site Risk Evaluation Tool Ver 3.0 3.6.25.xlsx,Entry- Site SPOF Data,91,79,82,Valid
DEN03,6.0599999999999987,Yes,X,,Flex Asset EOL and Site Risk Evaluation Tool Ver 3.0 3.6.25.xlsx,Entry- Site SPOF Data,91,83,86,Valid
DEN05.01,6.0599999999999987,Yes,X,,Flex Asset EOL and Site Risk Evaluation Tool Ver 3.0 3.6.25.xlsx,Entry- Site SPOF Data,91,87,90,Valid
DEN05.02,6.0599999999999987,Yes,X,,Flex Asset EOL and Site Risk Evaluation Tool Ver 3.0 3.6.25.xlsx,Entry- Site SPOF Data,91,91,94,Valid
DEN11,6.0599999999999987,Yes,x,,Flex Asset EOL and Site Risk Evaluation Tool Ver 3.0 3.6.25.xlsx,Entry- Site SPOF Data,91,95,98,Valid
DFW01,6.0599999999999987,Yes,X,,Flex Asset EOL and Site Risk Evaluation Tool Ver 3.0 3.6.25.xlsx,Entry- Site SPOF Data,91,99,102,Valid
FLL01,6.0599999999999987,Yes,X,,Flex Asset EOL and Site Risk Evaluation Tool Ver 3.0 3.6.25.xlsx,Entry- Site SPOF Data,91,103,106,Valid
FLL02,6.0599999999999987,Yes,X,,Flex Asset EOL and Site Risk Evaluation Tool Ver 3.0 3.6.25.xlsx,Entry- Site SPOF Data,91,107,110,Valid
JAX01,6.0599999999999987,Yes,X,,Flex Asset EOL and Site Risk Evaluation Tool Ver 3.0 3.6.25.xlsx,Entry- Site SPOF Data,91,111,114,Valid
JAX02,6.0599999999999987,Yes,X,,Flex Asset EOL and Site Risk Evaluation Tool Ver 3.0 3.6.25.xlsx,Entry- Site SPOF Data,91,115,118,Valid
LAS03,6.0599999999999987,No,X,,Flex Asset EOL and Site Risk Evaluation Tool Ver 3.0 3.6.25.xlsx,Entry- Site SPOF Data,91,119,122,Valid
LAS04,6.0599999999999987,No,X,,Flex Asset EOL and Site Risk Evaluation Tool Ver 3.0 3.6.25.xlsx,Entry- Site SPOF Data,91,123,126,Valid
LAS05,6.0599999999999987,Yes,X,,Flex Asset EOL and Site Risk Evaluation Tool Ver 3.0 3.6.25.xlsx,Entry- Site SPOF Data,91,127,130,Valid
LOU02,6.0599999999999987,Yes,X,,Flex Asset EOL and Site Risk Evaluation Tool Ver 3.0 3.6.25.xlsx,Entry- Site SPOF Data,91,131,134,Valid
LOU03,6.0599999999999987,Yes,X,,Flex Asset EOL and Site Risk Evaluation Tool Ver 3.0 3.6.25.xlsx,Entry- Site SPOF Data,91,135,138,Valid
LOU04,6.0599999999999987,Yes,X,,Flex Asset EOL and Site Risk Evaluation Tool Ver 3.0 3.6.25.xlsx,Entry- Site SPOF Data,91,139,142,Valid
LOU05,6.0599999999999987,Yes,X,,Flex Asset EOL and Site Risk Evaluation Tool Ver 3.0 3.6.25.xlsx,Entry- Site SPOF Data,91,143,146,Valid
MSP01,6.0599999999999987,Yes,X,,Flex Asset EOL and Site Risk Evaluation Tool Ver 3.0 3.6.25.xlsx,Entry- Site SPOF Data,91,147,150,Valid
NAS01,6.0599999999999987,Yes,X,,Flex Asset EOL and Site Risk Evaluation Tool Ver 3.0 3.6.25.xlsx,Entry- Site SPOF Data,91,151,154,Valid
NAS02,6.0599999999999987,Yes,x,,Flex Asset EOL and Site Risk Evaluation Tool Ver 3.0 3.6.25.xlsx,Entry- Site SPOF Data,91,155,158,Valid
NAS03,6.0599999999999987,Yes,X,,Flex Asset EOL and Site Risk Evaluation Tool Ver 3.0 3.6.25.xlsx,Entry- Site SPOF Data,91,159,162,Valid
NAS04,6.0599999999999987,Yes,X,,Flex Asset EOL and Site Risk Evaluation Tool Ver 3.0 3.6.25.xlsx,Entry- Site SPOF Data,91,163,166,Valid
NAS05,6.0599999999999987,Yes,X,,Flex Asset EOL and Site Risk Evaluation Tool Ver 3.0 3.6.25.xlsx,Entry- Site SPOF Data,91,167,170,Valid
NAS06,6.0599999999999987,Yes,X,,Flex Asset EOL and Site Risk Evaluation Tool Ver 3.0 3.6.25.xlsx,Entry- Site SPOF Data,91,171,174,Valid
PDX01.01,6.0599999999999987,Yes,X,,Flex Asset EOL and Site Risk Evaluation Tool Ver 3.0 3.6.25.xlsx,Entry- Site SPOF Data,91,175,178,Valid
PDX01.02,6.0599999999999987,Yes,X,,Flex Asset EOL and Site Risk Evaluation Tool Ver 3.0 3.6.25.xlsx,Entry- Site SPOF Data,91,179,182,Valid
PDX02,6.0599999999999987,Yes,X,,Flex Asset EOL and Site Risk Evaluation Tool Ver 3.0 3.6.25.xlsx,Entry- Site SPOF Data,91,183,186,Valid
PDX03,6.0599999999999987,Yes,X,,Flex Asset EOL and Site Risk Evaluation Tool Ver 3.0 3.6.25.xlsx,Entry- Site SPOF Data,91,187,190,Valid
PDX04,6.0599999999999987,Yes,X,,Flex Asset EOL and Site Risk Evaluation Tool Ver 3.0 3.6.25.xlsx,Entry- Site SPOF Data,91,191,194,Valid
PHL01,6.0599999999999987,Yes,X,,Flex Asset EOL and Site Risk Evaluation Tool Ver 3.0 3.6.25.xlsx,Entry- Site SPOF Data,91,195,198,Valid
PHX01,6.0599999999999987,Yes,X,,Flex Asset EOL and Site Risk Evaluation Tool Ver 3.0 3.6.25.xlsx,Entry- Site SPOF Data,91,199,202,Valid
RAL01,6.0599999999999987,Yes,X,,Flex Asset EOL and Site Risk Evaluation Tool Ver 3.0 3.6.25.xlsx,Entry- Site SPOF Data,91,203,206,Valid
RAL02,6.0599999999999987,Yes,X,,Flex Asset EOL and Site Risk Evaluation Tool Ver 3.0 3.6.25.xlsx,Entry- Site SPOF Data,91,207,210,Valid
RAL03,6.0599999999999987,Yes,X,,Flex Asset EOL and Site Risk Evaluation Tool Ver 3.0 3.6.25.xlsx,Entry- Site SPOF Data,91,211,214,Valid
RCH01,6.0599999999999987,Yes,x,,Flex Asset EOL and Site Risk Evaluation Tool Ver 3.0 3.6.25.xlsx,Entry- Site SPOF Data,91,215,218,Valid
RIC01,6.0599999999999987,Yes,x,,Flex Asset EOL and Site Risk Evaluation Tool Ver 3.0 3.6.25.xlsx,Entry- Site SPOF Data,91,219,222,Valid
RIC02,6.0599999999999987,Yes,x,,Flex Asset EOL and Site Risk Evaluation Tool Ver 3.0 3.6.25.xlsx,Entry- Site SPOF Data,91,223,226,Valid
SLC03,6.0599999999999987,No,X,,Flex Asset EOL and Site Risk Evaluation Tool Ver 3.0 3.6.25.xlsx,Entry- Site SPOF Data,91,227,230,Valid
SLC04.01,6.0599999999999987,No,X,,Flex Asset EOL and Site Risk Evaluation Tool Ver 3.0 3.6.25.xlsx,Entry- Site SPOF Data,91,231,234,Valid
SLC04.02,6.0599999999999987,No,X,,Flex Asset EOL and Site Risk Evaluation Tool Ver 3.0 3.6.25.xlsx,Entry- Site SPOF Data,91,235,238,Valid
SLC04.03,6.0599999999999987,No,X,,Flex Asset EOL and Site Risk Evaluation Tool Ver 3.0 3.6.25.xlsx,Entry- Site SPOF Data,91,239,242,Valid
SLC07,6.0599999999999987,No,X,,Flex Asset EOL and Site Risk Evaluation Tool Ver 3.0 3.6.25.xlsx,Entry- Site SPOF Data,91,243,246,Valid
SLC09,6.0599999999999987,No,X,,Flex Asset EOL and Site Risk Evaluation Tool Ver 3.0 3.6.25.xlsx,Entry- Site SPOF Data,91,247,250,Valid
SLC10,6.0599999999999987,No,X,,Flex Asset EOL and Site Risk Evaluation Tool Ver 3.0 3.6.25.xlsx,Entry- Site SPOF Data,91,251,254,Valid
TPA01,6.0599999999999987,Yes,X,,Flex Asset EOL and Site Risk Evaluation Tool Ver 3.0 3.6.25.xlsx,Entry- Site SPOF Data,91,255,258,Valid
TPA02,6.0599999999999987,Yes,X,,Flex Asset EOL and Site Risk Evaluation Tool Ver 3.0 3.6.25.xlsx,Entry- Site SPOF Data,91,259,262,Valid
TPA03,6.0599999999999987,Yes,X,,Flex Asset EOL and Site Risk Evaluation Tool Ver 3.0 3.6.25.xlsx,Entry- Site SPOF Data,91,263,266,Valid
TPA04,6.0599999999999987,Yes,X,,Flex Asset EOL and Site Risk Evaluation Tool Ver 3.0 3.6.25.xlsx,Entry- Site SPOF Data,91,267,270,Valid
